quality,video,frame_index,mask_threshold,roi_present,liver_present,liver_roi_ratio,liver_ratio_ok,raw_la_area_px,la_area_px,la_present,la_area_ok,la_std,la_std_ok,glcm_entropy,la_entropy_ok,border_evidence,base_lumen_rule,raw_capture,decision
clear,20260501_135548_PACIENTE 003_202605020016-converted.mp4,0,0.1,1,1,0.47987205621571455,1,0,0,0,0,,0,,0,0,0,0,liver_without_reference
clear,20260501_135548_PACIENTE 003_202605020016-converted.mp4,0,0.2,1,1,0.4728667026892223,1,0,0,0,0,,0,,0,0,0,0,liver_without_reference
clear,20260501_135548_PACIENTE 003_202605020016-converted.mp4,0,0.3,1,1,0.4683257824254878,1,0,0,0,0,,0,,0,0,0,0,liver_without_reference
clear,20260501_135548_PACIENTE 003_202605020016-converted.mp4,0,0.4,1,1,0.46430241100647834,1,0,0,0,0,,0,,0,0,0,0,liver_without_reference
clear,20260501_135548_PACIENTE 003_202605020016-converted.mp4,0,0.5,1,1,0.46032316428562475,1,0,0,0,0,,0,,0,0,0,0,liver_without_reference
clear,20260501_135548_PACIENTE 003_202605020016-converted.mp4,0,0.6,1,1,0.45643207335642455,1,0,0,0,0,,0,,0,0,0,0,liver_without_reference
clear,20260501_135548_PACIENTE 003_202605020016-converted.mp4,0,0.7,1,1,0.4518552032407931,1,0,0,0,0,,0,,0,0,0,0,liver_without_reference
clear,20260501_135548_PACIENTE 003_202605020016-converted.mp4,0,0.8,1,1,0.4464051683580886,1,0,0,0,0,,0,,0,0,0,0,liver_without_reference
clear,20260501_135548_PACIENTE 003_202605020016-converted.mp4,0,0.9,1,1,0.43758482041253277,1,0,0,0,0,,0,,0,0,0,0,liver_without_reference
clear,20260501_135548_PACIENTE 003_202605020016-converted.mp4,1,0.1,1,1,0.47956499223200416,1,0,0,0,0,,0,,0,0,0,0,liver_without_reference
clear,20260501_135548_PACIENTE 003_202605020016-converted.mp4,1,0.2,1,1,0.4725828706320444,1,0,0,0,0,,0,,0,0,0,0,liver_without_reference
clear,20260501_135548_PACIENTE 003_202605020016-converted.mp4,1,0.3,1,1,0.46812811269249205,1,0,0,0,0,,0,,0,0,0,0,liver_without_reference
clear,20260501_135548_PACIENTE 003_202605020016-converted.mp4,1,0.4,1,1,0.4640475137106939,1,0,0,0,0,,0,,0,0,0,0,liver_without_reference
clear,20260501_135548_PACIENTE 003_202605020016-converted.mp4,1,0.5,1,1,0.46016745212072596,1,0,0,0,0,,0,,0,0,0,0,liver_without_reference
clear,20260501_135548_PACIENTE 003_202605020016-converted.mp4,1,0.6,1,1,0.4562041200460107,1,0,0,0,0,,0,,0,0,0,0,liver_without_reference
clear,20260501_135548_PACIENTE 003_202605020016-converted.mp4,1,0.7,1,1,0.45175600274794325,1,0,0,0,0,,0,,0,0,0,0,liver_without_reference
clear,20260501_135548_PACIENTE 003_202605020016-converted.mp4,1,0.8,1,1,0.44639991935416123,1,0,0,0,0,,0,,0,0,0,0,liver_without_reference
clear,20260501_135548_PACIENTE 003_202605020016-converted.mp4,1,0.9,1,1,0.4375266021332277,1,0,0,0,0,,0,,0,0,0,0,liver_without_reference
clear,20260501_135548_PACIENTE 003_202605020016-converted.mp4,2,0.1,1,1,0.48176842733265113,1,0,0,0,0,,0,,0,0,0,0,liver_without_reference
clear,20260501_135548_PACIENTE 003_202605020016-converted.mp4,2,0.2,1,1,0.47454583993117466,1,0,0,0,0,,0,,0,0,0,0,liver_without_reference
clear,20260501_135548_PACIENTE 003_202605020016-converted.mp4,2,0.3,1,1,0.4701202358873909,1,0,0,0,0,,0,,0,0,0,0,liver_without_reference
clear,20260501_135548_PACIENTE 003_202605020016-converted.mp4,2,0.4,1,1,0.4660434056761269,1,0,0,0,0,,0,,0,0,0,0,liver_without_reference
clear,20260501_135548_PACIENTE 003_202605020016-converted.mp4,2,0.5,1,1,0.462081902422313,1,0,0,0,0,,0,,0,0,0,0,liver_without_reference
clear,20260501_135548_PACIENTE 003_202605020016-converted.mp4,2,0.6,1,1,0.4583322876669929,1,0,0,0,0,,0,,0,0,0,0,liver_without_reference
clear,20260501_135548_PACIENTE 003_202605020016-converted.mp4,2,0.7,1,1,0.4541962509163263,1,0,0,0,0,,0,,0,0,0,0,liver_without_reference
clear,20260501_135548_PACIENTE 003_202605020016-converted.mp4,2,0.8,1,1,0.4489413622636913,1,0,0,0,0,,0,,0,0,0,0,liver_without_reference
clear,20260501_135548_PACIENTE 003_202605020016-converted.mp4,2,0.9,1,1,0.4399504433132185,1,0,0,0,0,,0,,0,0,0,0,liver_without_reference
clear,20260501_135548_PACIENTE 003_202605020016-converted.mp4,3,0.1,1,1,0.4833184205729814,1,0,0,0,0,,0,,0,0,0,0,liver_without_reference
clear,20260501_135548_PACIENTE 003_202605020016-converted.mp4,3,0.2,1,1,0.4760881581626928,1,0,0,0,0,,0,,0,0,0,0,liver_without_reference
clear,20260501_135548_PACIENTE 003_202605020016-converted.mp4,3,0.3,1,1,0.4715495939228016,1,0,0,0,0,,0,,0,0,0,0,liver_without_reference
clear,20260501_135548_PACIENTE 003_202605020016-converted.mp4,3,0.4,1,1,0.46759284375873766,1,0,0,0,0,,0,,0,0,0,0,liver_without_reference
clear,20260501_135548_PACIENTE 003_202605020016-converted.mp4,3,0.5,1,1,0.46364133863037277,1,0,0,0,0,,0,,0,0,0,0,liver_without_reference
clear,20260501_135548_PACIENTE 003_202605020016-converted.mp4,3,0.6,1,1,0.459747809539742,1,0,0,0,0,,0,,0,0,0,0,liver_without_reference
clear,20260501_135548_PACIENTE 003_202605020016-converted.mp4,3,0.7,1,1,0.4557026178010471,1,0,0,0,0,,0,,0,0,0,0,liver_without_reference
clear,20260501_135548_PACIENTE 003_202605020016-converted.mp4,3,0.8,1,1,0.45071014018024375,1,0,0,0,0,,0,,0,0,0,0,liver_without_reference
clear,20260501_135548_PACIENTE 003_202605020016-converted.mp4,3,0.9,1,1,0.4417899127796739,1,0,0,0,0,,0,,0,0,0,0,liver_without_reference
clear,20260501_135548_PACIENTE 003_202605020016-converted.mp4,4,0.1,1,1,0.4830301699675641,1,0,0,0,0,,0,,0,0,0,0,liver_without_reference
clear,20260501_135548_PACIENTE 003_202605020016-converted.mp4,4,0.2,1,1,0.475856222025509,1,0,0,0,0,,0,,0,0,0,0,liver_without_reference
clear,20260501_135548_PACIENTE 003_202605020016-converted.mp4,4,0.3,1,1,0.4713802328585597,1,0,0,0,0,,0,,0,0,0,0,liver_without_reference
clear,20260501_135548_PACIENTE 003_202605020016-converted.mp4,4,0.4,1,1,0.46731546088872566,1,0,0,0,0,,0,,0,0,0,0,liver_without_reference
clear,20260501_135548_PACIENTE 003_202605020016-converted.mp4,4,0.5,1,1,0.46343052886623776,1,0,0,0,0,,0,,0,0,0,0,liver_without_reference
clear,20260501_135548_PACIENTE 003_202605020016-converted.mp4,4,0.6,1,1,0.45956480463048544,1,0,0,0,0,,0,,0,0,0,0,liver_without_reference
clear,20260501_135548_PACIENTE 003_202605020016-converted.mp4,4,0.7,1,1,0.45553698654235203,1,0,0,0,0,,0,,0,0,0,0,liver_without_reference
clear,20260501_135548_PACIENTE 003_202605020016-converted.mp4,4,0.8,1,1,0.45045881191861076,1,0,0,0,0,,0,,0,0,0,0,liver_without_reference
clear,20260501_135548_PACIENTE 003_202605020016-converted.mp4,4,0.9,1,1,0.4415268127636086,1,0,0,0,0,,0,,0,0,0,0,liver_without_reference
clear,20260501_135548_PACIENTE 003_202605020016-converted.mp4,5,0.1,1,1,0.48123985154256554,1,0,0,0,0,,0,,0,0,0,0,liver_without_reference
clear,20260501_135548_PACIENTE 003_202605020016-converted.mp4,5,0.2,1,1,0.47444879370382376,1,0,0,0,0,,0,,0,0,0,0,liver_without_reference
clear,20260501_135548_PACIENTE 003_202605020016-converted.mp4,5,0.3,1,1,0.47000879214290775,1,0,0,0,0,,0,,0,0,0,0,liver_without_reference
clear,20260501_135548_PACIENTE 003_202605020016-converted.mp4,5,0.4,1,1,0.4660510569404224,1,0,0,0,0,,0,,0,0,0,0,liver_without_reference
clear,20260501_135548_PACIENTE 003_202605020016-converted.mp4,5,0.5,1,1,0.46211140166927056,1,0,0,0,0,,0,,0,0,0,0,liver_without_reference
clear,20260501_135548_PACIENTE 003_202605020016-converted.mp4,5,0.6,1,1,0.4582340099867011,1,0,0,0,0,,0,,0,0,0,0,liver_without_reference
clear,20260501_135548_PACIENTE 003_202605020016-converted.mp4,5,0.7,1,1,0.4542004875229312,1,0,0,0,0,,0,,0,0,0,0,liver_without_reference
clear,20260501_135548_PACIENTE 003_202605020016-converted.mp4,5,0.8,1,1,0.4491202284466468,1,0,0,0,0,,0,,0,0,0,0,liver_without_reference
clear,20260501_135548_PACIENTE 003_202605020016-converted.mp4,5,0.9,1,1,0.43955710602153797,1,0,0,0,0,,0,,0,0,0,0,liver_without_reference
clear,20260501_135548_PACIENTE 003_202605020016-converted.mp4,6,0.1,1,1,0.48069562047424147,1,0,0,0,0,,0,,0,0,0,0,liver_without_reference
clear,20260501_135548_PACIENTE 003_202605020016-converted.mp4,6,0.2,1,1,0.47392,1,0,0,0,0,,0,,0,0,0,0,liver_without_reference
clear,20260501_135548_PACIENTE 003_202605020016-converted.mp4,6,0.3,1,1,0.4695088662457544,1,0,0,0,0,,0,,0,0,0,0,liver_without_reference
clear,20260501_135548_PACIENTE 003_202605020016-converted.mp4,6,0.4,1,1,0.465433922579999,1,0,0,0,0,,0,,0,0,0,0,liver_without_reference
clear,20260501_135548_PACIENTE 003_202605020016-converted.mp4,6,0.5,1,1,0.4615236790214231,1,0,0,0,0,,0,,0,0,0,0,liver_without_reference
clear,20260501_135548_PACIENTE 003_202605020016-converted.mp4,6,0.6,1,1,0.4576115233084342,1,0,0,0,0,,0,,0,0,0,0,liver_without_reference
clear,20260501_135548_PACIENTE 003_202605020016-converted.mp4,6,0.7,1,1,0.4535519812348161,1,0,0,0,0,,0,,0,0,0,0,liver_without_reference
clear,20260501_135548_PACIENTE 003_202605020016-converted.mp4,6,0.8,1,1,0.44845977783843943,1,0,0,0,0,,0,,0,0,0,0,liver_without_reference
clear,20260501_135548_PACIENTE 003_202605020016-converted.mp4,6,0.9,1,1,0.43852396844660196,1,0,0,0,0,,0,,0,0,0,0,liver_without_reference
clear,20260501_135548_PACIENTE 003_202605020016-converted.mp4,7,0.1,1,1,0.48174230028375553,1,0,0,0,0,,0,,0,0,0,0,liver_without_reference
clear,20260501_135548_PACIENTE 003_202605020016-converted.mp4,7,0.2,1,1,0.4749448366708359,1,0,0,0,0,,0,,0,0,0,0,liver_without_reference
clear,20260501_135548_PACIENTE 003_202605020016-converted.mp4,7,0.3,1,1,0.470418614729438,1,0,0,0,0,,0,,0,0,0,0,liver_without_reference
clear,20260501_135548_PACIENTE 003_202605020016-converted.mp4,7,0.4,1,1,0.46623992789394403,1,0,0,0,0,,0,,0,0,0,0,liver_without_reference
clear,20260501_135548_PACIENTE 003_202605020016-converted.mp4,7,0.5,1,1,0.46245133586191917,1,0,0,0,0,,0,,0,0,0,0,liver_without_reference
clear,20260501_135548_PACIENTE 003_202605020016-converted.mp4,7,0.6,1,1,0.4584866836188437,1,0,0,0,0,,0,,0,0,0,0,liver_without_reference
clear,20260501_135548_PACIENTE 003_202605020016-converted.mp4,7,0.7,1,1,0.4542579880467242,1,0,0,0,0,,0,,0,0,0,0,liver_without_reference
clear,20260501_135548_PACIENTE 003_202605020016-converted.mp4,7,0.8,1,1,0.44925400084825123,1,0,0,0,0,,0,,0,0,0,0,liver_without_reference
clear,20260501_135548_PACIENTE 003_202605020016-converted.mp4,7,0.9,1,1,0.43915141045357825,1,0,0,0,0,,0,,0,0,0,0,liver_without_reference
clear,20260501_135548_PACIENTE 003_202605020016-converted.mp4,8,0.1,1,1,0.4825470603831113,1,0,0,0,0,,0,,0,0,0,0,liver_without_reference
clear,20260501_135548_PACIENTE 003_202605020016-converted.mp4,8,0.2,1,1,0.4756458423379991,1,0,0,0,0,,0,,0,0,0,0,liver_without_reference
clear,20260501_135548_PACIENTE 003_202605020016-converted.mp4,8,0.3,1,1,0.4712287778898326,1,0,0,0,0,,0,,0,0,0,0,liver_without_reference
clear,20260501_135548_PACIENTE 003_202605020016-converted.mp4,8,0.4,1,1,0.4670992780536661,1,0,0,0,0,,0,,0,0,0,0,liver_without_reference
clear,20260501_135548_PACIENTE 003_202605020016-converted.mp4,8,0.5,1,1,0.4631596977077424,1,0,0,0,0,,0,,0,0,0,0,liver_without_reference
clear,20260501_135548_PACIENTE 003_202605020016-converted.mp4,8,0.6,1,1,0.45915174836874684,1,0,0,0,0,,0,,0,0,0,0,liver_without_reference
clear,20260501_135548_PACIENTE 003_202605020016-converted.mp4,8,0.7,1,1,0.45494338863919104,1,0,0,0,0,,0,,0,0,0,0,liver_without_reference
clear,20260501_135548_PACIENTE 003_202605020016-converted.mp4,8,0.8,1,1,0.4497738468710234,1,0,0,0,0,,0,,0,0,0,0,liver_without_reference
clear,20260501_135548_PACIENTE 003_202605020016-converted.mp4,8,0.9,1,1,0.43989094065789586,1,0,0,0,0,,0,,0,0,0,0,liver_without_reference
clear,20260501_135548_PACIENTE 003_202605020016-converted.mp4,9,0.1,1,1,0.4823555240734527,1,0,0,0,0,,0,,0,0,0,0,liver_without_reference
clear,20260501_135548_PACIENTE 003_202605020016-converted.mp4,9,0.2,1,1,0.47546583334718506,1,0,0,0,0,,0,,0,0,0,0,liver_without_reference
clear,20260501_135548_PACIENTE 003_202605020016-converted.mp4,9,0.3,1,1,0.4710500327106503,1,0,0,0,0,,0,,0,0,0,0,liver_without_reference
clear,20260501_135548_PACIENTE 003_202605020016-converted.mp4,9,0.4,1,1,0.4670191412916929,1,0,0,0,0,,0,,0,0,0,0,liver_without_reference
clear,20260501_135548_PACIENTE 003_202605020016-converted.mp4,9,0.5,1,1,0.46311651746738575,1,0,0,0,0,,0,,0,0,0,0,liver_without_reference
clear,20260501_135548_PACIENTE 003_202605020016-converted.mp4,9,0.6,1,1,0.4590542388617743,1,0,0,0,0,,0,,0,0,0,0,liver_without_reference
clear,20260501_135548_PACIENTE 003_202605020016-converted.mp4,9,0.7,1,1,0.4548115945670884,1,0,0,0,0,,0,,0,0,0,0,liver_without_reference
clear,20260501_135548_PACIENTE 003_202605020016-converted.mp4,9,0.8,1,1,0.4497186292625567,1,0,0,0,0,,0,,0,0,0,0,liver_without_reference
clear,20260501_135548_PACIENTE 003_202605020016-converted.mp4,9,0.9,1,1,0.43954006716131777,1,0,0,0,0,,0,,0,0,0,0,liver_without_reference
clear,20260501_135548_PACIENTE 003_202605020016-converted.mp4,10,0.1,1,1,0.4841381938375257,1,0,0,0,0,,0,,0,0,0,0,liver_without_reference
clear,20260501_135548_PACIENTE 003_202605020016-converted.mp4,10,0.2,1,1,0.4772054912910517,1,0,0,0,0,,0,,0,0,0,0,liver_without_reference
clear,20260501_135548_PACIENTE 003_202605020016-converted.mp4,10,0.3,1,1,0.4727785578281176,1,0,0,0,0,,0,,0,0,0,0,liver_without_reference
clear,20260501_135548_PACIENTE 003_202605020016-converted.mp4,10,0.4,1,1,0.46871010005758107,1,0,0,0,0,,0,,0,0,0,0,liver_without_reference
clear,20260501_135548_PACIENTE 003_202605020016-converted.mp4,10,0.5,1,1,0.4647750246445339,1,0,0,0,0,,0,,0,0,0,0,liver_without_reference
clear,20260501_135548_PACIENTE 003_202605020016-converted.mp4,10,0.6,1,1,0.46071334479167975,1,0,0,0,0,,0,,0,0,0,0,liver_without_reference
clear,20260501_135548_PACIENTE 003_202605020016-converted.mp4,10,0.7,1,1,0.4564681148677229,1,0,0,0,0,,0,,0,0,0,0,liver_without_reference
clear,20260501_135548_PACIENTE 003_202605020016-converted.mp4,10,0.8,1,1,0.4513249065636417,1,0,0,0,0,,0,,0,0,0,0,liver_without_reference
clear,20260501_135548_PACIENTE 003_202605020016-converted.mp4,10,0.9,1,1,0.4425243291064583,1,0,0,0,0,,0,,0,0,0,0,liver_without_reference
clear,20260501_135548_PACIENTE 003_202605020016-converted.mp4,11,0.1,1,1,0.4841809641368912,1,0,0,0,0,,0,,0,0,0,0,liver_without_reference
clear,20260501_135548_PACIENTE 003_202605020016-converted.mp4,11,0.2,1,1,0.4772330629612393,1,0,0,0,0,,0,,0,0,0,0,liver_without_reference
clear,20260501_135548_PACIENTE 003_202605020016-converted.mp4,11,0.3,1,1,0.4727487114959147,1,0,0,0,0,,0,,0,0,0,0,liver_without_reference
clear,20260501_135548_PACIENTE 003_202605020016-converted.mp4,11,0.4,1,1,0.468782207756984,1,0,0,0,0,,0,,0,0,0,0,liver_without_reference
clear,20260501_135548_PACIENTE 003_202605020016-converted.mp4,11,0.5,1,1,0.46484215099036785,1,0,0,0,0,,0,,0,0,0,0,liver_without_reference
clear,20260501_135548_PACIENTE 003_202605020016-converted.mp4,11,0.6,1,1,0.4609764461842149,1,0,0,0,0,,0,,0,0,0,0,liver_without_reference
clear,20260501_135548_PACIENTE 003_202605020016-converted.mp4,11,0.7,1,1,0.45660977908072453,1,0,0,0,0,,0,,0,0,0,0,liver_without_reference
clear,20260501_135548_PACIENTE 003_202605020016-converted.mp4,11,0.8,1,1,0.45153365473450807,1,0,0,0,0,,0,,0,0,0,0,liver_without_reference
clear,20260501_135548_PACIENTE 003_202605020016-converted.mp4,11,0.9,1,1,0.44279713680236943,1,0,0,0,0,,0,,0,0,0,0,liver_without_reference
clear,20260501_135548_PACIENTE 003_202605020016-converted.mp4,12,0.1,1,1,0.48391413137137934,1,0,0,0,0,,0,,0,0,0,0,liver_without_reference
clear,20260501_135548_PACIENTE 003_202605020016-converted.mp4,12,0.2,1,1,0.4769563229854964,1,0,0,0,0,,0,,0,0,0,0,liver_without_reference
clear,20260501_135548_PACIENTE 003_202605020016-converted.mp4,12,0.3,1,1,0.4724312656782592,1,0,0,0,0,,0,,0,0,0,0,liver_without_reference
clear,20260501_135548_PACIENTE 003_202605020016-converted.mp4,12,0.4,1,1,0.46854004790559095,1,0,0,0,0,,0,,0,0,0,0,liver_without_reference
clear,20260501_135548_PACIENTE 003_202605020016-converted.mp4,12,0.5,1,1,0.4646522877946687,1,0,0,0,0,,0,,0,0,0,0,liver_without_reference
clear,20260501_135548_PACIENTE 003_202605020016-converted.mp4,12,0.6,1,1,0.460723502323422,1,0,0,0,0,,0,,0,0,0,0,liver_without_reference
clear,20260501_135548_PACIENTE 003_202605020016-converted.mp4,12,0.7,1,1,0.4564966071877356,1,0,0,0,0,,0,,0,0,0,0,liver_without_reference
clear,20260501_135548_PACIENTE 003_202605020016-converted.mp4,12,0.8,1,1,0.45147796285563085,1,0,0,0,0,,0,,0,0,0,0,liver_without_reference
clear,20260501_135548_PACIENTE 003_202605020016-converted.mp4,12,0.9,1,1,0.4426471269840601,1,0,0,0,0,,0,,0,0,0,0,liver_without_reference
clear,20260501_135548_PACIENTE 003_202605020016-converted.mp4,13,0.1,1,1,0.47911315846161495,1,0,0,0,0,,0,,0,0,0,0,liver_without_reference
clear,20260501_135548_PACIENTE 003_202605020016-converted.mp4,13,0.2,1,1,0.47258907718776233,1,0,0,0,0,,0,,0,0,0,0,liver_without_reference
clear,20260501_135548_PACIENTE 003_202605020016-converted.mp4,13,0.3,1,1,0.46804902136454746,1,0,0,0,0,,0,,0,0,0,0,liver_without_reference
clear,20260501_135548_PACIENTE 003_202605020016-converted.mp4,13,0.4,1,1,0.46390388836495045,1,0,0,0,0,,0,,0,0,0,0,liver_without_reference
clear,20260501_135548_PACIENTE 003_202605020016-converted.mp4,13,0.5,1,1,0.4598234613440499,1,0,0,0,0,,0,,0,0,0,0,liver_without_reference
clear,20260501_135548_PACIENTE 003_202605020016-converted.mp4,13,0.6,1,1,0.45592257697551675,1,0,0,0,0,,0,,0,0,0,0,liver_without_reference
clear,20260501_135548_PACIENTE 003_202605020016-converted.mp4,13,0.7,1,1,0.45158642065802423,1,0,0,0,0,,0,,0,0,0,0,liver_without_reference
clear,20260501_135548_PACIENTE 003_202605020016-converted.mp4,13,0.8,1,1,0.4465126436878158,1,0,0,0,0,,0,,0,0,0,0,liver_without_reference
clear,20260501_135548_PACIENTE 003_202605020016-converted.mp4,13,0.9,1,1,0.43818255359309694,1,0,0,0,0,,0,,0,0,0,0,liver_without_reference
clear,20260501_135548_PACIENTE 003_202605020016-converted.mp4,14,0.1,1,1,0.4791199777964648,1,0,0,0,0,,0,,0,0,0,0,liver_without_reference
clear,20260501_135548_PACIENTE 003_202605020016-converted.mp4,14,0.2,1,1,0.4724963742670617,1,0,0,0,0,,0,,0,0,0,0,liver_without_reference
clear,20260501_135548_PACIENTE 003_202605020016-converted.mp4,14,0.3,1,1,0.467958147035415,1,0,0,0,0,,0,,0,0,0,0,liver_without_reference
clear,20260501_135548_PACIENTE 003_202605020016-converted.mp4,14,0.4,1,1,0.46377126070337665,1,0,0,0,0,,0,,0,0,0,0,liver_without_reference
clear,20260501_135548_PACIENTE 003_202605020016-converted.mp4,14,0.5,1,1,0.45978226358972646,1,0,0,0,0,,0,,0,0,0,0,liver_without_reference
clear,20260501_135548_PACIENTE 003_202605020016-converted.mp4,14,0.6,1,1,0.4558088570484591,1,0,0,0,0,,0,,0,0,0,0,liver_without_reference
clear,20260501_135548_PACIENTE 003_202605020016-converted.mp4,14,0.7,1,1,0.4516066881115132,1,0,0,0,0,,0,,0,0,0,0,liver_without_reference
clear,20260501_135548_PACIENTE 003_202605020016-converted.mp4,14,0.8,1,1,0.446836926255843,1,0,0,0,0,,0,,0,0,0,0,liver_without_reference
clear,20260501_135548_PACIENTE 003_202605020016-converted.mp4,14,0.9,1,1,0.4385725420800944,1,0,0,0,0,,0,,0,0,0,0,liver_without_reference
clear,20260501_135548_PACIENTE 003_202605020016-converted.mp4,15,0.1,1,1,0.47968880750971443,1,0,0,0,0,,0,,0,0,0,0,liver_without_reference
clear,20260501_135548_PACIENTE 003_202605020016-converted.mp4,15,0.2,1,1,0.47299779726528407,1,0,0,0,0,,0,,0,0,0,0,liver_without_reference
clear,20260501_135548_PACIENTE 003_202605020016-converted.mp4,15,0.3,1,1,0.46829550853037516,1,0,0,0,0,,0,,0,0,0,0,liver_without_reference
clear,20260501_135548_PACIENTE 003_202605020016-converted.mp4,15,0.4,1,1,0.4642129776471963,1,0,0,0,0,,0,,0,0,0,0,liver_without_reference
clear,20260501_135548_PACIENTE 003_202605020016-converted.mp4,15,0.5,1,1,0.46011765000793803,1,0,0,0,0,,0,,0,0,0,0,liver_without_reference
clear,20260501_135548_PACIENTE 003_202605020016-converted.mp4,15,0.6,1,1,0.4562185766750044,1,0,0,0,0,,0,,0,0,0,0,liver_without_reference
clear,20260501_135548_PACIENTE 003_202605020016-converted.mp4,15,0.7,1,1,0.4519566692638299,1,0,0,0,0,,0,,0,0,0,0,liver_without_reference
clear,20260501_135548_PACIENTE 003_202605020016-converted.mp4,15,0.8,1,1,0.4469813428761036,1,0,0,0,0,,0,,0,0,0,0,liver_without_reference
clear,20260501_135548_PACIENTE 003_202605020016-converted.mp4,15,0.9,1,1,0.4386724873164894,1,0,0,0,0,,0,,0,0,0,0,liver_without_reference
clear,20260501_135548_PACIENTE 003_202605020016-converted.mp4,16,0.1,1,1,0.4796828132509156,1,0,0,0,0,,0,,0,0,0,0,liver_without_reference
clear,20260501_135548_PACIENTE 003_202605020016-converted.mp4,16,0.2,1,1,0.47299538251173073,1,0,0,0,0,,0,,0,0,0,0,liver_without_reference
clear,20260501_135548_PACIENTE 003_202605020016-converted.mp4,16,0.3,1,1,0.4683586505803171,1,0,0,0,0,,0,,0,0,0,0,liver_without_reference
clear,20260501_135548_PACIENTE 003_202605020016-converted.mp4,16,0.4,1,1,0.46423712260961747,1,0,0,0,0,,0,,0,0,0,0,liver_without_reference
clear,20260501_135548_PACIENTE 003_202605020016-converted.mp4,16,0.5,1,1,0.4602943818440854,1,0,0,0,0,,0,,0,0,0,0,liver_without_reference
clear,20260501_135548_PACIENTE 003_202605020016-converted.mp4,16,0.6,1,1,0.4564244361153872,1,0,0,0,0,,0,,0,0,0,0,liver_without_reference
clear,20260501_135548_PACIENTE 003_202605020016-converted.mp4,16,0.7,1,1,0.45210885265680245,1,0,0,0,0,,0,,0,0,0,0,liver_without_reference
clear,20260501_135548_PACIENTE 003_202605020016-converted.mp4,16,0.8,1,1,0.44722041373516747,1,0,0,0,0,,0,,0,0,0,0,liver_without_reference
clear,20260501_135548_PACIENTE 003_202605020016-converted.mp4,16,0.9,1,1,0.4389335333555268,1,0,0,0,0,,0,,0,0,0,0,liver_without_reference
clear,20260501_135548_PACIENTE 003_202605020016-converted.mp4,17,0.1,1,1,0.48069163787603875,1,0,0,0,0,,0,,0,0,0,0,liver_without_reference
clear,20260501_135548_PACIENTE 003_202605020016-converted.mp4,17,0.2,1,1,0.47404399970079536,1,0,0,0,0,,0,,0,0,0,0,liver_without_reference
clear,20260501_135548_PACIENTE 003_202605020016-converted.mp4,17,0.3,1,1,0.4695374255676444,1,0,0,0,0,,0,,0,0,0,0,liver_without_reference
clear,20260501_135548_PACIENTE 003_202605020016-converted.mp4,17,0.4,1,1,0.46548874941577084,1,0,0,0,0,,0,,0,0,0,0,liver_without_reference
clear,20260501_135548_PACIENTE 003_202605020016-converted.mp4,17,0.5,1,1,0.4615063268400891,1,0,0,0,0,,0,,0,0,0,0,liver_without_reference
clear,20260501_135548_PACIENTE 003_202605020016-converted.mp4,17,0.6,1,1,0.457607836412382,1,0,0,0,0,,0,,0,0,0,0,liver_without_reference
clear,20260501_135548_PACIENTE 003_202605020016-converted.mp4,17,0.7,1,1,0.4533300384082161,1,0,0,0,0,,0,,0,0,0,0,liver_without_reference
clear,20260501_135548_PACIENTE 003_202605020016-converted.mp4,17,0.8,1,1,0.44841184845468635,1,0,0,0,0,,0,,0,0,0,0,liver_without_reference
clear,20260501_135548_PACIENTE 003_202605020016-converted.mp4,17,0.9,1,1,0.440078535796144,1,0,0,0,0,,0,,0,0,0,0,liver_without_reference
clear,20260501_135548_PACIENTE 003_202605020016-converted.mp4,18,0.1,1,1,0.4832029890809073,1,0,0,0,0,,0,,0,0,0,0,liver_without_reference
clear,20260501_135548_PACIENTE 003_202605020016-converted.mp4,18,0.2,1,1,0.4762324272885561,1,0,0,0,0,,0,,0,0,0,0,liver_without_reference
clear,20260501_135548_PACIENTE 003_202605020016-converted.mp4,18,0.3,1,1,0.4717343567050431,1,0,0,0,0,,0,,0,0,0,0,liver_without_reference
clear,20260501_135548_PACIENTE 003_202605020016-converted.mp4,18,0.4,1,1,0.46783144998414317,1,0,0,0,0,,0,,0,0,0,0,liver_without_reference
clear,20260501_135548_PACIENTE 003_202605020016-converted.mp4,18,0.5,1,1,0.46397316524013016,1,0,0,0,0,,0,,0,0,0,0,liver_without_reference
clear,20260501_135548_PACIENTE 003_202605020016-converted.mp4,18,0.6,1,1,0.4601811733609917,1,0,0,0,0,,0,,0,0,0,0,liver_without_reference
clear,20260501_135548_PACIENTE 003_202605020016-converted.mp4,18,0.7,1,1,0.45606275731798745,1,0,0,0,0,,0,,0,0,0,0,liver_without_reference
clear,20260501_135548_PACIENTE 003_202605020016-converted.mp4,18,0.8,1,1,0.45098014513202983,1,0,0,0,0,,0,,0,0,0,0,liver_without_reference
clear,20260501_135548_PACIENTE 003_202605020016-converted.mp4,18,0.9,1,1,0.4421383488805184,1,0,0,0,0,,0,,0,0,0,0,liver_without_reference
clear,20260501_135548_PACIENTE 003_202605020016-converted.mp4,19,0.1,1,1,0.48627983747043696,1,0,0,0,0,,0,,0,0,0,0,liver_without_reference
clear,20260501_135548_PACIENTE 003_202605020016-converted.mp4,19,0.2,1,1,0.4787558480625566,1,0,0,0,0,,0,,0,0,0,0,liver_without_reference
clear,20260501_135548_PACIENTE 003_202605020016-converted.mp4,19,0.3,1,1,0.4742815714803565,1,0,0,0,0,,0,,0,0,0,0,liver_without_reference
clear,20260501_135548_PACIENTE 003_202605020016-converted.mp4,19,0.4,1,1,0.47045692565100744,1,0,0,0,0,,0,,0,0,0,0,liver_without_reference
clear,20260501_135548_PACIENTE 003_202605020016-converted.mp4,19,0.5,1,1,0.46663854173628283,1,0,0,0,0,,0,,0,0,0,0,liver_without_reference
clear,20260501_135548_PACIENTE 003_202605020016-converted.mp4,19,0.6,1,1,0.46287754922827956,1,0,0,0,0,,0,,0,0,0,0,liver_without_reference
clear,20260501_135548_PACIENTE 003_202605020016-converted.mp4,19,0.7,1,1,0.4587404153388081,1,0,0,0,0,,0,,0,0,0,0,liver_without_reference
clear,20260501_135548_PACIENTE 003_202605020016-converted.mp4,19,0.8,1,1,0.4537468611691987,1,0,0,0,0,,0,,0,0,0,0,liver_without_reference
clear,20260501_135548_PACIENTE 003_202605020016-converted.mp4,19,0.9,1,1,0.44460874144286466,1,0,0,0,0,,0,,0,0,0,0,liver_without_reference
clear,20260501_135548_PACIENTE 003_202605020016-converted.mp4,20,0.1,1,1,0.48610932768897486,1,0,0,0,0,,0,,0,0,0,0,liver_without_reference
clear,20260501_135548_PACIENTE 003_202605020016-converted.mp4,20,0.2,1,1,0.47871142523548943,1,0,0,0,0,,0,,0,0,0,0,liver_without_reference
clear,20260501_135548_PACIENTE 003_202605020016-converted.mp4,20,0.3,1,1,0.4741693265440484,1,0,0,0,0,,0,,0,0,0,0,liver_without_reference
clear,20260501_135548_PACIENTE 003_202605020016-converted.mp4,20,0.4,1,1,0.4703361540900973,1,0,0,0,0,,0,,0,0,0,0,liver_without_reference
clear,20260501_135548_PACIENTE 003_202605020016-converted.mp4,20,0.5,1,1,0.4665135027882788,1,0,0,0,0,,0,,0,0,0,0,liver_without_reference
clear,20260501_135548_PACIENTE 003_202605020016-converted.mp4,20,0.6,1,1,0.4626720864488717,1,0,0,0,0,,0,,0,0,0,0,liver_without_reference
clear,20260501_135548_PACIENTE 003_202605020016-converted.mp4,20,0.7,1,1,0.4584996293674957,1,0,0,0,0,,0,,0,0,0,0,liver_without_reference
clear,20260501_135548_PACIENTE 003_202605020016-converted.mp4,20,0.8,1,1,0.453416644621089,1,0,0,0,0,,0,,0,0,0,0,liver_without_reference
clear,20260501_135548_PACIENTE 003_202605020016-converted.mp4,20,0.9,1,1,0.44438171714575814,1,0,0,0,0,,0,,0,0,0,0,liver_without_reference
clear,20260501_135548_PACIENTE 003_202605020016-converted.mp4,21,0.1,1,1,0.48449636487914,1,0,0,0,0,,0,,0,0,0,0,liver_without_reference
clear,20260501_135548_PACIENTE 003_202605020016-converted.mp4,21,0.2,1,1,0.4772559156228962,1,0,0,0,0,,0,,0,0,0,0,liver_without_reference
clear,20260501_135548_PACIENTE 003_202605020016-converted.mp4,21,0.3,1,1,0.47286812014534785,1,0,0,0,0,,0,,0,0,0,0,liver_without_reference
clear,20260501_135548_PACIENTE 003_202605020016-converted.mp4,21,0.4,1,1,0.46895656673566133,1,0,0,0,0,,0,,0,0,0,0,liver_without_reference
clear,20260501_135548_PACIENTE 003_202605020016-converted.mp4,21,0.5,1,1,0.46529706878762184,1,0,0,0,0,,0,,0,0,0,0,liver_without_reference
clear,20260501_135548_PACIENTE 003_202605020016-converted.mp4,21,0.6,1,1,0.46152655792555414,1,0,0,0,0,,0,,0,0,0,0,liver_without_reference
clear,20260501_135548_PACIENTE 003_202605020016-converted.mp4,21,0.7,1,1,0.45732677745761574,1,0,0,0,0,,0,,0,0,0,0,liver_without_reference
clear,20260501_135548_PACIENTE 003_202605020016-converted.mp4,21,0.8,1,1,0.45233805774278213,1,0,0,0,0,,0,,0,0,0,0,liver_without_reference
clear,20260501_135548_PACIENTE 003_202605020016-converted.mp4,21,0.9,1,1,0.4436322116093586,1,0,0,0,0,,0,,0,0,0,0,liver_without_reference
clear,20260501_135548_PACIENTE 003_202605020016-converted.mp4,22,0.1,1,1,0.4840301252734142,1,0,0,0,0,,0,,0,0,0,0,liver_without_reference
clear,20260501_135548_PACIENTE 003_202605020016-converted.mp4,22,0.2,1,1,0.4767902855813026,1,0,0,0,0,,0,,0,0,0,0,liver_without_reference
clear,20260501_135548_PACIENTE 003_202605020016-converted.mp4,22,0.3,1,1,0.4726068783884585,1,0,0,0,0,,0,,0,0,0,0,liver_without_reference
clear,20260501_135548_PACIENTE 003_202605020016-converted.mp4,22,0.4,1,1,0.46881846978252434,1,0,0,0,0,,0,,0,0,0,0,liver_without_reference
clear,20260501_135548_PACIENTE 003_202605020016-converted.mp4,22,0.5,1,1,0.465087036982885,1,0,0,0,0,,0,,0,0,0,0,liver_without_reference
clear,20260501_135548_PACIENTE 003_202605020016-converted.mp4,22,0.6,1,1,0.4614548131294543,1,0,0,0,0,,0,,0,0,0,0,liver_without_reference
clear,20260501_135548_PACIENTE 003_202605020016-converted.mp4,22,0.7,1,1,0.4573410288414016,1,0,0,0,0,,0,,0,0,0,0,liver_without_reference
clear,20260501_135548_PACIENTE 003_202605020016-converted.mp4,22,0.8,1,1,0.4522630582049247,1,0,0,0,0,,0,,0,0,0,0,liver_without_reference
clear,20260501_135548_PACIENTE 003_202605020016-converted.mp4,22,0.9,1,1,0.4435947348906192,1,0,0,0,0,,0,,0,0,0,0,liver_without_reference
clear,20260501_135548_PACIENTE 003_202605020016-converted.mp4,23,0.1,1,1,0.48395542483118603,1,0,0,0,0,,0,,0,0,0,0,liver_without_reference
clear,20260501_135548_PACIENTE 003_202605020016-converted.mp4,23,0.2,1,1,0.47699448964835145,1,0,0,0,0,,0,,0,0,0,0,liver_without_reference
clear,20260501_135548_PACIENTE 003_202605020016-converted.mp4,23,0.3,1,1,0.47303238280973275,1,0,0,0,0,,0,,0,0,0,0,liver_without_reference
clear,20260501_135548_PACIENTE 003_202605020016-converted.mp4,23,0.4,1,1,0.4692117969627036,1,0,0,0,0,,0,,0,0,0,0,liver_without_reference
clear,20260501_135548_PACIENTE 003_202605020016-converted.mp4,23,0.5,1,1,0.46549484333685603,1,0,0,0,0,,0,,0,0,0,0,liver_without_reference
clear,20260501_135548_PACIENTE 003_202605020016-converted.mp4,23,0.6,1,1,0.4620313251500387,1,0,0,0,0,,0,,0,0,0,0,liver_without_reference
clear,20260501_135548_PACIENTE 003_202605020016-converted.mp4,23,0.7,1,1,0.45793547090159814,1,0,0,0,0,,0,,0,0,0,0,liver_without_reference
clear,20260501_135548_PACIENTE 003_202605020016-converted.mp4,23,0.8,1,1,0.4531161419554783,1,0,0,0,0,,0,,0,0,0,0,liver_without_reference
clear,20260501_135548_PACIENTE 003_202605020016-converted.mp4,23,0.9,1,1,0.44416168799979777,1,0,0,0,0,,0,,0,0,0,0,liver_without_reference
clear,20260501_135548_PACIENTE 003_202605020016-converted.mp4,24,0.1,1,1,0.48435325114336847,1,0,0,0,0,,0,,0,0,0,0,liver_without_reference
clear,20260501_135548_PACIENTE 003_202605020016-converted.mp4,24,0.2,1,1,0.4774014704109919,1,0,0,0,0,,0,,0,0,0,0,liver_without_reference
clear,20260501_135548_PACIENTE 003_202605020016-converted.mp4,24,0.3,1,1,0.4733808692318271,1,0,0,0,0,,0,,0,0,0,0,liver_without_reference
clear,20260501_135548_PACIENTE 003_202605020016-converted.mp4,24,0.4,1,1,0.46965238912051815,1,0,0,0,0,,0,,0,0,0,0,liver_without_reference
clear,20260501_135548_PACIENTE 003_202605020016-converted.mp4,24,0.5,1,1,0.466006600660066,1,0,0,0,0,,0,,0,0,0,0,liver_without_reference
clear,20260501_135548_PACIENTE 003_202605020016-converted.mp4,24,0.6,1,1,0.46247281244771626,1,0,0,0,0,,0,,0,0,0,0,liver_without_reference
clear,20260501_135548_PACIENTE 003_202605020016-converted.mp4,24,0.7,1,1,0.4582919708640672,1,0,0,0,0,,0,,0,0,0,0,liver_without_reference
clear,20260501_135548_PACIENTE 003_202605020016-converted.mp4,24,0.8,1,1,0.45355273878823005,1,0,0,0,0,,0,,0,0,0,0,liver_without_reference
clear,20260501_135548_PACIENTE 003_202605020016-converted.mp4,24,0.9,1,1,0.44452309922300315,1,0,0,0,0,,0,,0,0,0,0,liver_without_reference
clear,20260501_135548_PACIENTE 003_202605020016-converted.mp4,25,0.1,1,1,0.48328113867210154,1,0,0,0,0,,0,,0,0,0,0,liver_without_reference
clear,20260501_135548_PACIENTE 003_202605020016-converted.mp4,25,0.2,1,1,0.47668441153125296,1,0,0,0,0,,0,,0,0,0,0,liver_without_reference
clear,20260501_135548_PACIENTE 003_202605020016-converted.mp4,25,0.3,1,1,0.4727441689899028,1,0,0,0,0,,0,,0,0,0,0,liver_without_reference
clear,20260501_135548_PACIENTE 003_202605020016-converted.mp4,25,0.4,1,1,0.46899386554271166,1,0,0,0,0,,0,,0,0,0,0,liver_without_reference
clear,20260501_135548_PACIENTE 003_202605020016-converted.mp4,25,0.5,1,1,0.46546718411235644,1,0,0,0,0,,0,,0,0,0,0,liver_without_reference
clear,20260501_135548_PACIENTE 003_202605020016-converted.mp4,25,0.6,1,1,0.46182926778268923,1,0,0,0,0,,0,,0,0,0,0,liver_without_reference
clear,20260501_135548_PACIENTE 003_202605020016-converted.mp4,25,0.7,1,1,0.4577665348790458,1,0,0,0,0,,0,,0,0,0,0,liver_without_reference
clear,20260501_135548_PACIENTE 003_202605020016-converted.mp4,25,0.8,1,1,0.45299475503185194,1,0,0,0,0,,0,,0,0,0,0,liver_without_reference
clear,20260501_135548_PACIENTE 003_202605020016-converted.mp4,25,0.9,1,1,0.4444055885128758,1,0,0,0,0,,0,,0,0,0,0,liver_without_reference
clear,20260501_135548_PACIENTE 003_202605020016-converted.mp4,26,0.1,1,1,0.48284918885777256,1,0,0,0,0,,0,,0,0,0,0,liver_without_reference
clear,20260501_135548_PACIENTE 003_202605020016-converted.mp4,26,0.2,1,1,0.4763377179311348,1,0,0,0,0,,0,,0,0,0,0,liver_without_reference
clear,20260501_135548_PACIENTE 003_202605020016-converted.mp4,26,0.3,1,1,0.4723576625909534,1,0,0,0,0,,0,,0,0,0,0,liver_without_reference
clear,20260501_135548_PACIENTE 003_202605020016-converted.mp4,26,0.4,1,1,0.4688295537063159,1,0,0,0,0,,0,,0,0,0,0,liver_without_reference
clear,20260501_135548_PACIENTE 003_202605020016-converted.mp4,26,0.5,1,1,0.46515407239062867,1,0,0,0,0,,0,,0,0,0,0,liver_without_reference
clear,20260501_135548_PACIENTE 003_202605020016-converted.mp4,26,0.6,1,1,0.46166715462796437,1,0,0,0,0,,0,,0,0,0,0,liver_without_reference
clear,20260501_135548_PACIENTE 003_202605020016-converted.mp4,26,0.7,1,1,0.4576313783310575,1,0,0,0,0,,0,,0,0,0,0,liver_without_reference
clear,20260501_135548_PACIENTE 003_202605020016-converted.mp4,26,0.8,1,1,0.45284571966133585,1,0,0,0,0,,0,,0,0,0,0,liver_without_reference
clear,20260501_135548_PACIENTE 003_202605020016-converted.mp4,26,0.9,1,1,0.4444575536294417,1,0,0,0,0,,0,,0,0,0,0,liver_without_reference
clear,20260501_135548_PACIENTE 003_202605020016-converted.mp4,27,0.1,1,1,0.4814142795004039,1,0,0,0,0,,0,,0,0,0,0,liver_without_reference
clear,20260501_135548_PACIENTE 003_202605020016-converted.mp4,27,0.2,1,1,0.4748942324475734,1,0,0,0,0,,0,,0,0,0,0,liver_without_reference
clear,20260501_135548_PACIENTE 003_202605020016-converted.mp4,27,0.3,1,1,0.4707958627472225,1,0,0,0,0,,0,,0,0,0,0,liver_without_reference
clear,20260501_135548_PACIENTE 003_202605020016-converted.mp4,27,0.4,1,1,0.4672467396974439,1,0,0,0,0,,0,,0,0,0,0,liver_without_reference
clear,20260501_135548_PACIENTE 003_202605020016-converted.mp4,27,0.5,1,1,0.46368995149747877,1,0,0,0,0,,0,,0,0,0,0,liver_without_reference
clear,20260501_135548_PACIENTE 003_202605020016-converted.mp4,27,0.6,1,1,0.460059808862586,1,0,0,0,0,,0,,0,0,0,0,liver_without_reference
clear,20260501_135548_PACIENTE 003_202605020016-converted.mp4,27,0.7,1,1,0.4559032329671342,1,0,0,0,0,,0,,0,0,0,0,liver_without_reference
clear,20260501_135548_PACIENTE 003_202605020016-converted.mp4,27,0.8,1,1,0.4509281034772384,1,0,0,0,0,,0,,0,0,0,0,liver_without_reference
clear,20260501_135548_PACIENTE 003_202605020016-converted.mp4,27,0.9,1,1,0.44253060020645923,1,0,0,0,0,,0,,0,0,0,0,liver_without_reference
clear,20260501_135548_PACIENTE 003_202605020016-converted.mp4,28,0.1,1,1,0.4795586931483921,1,0,0,0,0,,0,,0,0,0,0,liver_without_reference
clear,20260501_135548_PACIENTE 003_202605020016-converted.mp4,28,0.2,1,1,0.4730835567192403,1,0,0,0,0,,0,,0,0,0,0,liver_without_reference
clear,20260501_135548_PACIENTE 003_202605020016-converted.mp4,28,0.3,1,1,0.4690791036503286,1,0,0,0,0,,0,,0,0,0,0,liver_without_reference
clear,20260501_135548_PACIENTE 003_202605020016-converted.mp4,28,0.4,1,1,0.4654658665041858,1,0,0,0,0,,0,,0,0,0,0,liver_without_reference
clear,20260501_135548_PACIENTE 003_202605020016-converted.mp4,28,0.5,1,1,0.46183218863321135,1,0,0,0,0,,0,,0,0,0,0,liver_without_reference
clear,20260501_135548_PACIENTE 003_202605020016-converted.mp4,28,0.6,1,1,0.45824218570275344,1,0,0,0,0,,0,,0,0,0,0,liver_without_reference
clear,20260501_135548_PACIENTE 003_202605020016-converted.mp4,28,0.7,1,1,0.4540550049844602,1,0,0,0,0,,0,,0,0,0,0,liver_without_reference
clear,20260501_135548_PACIENTE 003_202605020016-converted.mp4,28,0.8,1,1,0.44918589073255133,1,0,0,0,0,,0,,0,0,0,0,liver_without_reference
clear,20260501_135548_PACIENTE 003_202605020016-converted.mp4,28,0.9,1,1,0.4409263675973605,1,0,0,0,0,,0,,0,0,0,0,liver_without_reference
clear,20260501_135548_PACIENTE 003_202605020016-converted.mp4,29,0.1,1,1,0.47703377824174187,1,0,0,0,0,,0,,0,0,0,0,liver_without_reference
clear,20260501_135548_PACIENTE 003_202605020016-converted.mp4,29,0.2,1,1,0.47046307416750127,1,0,0,0,0,,0,,0,0,0,0,liver_without_reference
clear,20260501_135548_PACIENTE 003_202605020016-converted.mp4,29,0.3,1,1,0.4663460737085993,1,0,0,0,0,,0,,0,0,0,0,liver_without_reference
clear,20260501_135548_PACIENTE 003_202605020016-converted.mp4,29,0.4,1,1,0.4625036511579387,1,0,0,0,0,,0,,0,0,0,0,liver_without_reference
clear,20260501_135548_PACIENTE 003_202605020016-converted.mp4,29,0.5,1,1,0.4588253969580129,1,0,0,0,0,,0,,0,0,0,0,liver_without_reference
clear,20260501_135548_PACIENTE 003_202605020016-converted.mp4,29,0.6,1,1,0.45514236006557596,1,0,0,0,0,,0,,0,0,0,0,liver_without_reference
clear,20260501_135548_PACIENTE 003_202605020016-converted.mp4,29,0.7,1,1,0.4509725084183545,1,0,0,0,0,,0,,0,0,0,0,liver_without_reference
clear,20260501_135548_PACIENTE 003_202605020016-converted.mp4,29,0.8,1,1,0.44587773886607374,1,0,0,0,0,,0,,0,0,0,0,liver_without_reference
clear,20260501_135548_PACIENTE 003_202605020016-converted.mp4,29,0.9,1,1,0.4372851075305063,1,0,0,0,0,,0,,0,0,0,0,liver_without_reference
clear,20260501_135548_PACIENTE 003_202605020016-converted.mp4,30,0.1,1,1,0.47414950204649775,1,0,0,0,0,,0,,0,0,0,0,liver_without_reference
clear,20260501_135548_PACIENTE 003_202605020016-converted.mp4,30,0.2,1,1,0.467605867930017,1,0,0,0,0,,0,,0,0,0,0,liver_without_reference
clear,20260501_135548_PACIENTE 003_202605020016-converted.mp4,30,0.3,1,1,0.46356821089390715,1,0,0,0,0,,0,,0,0,0,0,liver_without_reference
clear,20260501_135548_PACIENTE 003_202605020016-converted.mp4,30,0.4,1,1,0.4596191644653655,1,0,0,0,0,,0,,0,0,0,0,liver_without_reference
clear,20260501_135548_PACIENTE 003_202605020016-converted.mp4,30,0.5,1,1,0.455932791083372,1,0,0,0,0,,0,,0,0,0,0,liver_without_reference
clear,20260501_135548_PACIENTE 003_202605020016-converted.mp4,30,0.6,1,1,0.4521482373705056,1,0,0,0,0,,0,,0,0,0,0,liver_without_reference
clear,20260501_135548_PACIENTE 003_202605020016-converted.mp4,30,0.7,1,1,0.44791234749393743,1,0,0,0,0,,0,,0,0,0,0,liver_without_reference
clear,20260501_135548_PACIENTE 003_202605020016-converted.mp4,30,0.8,1,1,0.4427763336370928,1,0,0,0,0,,0,,0,0,0,0,liver_without_reference
clear,20260501_135548_PACIENTE 003_202605020016-converted.mp4,30,0.9,1,1,0.43343908923522895,1,0,0,0,0,,0,,0,0,0,0,liver_without_reference
clear,20260501_135548_PACIENTE 003_202605020016-converted.mp4,31,0.1,1,1,0.47182675619364006,1,0,0,0,0,,0,,0,0,0,0,liver_without_reference
clear,20260501_135548_PACIENTE 003_202605020016-converted.mp4,31,0.2,1,1,0.4651101914639011,1,0,0,0,0,,0,,0,0,0,0,liver_without_reference
clear,20260501_135548_PACIENTE 003_202605020016-converted.mp4,31,0.3,1,1,0.4609359049678546,1,0,0,0,0,,0,,0,0,0,0,liver_without_reference
clear,20260501_135548_PACIENTE 003_202605020016-converted.mp4,31,0.4,1,1,0.4569716593784424,1,0,0,0,0,,0,,0,0,0,0,liver_without_reference
clear,20260501_135548_PACIENTE 003_202605020016-converted.mp4,31,0.5,1,1,0.453335616810289,1,0,0,0,0,,0,,0,0,0,0,liver_without_reference
clear,20260501_135548_PACIENTE 003_202605020016-converted.mp4,31,0.6,1,1,0.4494902610164672,1,0,0,0,0,,0,,0,0,0,0,liver_without_reference
clear,20260501_135548_PACIENTE 003_202605020016-converted.mp4,31,0.7,1,1,0.44516239803011776,1,0,0,0,0,,0,,0,0,0,0,liver_without_reference
clear,20260501_135548_PACIENTE 003_202605020016-converted.mp4,31,0.8,1,1,0.43976116093923207,1,0,0,0,0,,0,,0,0,0,0,liver_without_reference
clear,20260501_135548_PACIENTE 003_202605020016-converted.mp4,31,0.9,1,1,0.42919192642616705,1,0,0,0,0,,0,,0,0,0,0,liver_without_reference
clear,20260501_135548_PACIENTE 003_202605020016-converted.mp4,32,0.1,1,1,0.4705801934668683,1,0,0,0,0,,0,,0,0,0,0,liver_without_reference
clear,20260501_135548_PACIENTE 003_202605020016-converted.mp4,32,0.2,1,1,0.46401220024018186,1,0,0,0,0,,0,,0,0,0,0,liver_without_reference
clear,20260501_135548_PACIENTE 003_202605020016-converted.mp4,32,0.3,1,1,0.4598194008642423,1,0,0,0,0,,0,,0,0,0,0,liver_without_reference
clear,20260501_135548_PACIENTE 003_202605020016-converted.mp4,32,0.4,1,1,0.45593960865809535,1,0,0,0,0,,0,,0,0,0,0,liver_without_reference
clear,20260501_135548_PACIENTE 003_202605020016-converted.mp4,32,0.5,1,1,0.45215596828500054,1,0,0,0,0,,0,,0,0,0,0,liver_without_reference
clear,20260501_135548_PACIENTE 003_202605020016-converted.mp4,32,0.6,1,1,0.4482908592122981,1,0,0,0,0,,0,,0,0,0,0,liver_without_reference
clear,20260501_135548_PACIENTE 003_202605020016-converted.mp4,32,0.7,1,1,0.443730603800294,1,0,0,0,0,,0,,0,0,0,0,liver_without_reference
clear,20260501_135548_PACIENTE 003_202605020016-converted.mp4,32,0.8,1,1,0.4381432692671087,1,0,0,0,0,,0,,0,0,0,0,liver_without_reference
clear,20260501_135548_PACIENTE 003_202605020016-converted.mp4,32,0.9,1,1,0.4275493909606853,1,0,0,0,0,,0,,0,0,0,0,liver_without_reference
clear,20260501_135548_PACIENTE 003_202605020016-converted.mp4,33,0.1,1,1,0.469022076792445,1,0,0,0,0,,0,,0,0,0,0,liver_without_reference
clear,20260501_135548_PACIENTE 003_202605020016-converted.mp4,33,0.2,1,1,0.4624465035110317,1,0,0,0,0,,0,,0,0,0,0,liver_without_reference
clear,20260501_135548_PACIENTE 003_202605020016-converted.mp4,33,0.3,1,1,0.45824722509249693,1,0,0,0,0,,0,,0,0,0,0,liver_without_reference
clear,20260501_135548_PACIENTE 003_202605020016-converted.mp4,33,0.4,1,1,0.45435276053141066,1,0,0,0,0,,0,,0,0,0,0,liver_without_reference
clear,20260501_135548_PACIENTE 003_202605020016-converted.mp4,33,0.5,1,1,0.4505129147592475,1,0,0,0,0,,0,,0,0,0,0,liver_without_reference
clear,20260501_135548_PACIENTE 003_202605020016-converted.mp4,33,0.6,1,1,0.44635943236078707,1,0,0,0,0,,0,,0,0,0,0,liver_without_reference
clear,20260501_135548_PACIENTE 003_202605020016-converted.mp4,33,0.7,1,1,0.44188539555451334,1,0,0,0,0,,0,,0,0,0,0,liver_without_reference
clear,20260501_135548_PACIENTE 003_202605020016-converted.mp4,33,0.8,1,1,0.43640180539519263,1,0,0,0,0,,0,,0,0,0,0,liver_without_reference
clear,20260501_135548_PACIENTE 003_202605020016-converted.mp4,33,0.9,1,1,0.4273876576079401,1,0,0,0,0,,0,,0,0,0,0,liver_without_reference
clear,20260501_135548_PACIENTE 003_202605020016-converted.mp4,34,0.1,1,1,0.4670309186108165,1,0,0,0,0,,0,,0,0,0,0,liver_without_reference
clear,20260501_135548_PACIENTE 003_202605020016-converted.mp4,34,0.2,1,1,0.46039793221522246,1,0,0,0,0,,0,,0,0,0,0,liver_without_reference
clear,20260501_135548_PACIENTE 003_202605020016-converted.mp4,34,0.3,1,1,0.45622588360793725,1,0,0,0,0,,0,,0,0,0,0,liver_without_reference
clear,20260501_135548_PACIENTE 003_202605020016-converted.mp4,34,0.4,1,1,0.45225138755581523,1,0,0,0,0,,0,,0,0,0,0,liver_without_reference
clear,20260501_135548_PACIENTE 003_202605020016-converted.mp4,34,0.5,1,1,0.4482804713509359,1,0,0,0,0,,0,,0,0,0,0,liver_without_reference
clear,20260501_135548_PACIENTE 003_202605020016-converted.mp4,34,0.6,1,1,0.4442386099901729,1,0,0,0,0,,0,,0,0,0,0,liver_without_reference
clear,20260501_135548_PACIENTE 003_202605020016-converted.mp4,34,0.7,1,1,0.4399135609617181,1,0,0,0,0,,0,,0,0,0,0,liver_without_reference
clear,20260501_135548_PACIENTE 003_202605020016-converted.mp4,34,0.8,1,1,0.434661751059193,1,0,0,0,0,,0,,0,0,0,0,liver_without_reference
clear,20260501_135548_PACIENTE 003_202605020016-converted.mp4,34,0.9,1,1,0.4263847751623137,1,0,0,0,0,,0,,0,0,0,0,liver_without_reference
clear,20260501_135548_PACIENTE 003_202605020016-converted.mp4,35,0.1,1,1,0.46695933073801044,1,0,0,0,0,,0,,0,0,0,0,liver_without_reference
clear,20260501_135548_PACIENTE 003_202605020016-converted.mp4,35,0.2,1,1,0.4601942715647253,1,0,0,0,0,,0,,0,0,0,0,liver_without_reference
clear,20260501_135548_PACIENTE 003_202605020016-converted.mp4,35,0.3,1,1,0.45595660650902364,1,0,0,0,0,,0,,0,0,0,0,liver_without_reference
clear,20260501_135548_PACIENTE 003_202605020016-converted.mp4,35,0.4,1,1,0.4518976832285439,1,0,0,0,0,,0,,0,0,0,0,liver_without_reference
clear,20260501_135548_PACIENTE 003_202605020016-converted.mp4,35,0.5,1,1,0.44794189873206264,1,0,0,0,0,,0,,0,0,0,0,liver_without_reference
clear,20260501_135548_PACIENTE 003_202605020016-converted.mp4,35,0.6,1,1,0.44417545752166876,1,0,0,0,0,,0,,0,0,0,0,liver_without_reference
clear,20260501_135548_PACIENTE 003_202605020016-converted.mp4,35,0.7,1,1,0.44000602954476936,1,0,0,0,0,,0,,0,0,0,0,liver_without_reference
clear,20260501_135548_PACIENTE 003_202605020016-converted.mp4,35,0.8,1,1,0.43509091596098864,1,0,0,0,0,,0,,0,0,0,0,liver_without_reference
clear,20260501_135548_PACIENTE 003_202605020016-converted.mp4,35,0.9,1,1,0.42688294784905245,1,0,0,0,0,,0,,0,0,0,0,liver_without_reference
clear,20260501_135548_PACIENTE 003_202605020016-converted.mp4,36,0.1,1,1,0.46863130863379376,1,0,0,0,0,,0,,0,0,0,0,liver_without_reference
clear,20260501_135548_PACIENTE 003_202605020016-converted.mp4,36,0.2,1,1,0.4618168371544195,1,0,0,0,0,,0,,0,0,0,0,liver_without_reference
clear,20260501_135548_PACIENTE 003_202605020016-converted.mp4,36,0.3,1,1,0.45752295718547403,1,0,0,0,0,,0,,0,0,0,0,liver_without_reference
clear,20260501_135548_PACIENTE 003_202605020016-converted.mp4,36,0.4,1,1,0.45338290024866906,1,0,0,0,0,,0,,0,0,0,0,liver_without_reference
clear,20260501_135548_PACIENTE 003_202605020016-converted.mp4,36,0.5,1,1,0.4495512089582785,1,0,0,0,0,,0,,0,0,0,0,liver_without_reference
clear,20260501_135548_PACIENTE 003_202605020016-converted.mp4,36,0.6,1,1,0.44580993439236627,1,0,0,0,0,,0,,0,0,0,0,liver_without_reference
clear,20260501_135548_PACIENTE 003_202605020016-converted.mp4,36,0.7,1,1,0.4417444830618483,1,0,0,0,0,,0,,0,0,0,0,liver_without_reference
clear,20260501_135548_PACIENTE 003_202605020016-converted.mp4,36,0.8,1,1,0.4370586210081705,1,0,0,0,0,,0,,0,0,0,0,liver_without_reference
clear,20260501_135548_PACIENTE 003_202605020016-converted.mp4,36,0.9,1,1,0.429162383945271,1,0,0,0,0,,0,,0,0,0,0,liver_without_reference
clear,20260501_135548_PACIENTE 003_202605020016-converted.mp4,37,0.1,1,1,0.46947505290052216,1,0,0,0,0,,0,,0,0,0,0,liver_without_reference
clear,20260501_135548_PACIENTE 003_202605020016-converted.mp4,37,0.2,1,1,0.4628582585901052,1,0,0,0,0,,0,,0,0,0,0,liver_without_reference
clear,20260501_135548_PACIENTE 003_202605020016-converted.mp4,37,0.3,1,1,0.458554284119453,1,0,0,0,0,,0,,0,0,0,0,liver_without_reference
clear,20260501_135548_PACIENTE 003_202605020016-converted.mp4,37,0.4,1,1,0.4546304021358251,1,0,0,0,0,,0,,0,0,0,0,liver_without_reference
clear,20260501_135548_PACIENTE 003_202605020016-converted.mp4,37,0.5,1,1,0.45076274831602375,1,0,0,0,0,,0,,0,0,0,0,liver_without_reference
clear,20260501_135548_PACIENTE 003_202605020016-converted.mp4,37,0.6,1,1,0.44702768916890684,1,0,0,0,0,,0,,0,0,0,0,liver_without_reference
clear,20260501_135548_PACIENTE 003_202605020016-converted.mp4,37,0.7,1,1,0.44282699891984223,1,0,0,0,0,,0,,0,0,0,0,liver_without_reference
clear,20260501_135548_PACIENTE 003_202605020016-converted.mp4,37,0.8,1,1,0.4381761167339023,1,0,0,0,0,,0,,0,0,0,0,liver_without_reference
clear,20260501_135548_PACIENTE 003_202605020016-converted.mp4,37,0.9,1,1,0.43019837425767593,1,0,0,0,0,,0,,0,0,0,0,liver_without_reference
clear,20260501_135548_PACIENTE 003_202605020016-converted.mp4,38,0.1,1,1,0.47216792830995014,1,0,0,0,0,,0,,0,0,0,0,liver_without_reference
clear,20260501_135548_PACIENTE 003_202605020016-converted.mp4,38,0.2,1,1,0.4656015420213274,1,0,0,0,0,,0,,0,0,0,0,liver_without_reference
clear,20260501_135548_PACIENTE 003_202605020016-converted.mp4,38,0.3,1,1,0.46137343525442087,1,0,0,0,0,,0,,0,0,0,0,liver_without_reference
clear,20260501_135548_PACIENTE 003_202605020016-converted.mp4,38,0.4,1,1,0.4574672656663872,1,0,0,0,0,,0,,0,0,0,0,liver_without_reference
clear,20260501_135548_PACIENTE 003_202605020016-converted.mp4,38,0.5,1,1,0.45377674034048915,1,0,0,0,0,,0,,0,0,0,0,liver_without_reference
clear,20260501_135548_PACIENTE 003_202605020016-converted.mp4,38,0.6,1,1,0.4500972010284496,1,0,0,0,0,,0,,0,0,0,0,liver_without_reference
clear,20260501_135548_PACIENTE 003_202605020016-converted.mp4,38,0.7,1,1,0.44603494257878407,1,0,0,0,0,,0,,0,0,0,0,liver_without_reference
clear,20260501_135548_PACIENTE 003_202605020016-converted.mp4,38,0.8,1,1,0.4412914167215881,1,0,0,0,0,,0,,0,0,0,0,liver_without_reference
clear,20260501_135548_PACIENTE 003_202605020016-converted.mp4,38,0.9,1,1,0.4332085261947581,1,0,0,0,0,,0,,0,0,0,0,liver_without_reference
clear,20260501_135548_PACIENTE 003_202605020016-converted.mp4,39,0.1,1,1,0.4729068934535171,1,0,0,0,0,,0,,0,0,0,0,liver_without_reference
clear,20260501_135548_PACIENTE 003_202605020016-converted.mp4,39,0.2,1,1,0.4662230363751916,1,0,0,0,0,,0,,0,0,0,0,liver_without_reference
clear,20260501_135548_PACIENTE 003_202605020016-converted.mp4,39,0.3,1,1,0.46214304754923197,1,0,0,0,0,,0,,0,0,0,0,liver_without_reference
clear,20260501_135548_PACIENTE 003_202605020016-converted.mp4,39,0.4,1,1,0.45828953734754824,1,0,0,0,0,,0,,0,0,0,0,liver_without_reference
clear,20260501_135548_PACIENTE 003_202605020016-converted.mp4,39,0.5,1,1,0.4546414911562808,1,0,0,0,0,,0,,0,0,0,0,liver_without_reference
clear,20260501_135548_PACIENTE 003_202605020016-converted.mp4,39,0.6,1,1,0.4511138329313307,1,0,0,0,0,,0,,0,0,0,0,liver_without_reference
clear,20260501_135548_PACIENTE 003_202605020016-converted.mp4,39,0.7,1,1,0.4471446692538588,1,0,0,0,0,,0,,0,0,0,0,liver_without_reference
clear,20260501_135548_PACIENTE 003_202605020016-converted.mp4,39,0.8,1,1,0.4424916573971079,1,0,0,0,0,,0,,0,0,0,0,liver_without_reference
clear,20260501_135548_PACIENTE 003_202605020016-converted.mp4,39,0.9,1,1,0.43435819475034004,1,0,0,0,0,,0,,0,0,0,0,liver_without_reference
clear,20260501_135548_PACIENTE 003_202605020016-converted.mp4,40,0.1,1,1,0.4721167423774996,1,0,0,0,0,,0,,0,0,0,0,liver_without_reference
clear,20260501_135548_PACIENTE 003_202605020016-converted.mp4,40,0.2,1,1,0.46544282289991984,1,0,0,0,0,,0,,0,0,0,0,liver_without_reference
clear,20260501_135548_PACIENTE 003_202605020016-converted.mp4,40,0.3,1,1,0.46123438482782175,1,0,0,0,0,,0,,0,0,0,0,liver_without_reference
clear,20260501_135548_PACIENTE 003_202605020016-converted.mp4,40,0.4,1,1,0.4574352257036422,1,0,0,0,0,,0,,0,0,0,0,liver_without_reference
clear,20260501_135548_PACIENTE 003_202605020016-converted.mp4,40,0.5,1,1,0.45379793618114167,1,0,0,0,0,,0,,0,0,0,0,liver_without_reference
clear,20260501_135548_PACIENTE 003_202605020016-converted.mp4,40,0.6,1,1,0.45015384872656733,1,0,0,0,0,,0,,0,0,0,0,liver_without_reference
clear,20260501_135548_PACIENTE 003_202605020016-converted.mp4,40,0.7,1,1,0.4462904036174845,1,0,0,0,0,,0,,0,0,0,0,liver_without_reference
clear,20260501_135548_PACIENTE 003_202605020016-converted.mp4,40,0.8,1,1,0.44149552484425114,1,0,0,0,0,,0,,0,0,0,0,liver_without_reference
clear,20260501_135548_PACIENTE 003_202605020016-converted.mp4,40,0.9,1,1,0.43345407067346164,1,0,0,0,0,,0,,0,0,0,0,liver_without_reference
clear,20260501_135548_PACIENTE 003_202605020016-converted.mp4,41,0.1,1,1,0.4709629059043265,1,0,0,0,0,,0,,0,0,0,0,liver_without_reference
clear,20260501_135548_PACIENTE 003_202605020016-converted.mp4,41,0.2,1,1,0.46436495076654616,1,0,0,0,0,,0,,0,0,0,0,liver_without_reference
clear,20260501_135548_PACIENTE 003_202605020016-converted.mp4,41,0.3,1,1,0.46006757122682185,1,0,0,0,0,,0,,0,0,0,0,liver_without_reference
clear,20260501_135548_PACIENTE 003_202605020016-converted.mp4,41,0.4,1,1,0.4562693223966656,1,0,0,0,0,,0,,0,0,0,0,liver_without_reference
clear,20260501_135548_PACIENTE 003_202605020016-converted.mp4,41,0.5,1,1,0.45259504587845656,1,0,0,0,0,,0,,0,0,0,0,liver_without_reference
clear,20260501_135548_PACIENTE 003_202605020016-converted.mp4,41,0.6,1,1,0.44888266404665844,1,0,0,0,0,,0,,0,0,0,0,liver_without_reference
clear,20260501_135548_PACIENTE 003_202605020016-converted.mp4,41,0.7,1,1,0.44501624681763363,1,0,0,0,0,,0,,0,0,0,0,liver_without_reference
clear,20260501_135548_PACIENTE 003_202605020016-converted.mp4,41,0.8,1,1,0.44037097837358985,1,0,0,0,0,,0,,0,0,0,0,liver_without_reference
clear,20260501_135548_PACIENTE 003_202605020016-converted.mp4,41,0.9,1,1,0.43214463231143796,1,0,0,0,0,,0,,0,0,0,0,liver_without_reference
clear,20260501_135548_PACIENTE 003_202605020016-converted.mp4,42,0.1,1,1,0.4709232253869379,1,0,0,0,0,,0,,0,0,0,0,liver_without_reference
clear,20260501_135548_PACIENTE 003_202605020016-converted.mp4,42,0.2,1,1,0.4641984644020475,1,0,0,0,0,,0,,0,0,0,0,liver_without_reference
clear,20260501_135548_PACIENTE 003_202605020016-converted.mp4,42,0.3,1,1,0.4599213425100405,1,0,0,0,0,,0,,0,0,0,0,liver_without_reference
clear,20260501_135548_PACIENTE 003_202605020016-converted.mp4,42,0.4,1,1,0.45612556532768145,1,0,0,0,0,,0,,0,0,0,0,liver_without_reference
clear,20260501_135548_PACIENTE 003_202605020016-converted.mp4,42,0.5,1,1,0.45245682544323096,1,0,0,0,0,,0,,0,0,0,0,liver_without_reference
clear,20260501_135548_PACIENTE 003_202605020016-converted.mp4,42,0.6,1,1,0.4487471621435171,1,0,0,0,0,,0,,0,0,0,0,liver_without_reference
clear,20260501_135548_PACIENTE 003_202605020016-converted.mp4,42,0.7,1,1,0.4448226914718555,1,0,0,0,0,,0,,0,0,0,0,liver_without_reference
clear,20260501_135548_PACIENTE 003_202605020016-converted.mp4,42,0.8,1,1,0.4400520592804064,1,0,0,0,0,,0,,0,0,0,0,liver_without_reference
clear,20260501_135548_PACIENTE 003_202605020016-converted.mp4,42,0.9,1,1,0.43182631918146935,1,0,0,0,0,,0,,0,0,0,0,liver_without_reference
clear,20260501_135548_PACIENTE 003_202605020016-converted.mp4,43,0.1,1,1,0.470930497405507,1,0,0,0,0,,0,,0,0,0,0,liver_without_reference
clear,20260501_135548_PACIENTE 003_202605020016-converted.mp4,43,0.2,1,1,0.4643309693849995,1,0,0,0,0,,0,,0,0,0,0,liver_without_reference
clear,20260501_135548_PACIENTE 003_202605020016-converted.mp4,43,0.3,1,1,0.46012722296511993,1,0,0,0,0,,0,,0,0,0,0,liver_without_reference
clear,20260501_135548_PACIENTE 003_202605020016-converted.mp4,43,0.4,1,1,0.4564246975385899,1,0,0,0,0,,0,,0,0,0,0,liver_without_reference
clear,20260501_135548_PACIENTE 003_202605020016-converted.mp4,43,0.5,1,1,0.45281301030316445,1,0,0,0,0,,0,,0,0,0,0,liver_without_reference
clear,20260501_135548_PACIENTE 003_202605020016-converted.mp4,43,0.6,1,1,0.449157148351924,1,0,0,0,0,,0,,0,0,0,0,liver_without_reference
clear,20260501_135548_PACIENTE 003_202605020016-converted.mp4,43,0.7,1,1,0.44526418483517494,1,0,0,0,0,,0,,0,0,0,0,liver_without_reference
clear,20260501_135548_PACIENTE 003_202605020016-converted.mp4,43,0.8,1,1,0.4404812883615876,1,0,0,0,0,,0,,0,0,0,0,liver_without_reference
clear,20260501_135548_PACIENTE 003_202605020016-converted.mp4,43,0.9,1,1,0.43253192708157834,1,0,0,0,0,,0,,0,0,0,0,liver_without_reference
clear,20260501_135548_PACIENTE 003_202605020016-converted.mp4,44,0.1,1,1,0.4725092671208764,1,0,0,0,0,,0,,0,0,0,0,liver_without_reference
clear,20260501_135548_PACIENTE 003_202605020016-converted.mp4,44,0.2,1,1,0.465993559779786,1,0,0,0,0,,0,,0,0,0,0,liver_without_reference
clear,20260501_135548_PACIENTE 003_202605020016-converted.mp4,44,0.3,1,1,0.4617717764010349,1,0,0,0,0,,0,,0,0,0,0,liver_without_reference
clear,20260501_135548_PACIENTE 003_202605020016-converted.mp4,44,0.4,1,1,0.45810228358514105,1,0,0,0,0,,0,,0,0,0,0,liver_without_reference
clear,20260501_135548_PACIENTE 003_202605020016-converted.mp4,44,0.5,1,1,0.45448811925436783,1,0,0,0,0,,0,,0,0,0,0,liver_without_reference
clear,20260501_135548_PACIENTE 003_202605020016-converted.mp4,44,0.6,1,1,0.45086052618374617,1,0,0,0,0,,0,,0,0,0,0,liver_without_reference
clear,20260501_135548_PACIENTE 003_202605020016-converted.mp4,44,0.7,1,1,0.4470225159018295,1,0,0,0,0,,0,,0,0,0,0,liver_without_reference
clear,20260501_135548_PACIENTE 003_202605020016-converted.mp4,44,0.8,1,1,0.4424556939703493,1,0,0,0,0,,0,,0,0,0,0,liver_without_reference
clear,20260501_135548_PACIENTE 003_202605020016-converted.mp4,44,0.9,1,1,0.4345730810870014,1,0,0,0,0,,0,,0,0,0,0,liver_without_reference
clear,20260501_135548_PACIENTE 003_202605020016-converted.mp4,45,0.1,1,1,0.4721725229031029,1,0,0,0,0,,0,,0,0,0,0,liver_without_reference
clear,20260501_135548_PACIENTE 003_202605020016-converted.mp4,45,0.2,1,1,0.4656185993178145,1,0,0,0,0,,0,,0,0,0,0,liver_without_reference
clear,20260501_135548_PACIENTE 003_202605020016-converted.mp4,45,0.3,1,1,0.4614394441181249,1,0,0,0,0,,0,,0,0,0,0,liver_without_reference
clear,20260501_135548_PACIENTE 003_202605020016-converted.mp4,45,0.4,1,1,0.45759331806367365,1,0,0,0,0,,0,,0,0,0,0,liver_without_reference
clear,20260501_135548_PACIENTE 003_202605020016-converted.mp4,45,0.5,1,1,0.4538612852435464,1,0,0,0,0,,0,,0,0,0,0,liver_without_reference
clear,20260501_135548_PACIENTE 003_202605020016-converted.mp4,45,0.6,1,1,0.45028745844918777,1,0,0,0,0,,0,,0,0,0,0,liver_without_reference
clear,20260501_135548_PACIENTE 003_202605020016-converted.mp4,45,0.7,1,1,0.4462631693549738,1,0,0,0,0,,0,,0,0,0,0,liver_without_reference
clear,20260501_135548_PACIENTE 003_202605020016-converted.mp4,45,0.8,1,1,0.44182131161306576,1,0,0,0,0,,0,,0,0,0,0,liver_without_reference
clear,20260501_135548_PACIENTE 003_202605020016-converted.mp4,45,0.9,1,1,0.43400224092467626,1,0,0,0,0,,0,,0,0,0,0,liver_without_reference
clear,20260501_135548_PACIENTE 003_202605020016-converted.mp4,46,0.1,1,1,0.47320382157691815,1,0,0,0,0,,0,,0,0,0,0,liver_without_reference
clear,20260501_135548_PACIENTE 003_202605020016-converted.mp4,46,0.2,1,1,0.46664894036901167,1,0,0,0,0,,0,,0,0,0,0,liver_without_reference
clear,20260501_135548_PACIENTE 003_202605020016-converted.mp4,46,0.3,1,1,0.4624190289725271,1,0,0,0,0,,0,,0,0,0,0,liver_without_reference
clear,20260501_135548_PACIENTE 003_202605020016-converted.mp4,46,0.4,1,1,0.45864570687159206,1,0,0,0,0,,0,,0,0,0,0,liver_without_reference
clear,20260501_135548_PACIENTE 003_202605020016-converted.mp4,46,0.5,1,1,0.45479678599468787,1,0,0,0,0,,0,,0,0,0,0,liver_without_reference
clear,20260501_135548_PACIENTE 003_202605020016-converted.mp4,46,0.6,1,1,0.4511481277072567,1,0,0,0,0,,0,,0,0,0,0,liver_without_reference
clear,20260501_135548_PACIENTE 003_202605020016-converted.mp4,46,0.7,1,1,0.4470282831243327,1,0,0,0,0,,0,,0,0,0,0,liver_without_reference
clear,20260501_135548_PACIENTE 003_202605020016-converted.mp4,46,0.8,1,1,0.44268447810444206,1,0,0,0,0,,0,,0,0,0,0,liver_without_reference
clear,20260501_135548_PACIENTE 003_202605020016-converted.mp4,46,0.9,1,1,0.4351303878992616,1,0,0,0,0,,0,,0,0,0,0,liver_without_reference
clear,20260501_135548_PACIENTE 003_202605020016-converted.mp4,47,0.1,1,1,0.47476249244200014,1,0,0,0,0,,0,,0,0,0,0,liver_without_reference
clear,20260501_135548_PACIENTE 003_202605020016-converted.mp4,47,0.2,1,1,0.4682312179071738,1,0,0,0,0,,0,,0,0,0,0,liver_without_reference
clear,20260501_135548_PACIENTE 003_202605020016-converted.mp4,47,0.3,1,1,0.4641827604019129,1,0,0,0,0,,0,,0,0,0,0,liver_without_reference
clear,20260501_135548_PACIENTE 003_202605020016-converted.mp4,47,0.4,1,1,0.46047016123985735,1,0,0,0,0,,0,,0,0,0,0,liver_without_reference
clear,20260501_135548_PACIENTE 003_202605020016-converted.mp4,47,0.5,1,1,0.4565503359628499,1,0,0,0,0,,0,,0,0,0,0,liver_without_reference
clear,20260501_135548_PACIENTE 003_202605020016-converted.mp4,47,0.6,1,1,0.45288635612956096,1,0,0,0,0,,0,,0,0,0,0,liver_without_reference
clear,20260501_135548_PACIENTE 003_202605020016-converted.mp4,47,0.7,1,1,0.44876110566818234,1,0,0,0,0,,0,,0,0,0,0,liver_without_reference
clear,20260501_135548_PACIENTE 003_202605020016-converted.mp4,47,0.8,1,1,0.44426719505642126,1,0,0,0,0,,0,,0,0,0,0,liver_without_reference
clear,20260501_135548_PACIENTE 003_202605020016-converted.mp4,47,0.9,1,1,0.4366967839767486,1,0,0,0,0,,0,,0,0,0,0,liver_without_reference
clear,20260501_135548_PACIENTE 003_202605020016-converted.mp4,48,0.1,1,1,0.4750384104095316,1,0,0,0,0,,0,,0,0,0,0,liver_without_reference
clear,20260501_135548_PACIENTE 003_202605020016-converted.mp4,48,0.2,1,1,0.46853318266042926,1,0,0,0,0,,0,,0,0,0,0,liver_without_reference
clear,20260501_135548_PACIENTE 003_202605020016-converted.mp4,48,0.3,1,1,0.4643480506712989,1,0,0,0,0,,0,,0,0,0,0,liver_without_reference
clear,20260501_135548_PACIENTE 003_202605020016-converted.mp4,48,0.4,1,1,0.460483006336903,1,0,0,0,0,,0,,0,0,0,0,liver_without_reference
clear,20260501_135548_PACIENTE 003_202605020016-converted.mp4,48,0.5,1,1,0.45644938339660146,1,0,0,0,0,,0,,0,0,0,0,liver_without_reference
clear,20260501_135548_PACIENTE 003_202605020016-converted.mp4,48,0.6,1,1,0.4526617694401358,1,0,0,0,0,,0,,0,0,0,0,liver_without_reference
clear,20260501_135548_PACIENTE 003_202605020016-converted.mp4,48,0.7,1,1,0.44849083700034753,1,0,0,0,0,,0,,0,0,0,0,liver_without_reference
clear,20260501_135548_PACIENTE 003_202605020016-converted.mp4,48,0.8,1,1,0.44397610341193905,1,0,0,0,0,,0,,0,0,0,0,liver_without_reference
clear,20260501_135548_PACIENTE 003_202605020016-converted.mp4,48,0.9,1,1,0.4363047397597264,1,0,0,0,0,,0,,0,0,0,0,liver_without_reference
clear,20260501_135548_PACIENTE 003_202605020016-converted.mp4,49,0.1,1,1,0.4753559330456605,1,0,0,0,0,,0,,0,0,0,0,liver_without_reference
clear,20260501_135548_PACIENTE 003_202605020016-converted.mp4,49,0.2,1,1,0.4687139094527115,1,0,0,0,0,,0,,0,0,0,0,liver_without_reference
clear,20260501_135548_PACIENTE 003_202605020016-converted.mp4,49,0.3,1,1,0.46446944734879886,1,0,0,0,0,,0,,0,0,0,0,liver_without_reference
clear,20260501_135548_PACIENTE 003_202605020016-converted.mp4,49,0.4,1,1,0.4606409250946954,1,0,0,0,0,,0,,0,0,0,0,liver_without_reference
clear,20260501_135548_PACIENTE 003_202605020016-converted.mp4,49,0.5,1,1,0.45660943059012177,1,0,0,0,0,,0,,0,0,0,0,liver_without_reference
clear,20260501_135548_PACIENTE 003_202605020016-converted.mp4,49,0.6,1,1,0.45269459575837895,1,0,0,0,0,,0,,0,0,0,0,liver_without_reference
clear,20260501_135548_PACIENTE 003_202605020016-converted.mp4,49,0.7,1,1,0.44851263371642697,1,0,0,0,0,,0,,0,0,0,0,liver_without_reference
clear,20260501_135548_PACIENTE 003_202605020016-converted.mp4,49,0.8,1,1,0.4438137859520821,1,0,0,0,0,,0,,0,0,0,0,liver_without_reference
clear,20260501_135548_PACIENTE 003_202605020016-converted.mp4,49,0.9,1,1,0.4358559628660846,1,0,0,0,0,,0,,0,0,0,0,liver_without_reference
clear,20260501_135548_PACIENTE 003_202605020016-converted.mp4,50,0.1,1,1,0.4739274474076528,1,0,0,0,0,,0,,0,0,0,0,liver_without_reference
clear,20260501_135548_PACIENTE 003_202605020016-converted.mp4,50,0.2,1,1,0.4672595928167592,1,0,0,0,0,,0,,0,0,0,0,liver_without_reference
clear,20260501_135548_PACIENTE 003_202605020016-converted.mp4,50,0.3,1,1,0.46280637152806703,1,0,0,0,0,,0,,0,0,0,0,liver_without_reference
clear,20260501_135548_PACIENTE 003_202605020016-converted.mp4,50,0.4,1,1,0.4586430722765917,1,0,0,0,0,,0,,0,0,0,0,liver_without_reference
clear,20260501_135548_PACIENTE 003_202605020016-converted.mp4,50,0.5,1,1,0.45463618748538404,1,0,0,0,0,,0,,0,0,0,0,liver_without_reference
clear,20260501_135548_PACIENTE 003_202605020016-converted.mp4,50,0.6,1,1,0.4507758808086551,1,0,0,0,0,,0,,0,0,0,0,liver_without_reference
clear,20260501_135548_PACIENTE 003_202605020016-converted.mp4,50,0.7,1,1,0.44646064569612676,1,0,0,0,0,,0,,0,0,0,0,liver_without_reference
clear,20260501_135548_PACIENTE 003_202605020016-converted.mp4,50,0.8,1,1,0.4413620544166852,1,0,0,0,0,,0,,0,0,0,0,liver_without_reference
clear,20260501_135548_PACIENTE 003_202605020016-converted.mp4,50,0.9,1,1,0.432930245096181,1,0,0,0,0,,0,,0,0,0,0,liver_without_reference
clear,20260501_135548_PACIENTE 003_202605020016-converted.mp4,51,0.1,1,1,0.47426335079618165,1,0,0,0,0,,0,,0,0,0,0,liver_without_reference
clear,20260501_135548_PACIENTE 003_202605020016-converted.mp4,51,0.2,1,1,0.4674288752991226,1,0,0,0,0,,0,,0,0,0,0,liver_without_reference
clear,20260501_135548_PACIENTE 003_202605020016-converted.mp4,51,0.3,1,1,0.46300871093929,1,0,0,0,0,,0,,0,0,0,0,liver_without_reference
clear,20260501_135548_PACIENTE 003_202605020016-converted.mp4,51,0.4,1,1,0.4587741547909088,1,0,0,0,0,,0,,0,0,0,0,liver_without_reference
clear,20260501_135548_PACIENTE 003_202605020016-converted.mp4,51,0.5,1,1,0.4548343850886022,1,0,0,0,0,,0,,0,0,0,0,liver_without_reference
clear,20260501_135548_PACIENTE 003_202605020016-converted.mp4,51,0.6,1,1,0.4509764571600587,1,0,0,0,0,,0,,0,0,0,0,liver_without_reference
clear,20260501_135548_PACIENTE 003_202605020016-converted.mp4,51,0.7,1,1,0.4466877975455242,1,0,0,0,0,,0,,0,0,0,0,liver_without_reference
clear,20260501_135548_PACIENTE 003_202605020016-converted.mp4,51,0.8,1,1,0.44152752646008003,1,0,0,0,0,,0,,0,0,0,0,liver_without_reference
clear,20260501_135548_PACIENTE 003_202605020016-converted.mp4,51,0.9,1,1,0.43329275535692474,1,0,0,0,0,,0,,0,0,0,0,liver_without_reference
clear,20260501_135548_PACIENTE 003_202605020016-converted.mp4,52,0.1,1,1,0.47556015738248086,1,0,0,0,0,,0,,0,0,0,0,liver_without_reference
clear,20260501_135548_PACIENTE 003_202605020016-converted.mp4,52,0.2,1,1,0.4689106146411996,1,0,0,0,0,,0,,0,0,0,0,liver_without_reference
clear,20260501_135548_PACIENTE 003_202605020016-converted.mp4,52,0.3,1,1,0.4645557754400583,1,0,0,0,0,,0,,0,0,0,0,liver_without_reference
clear,20260501_135548_PACIENTE 003_202605020016-converted.mp4,52,0.4,1,1,0.4602942158138914,1,0,0,0,0,,0,,0,0,0,0,liver_without_reference
clear,20260501_135548_PACIENTE 003_202605020016-converted.mp4,52,0.5,1,1,0.4562803072386529,1,0,0,0,0,,0,,0,0,0,0,liver_without_reference
clear,20260501_135548_PACIENTE 003_202605020016-converted.mp4,52,0.6,1,1,0.4524700520561119,1,0,0,0,0,,0,,0,0,0,0,liver_without_reference
clear,20260501_135548_PACIENTE 003_202605020016-converted.mp4,52,0.7,1,1,0.4482723964505714,1,0,0,0,0,,0,,0,0,0,0,liver_without_reference
clear,20260501_135548_PACIENTE 003_202605020016-converted.mp4,52,0.8,1,1,0.44329256259421146,1,0,0,0,0,,0,,0,0,0,0,liver_without_reference
clear,20260501_135548_PACIENTE 003_202605020016-converted.mp4,52,0.9,1,1,0.43502915304506085,1,0,0,0,0,,0,,0,0,0,0,liver_without_reference
clear,20260501_135548_PACIENTE 003_202605020016-converted.mp4,53,0.1,1,1,0.4756410681155579,1,0,0,0,0,,0,,0,0,0,0,liver_without_reference
clear,20260501_135548_PACIENTE 003_202605020016-converted.mp4,53,0.2,1,1,0.469034820249084,1,0,0,0,0,,0,,0,0,0,0,liver_without_reference
clear,20260501_135548_PACIENTE 003_202605020016-converted.mp4,53,0.3,1,1,0.46476819702315736,1,0,0,0,0,,0,,0,0,0,0,liver_without_reference
clear,20260501_135548_PACIENTE 003_202605020016-converted.mp4,53,0.4,1,1,0.46063445444760576,1,0,0,0,0,,0,,0,0,0,0,liver_without_reference
clear,20260501_135548_PACIENTE 003_202605020016-converted.mp4,53,0.5,1,1,0.4566756173239066,1,0,0,0,0,,0,,0,0,0,0,liver_without_reference
clear,20260501_135548_PACIENTE 003_202605020016-converted.mp4,53,0.6,1,1,0.45289518792591665,1,0,0,0,0,,0,,0,0,0,0,liver_without_reference
clear,20260501_135548_PACIENTE 003_202605020016-converted.mp4,53,0.7,1,1,0.4487253026071738,1,0,0,0,0,,0,,0,0,0,0,liver_without_reference
clear,20260501_135548_PACIENTE 003_202605020016-converted.mp4,53,0.8,1,1,0.4436136626979462,1,0,0,0,0,,0,,0,0,0,0,liver_without_reference
clear,20260501_135548_PACIENTE 003_202605020016-converted.mp4,53,0.9,1,1,0.435051997995055,1,0,0,0,0,,0,,0,0,0,0,liver_without_reference
clear,20260501_135548_PACIENTE 003_202605020016-converted.mp4,54,0.1,1,1,0.47636895246457,1,0,0,0,0,,0,,0,0,0,0,liver_without_reference
clear,20260501_135548_PACIENTE 003_202605020016-converted.mp4,54,0.2,1,1,0.46969407424640236,1,0,0,0,0,,0,,0,0,0,0,liver_without_reference
clear,20260501_135548_PACIENTE 003_202605020016-converted.mp4,54,0.3,1,1,0.46550330761668307,1,0,0,0,0,,0,,0,0,0,0,liver_without_reference
clear,20260501_135548_PACIENTE 003_202605020016-converted.mp4,54,0.4,1,1,0.461555469339908,1,0,0,0,0,,0,,0,0,0,0,liver_without_reference
clear,20260501_135548_PACIENTE 003_202605020016-converted.mp4,54,0.5,1,1,0.4575755171247322,1,0,0,0,0,,0,,0,0,0,0,liver_without_reference
clear,20260501_135548_PACIENTE 003_202605020016-converted.mp4,54,0.6,1,1,0.4537761723192187,1,0,0,0,0,,0,,0,0,0,0,liver_without_reference
clear,20260501_135548_PACIENTE 003_202605020016-converted.mp4,54,0.7,1,1,0.449652065416726,1,0,0,0,0,,0,,0,0,0,0,liver_without_reference
clear,20260501_135548_PACIENTE 003_202605020016-converted.mp4,54,0.8,1,1,0.4445493969429436,1,0,0,0,0,,0,,0,0,0,0,liver_without_reference
clear,20260501_135548_PACIENTE 003_202605020016-converted.mp4,54,0.9,1,1,0.43582582468733283,1,0,0,0,0,,0,,0,0,0,0,liver_without_reference
clear,20260501_135548_PACIENTE 003_202605020016-converted.mp4,55,0.1,1,1,0.4767460159692542,1,0,0,0,0,,0,,0,0,0,0,liver_without_reference
clear,20260501_135548_PACIENTE 003_202605020016-converted.mp4,55,0.2,1,1,0.47021212952115066,1,0,0,0,0,,0,,0,0,0,0,liver_without_reference
clear,20260501_135548_PACIENTE 003_202605020016-converted.mp4,55,0.3,1,1,0.4660889851691385,1,0,0,0,0,,0,,0,0,0,0,liver_without_reference
clear,20260501_135548_PACIENTE 003_202605020016-converted.mp4,55,0.4,1,1,0.4619973799928242,1,0,0,0,0,,0,,0,0,0,0,liver_without_reference
clear,20260501_135548_PACIENTE 003_202605020016-converted.mp4,55,0.5,1,1,0.4580392418914291,1,0,0,0,0,,0,,0,0,0,0,liver_without_reference
clear,20260501_135548_PACIENTE 003_202605020016-converted.mp4,55,0.6,1,1,0.4542079363154792,1,0,0,0,0,,0,,0,0,0,0,liver_without_reference
clear,20260501_135548_PACIENTE 003_202605020016-converted.mp4,55,0.7,1,1,0.45001444608678537,1,0,0,0,0,,0,,0,0,0,0,liver_without_reference
clear,20260501_135548_PACIENTE 003_202605020016-converted.mp4,55,0.8,1,1,0.4450172975514728,1,0,0,0,0,,0,,0,0,0,0,liver_without_reference
clear,20260501_135548_PACIENTE 003_202605020016-converted.mp4,55,0.9,1,1,0.43636072576534374,1,0,0,0,0,,0,,0,0,0,0,liver_without_reference
clear,20260501_135548_PACIENTE 003_202605020016-converted.mp4,56,0.1,1,1,0.4768921745252739,1,0,0,0,0,,0,,0,0,0,0,liver_without_reference
clear,20260501_135548_PACIENTE 003_202605020016-converted.mp4,56,0.2,1,1,0.4702849355591933,1,0,0,0,0,,0,,0,0,0,0,liver_without_reference
clear,20260501_135548_PACIENTE 003_202605020016-converted.mp4,56,0.3,1,1,0.4662442247524299,1,0,0,0,0,,0,,0,0,0,0,liver_without_reference
clear,20260501_135548_PACIENTE 003_202605020016-converted.mp4,56,0.4,1,1,0.4621106869432797,1,0,0,0,0,,0,,0,0,0,0,liver_without_reference
clear,20260501_135548_PACIENTE 003_202605020016-converted.mp4,56,0.5,1,1,0.45826250746542935,1,0,0,0,0,,0,,0,0,0,0,liver_without_reference
clear,20260501_135548_PACIENTE 003_202605020016-converted.mp4,56,0.6,1,1,0.45440481665760757,1,0,0,0,0,,0,,0,0,0,0,liver_without_reference
clear,20260501_135548_PACIENTE 003_202605020016-converted.mp4,56,0.7,1,1,0.45022361059930993,1,0,0,0,0,,0,,0,0,0,0,liver_without_reference
clear,20260501_135548_PACIENTE 003_202605020016-converted.mp4,56,0.8,1,1,0.4452794699873627,1,0,0,0,0,,0,,0,0,0,0,liver_without_reference
clear,20260501_135548_PACIENTE 003_202605020016-converted.mp4,56,0.9,1,1,0.436514991300538,1,0,0,0,0,,0,,0,0,0,0,liver_without_reference
clear,20260501_135548_PACIENTE 003_202605020016-converted.mp4,57,0.1,1,1,0.47774749850904513,1,0,0,0,0,,0,,0,0,0,0,liver_without_reference
clear,20260501_135548_PACIENTE 003_202605020016-converted.mp4,57,0.2,1,1,0.47109120521172637,1,0,0,0,0,,0,,0,0,0,0,liver_without_reference
clear,20260501_135548_PACIENTE 003_202605020016-converted.mp4,57,0.3,1,1,0.4669366227987952,1,0,0,0,0,,0,,0,0,0,0,liver_without_reference
clear,20260501_135548_PACIENTE 003_202605020016-converted.mp4,57,0.4,1,1,0.4627563046244342,1,0,0,0,0,,0,,0,0,0,0,liver_without_reference
clear,20260501_135548_PACIENTE 003_202605020016-converted.mp4,57,0.5,1,1,0.458989897302467,1,0,0,0,0,,0,,0,0,0,0,liver_without_reference
clear,20260501_135548_PACIENTE 003_202605020016-converted.mp4,57,0.6,1,1,0.4553026375206971,1,0,0,0,0,,0,,0,0,0,0,liver_without_reference
clear,20260501_135548_PACIENTE 003_202605020016-converted.mp4,57,0.7,1,1,0.45110354617056286,1,0,0,0,0,,0,,0,0,0,0,liver_without_reference
clear,20260501_135548_PACIENTE 003_202605020016-converted.mp4,57,0.8,1,1,0.44624691948898154,1,0,0,0,0,,0,,0,0,0,0,liver_without_reference
clear,20260501_135548_PACIENTE 003_202605020016-converted.mp4,57,0.9,1,1,0.4376650785426329,1,0,0,0,0,,0,,0,0,0,0,liver_without_reference
clear,20260501_135548_PACIENTE 003_202605020016-converted.mp4,58,0.1,1,1,0.47858355767239597,1,0,0,0,0,,0,,0,0,0,0,liver_without_reference
clear,20260501_135548_PACIENTE 003_202605020016-converted.mp4,58,0.2,1,1,0.4719578214391066,1,0,0,0,0,,0,,0,0,0,0,liver_without_reference
clear,20260501_135548_PACIENTE 003_202605020016-converted.mp4,58,0.3,1,1,0.46778823519608703,1,0,0,0,0,,0,,0,0,0,0,liver_without_reference
clear,20260501_135548_PACIENTE 003_202605020016-converted.mp4,58,0.4,1,1,0.4634736534690642,1,0,0,0,0,,0,,0,0,0,0,liver_without_reference
clear,20260501_135548_PACIENTE 003_202605020016-converted.mp4,58,0.5,1,1,0.45981063279719664,1,0,0,0,0,,0,,0,0,0,0,liver_without_reference
clear,20260501_135548_PACIENTE 003_202605020016-converted.mp4,58,0.6,1,1,0.45611379639076116,1,0,0,0,0,,0,,0,0,0,0,liver_without_reference
clear,20260501_135548_PACIENTE 003_202605020016-converted.mp4,58,0.7,1,1,0.4520304164677704,1,0,0,0,0,,0,,0,0,0,0,liver_without_reference
clear,20260501_135548_PACIENTE 003_202605020016-converted.mp4,58,0.8,1,1,0.447312071745264,1,0,0,0,0,,0,,0,0,0,0,liver_without_reference
clear,20260501_135548_PACIENTE 003_202605020016-converted.mp4,58,0.9,1,1,0.4392553679980116,1,0,0,0,0,,0,,0,0,0,0,liver_without_reference
clear,20260501_135548_PACIENTE 003_202605020016-converted.mp4,59,0.1,1,1,0.48045396181087685,1,0,0,0,0,,0,,0,0,0,0,liver_without_reference
clear,20260501_135548_PACIENTE 003_202605020016-converted.mp4,59,0.2,1,1,0.47386287618469874,1,0,0,0,0,,0,,0,0,0,0,liver_without_reference
clear,20260501_135548_PACIENTE 003_202605020016-converted.mp4,59,0.3,1,1,0.4697144571435714,1,0,0,0,0,,0,,0,0,0,0,liver_without_reference
clear,20260501_135548_PACIENTE 003_202605020016-converted.mp4,59,0.4,1,1,0.4654188293806432,1,0,0,0,0,,0,,0,0,0,0,liver_without_reference
clear,20260501_135548_PACIENTE 003_202605020016-converted.mp4,59,0.5,1,1,0.4617585511229549,1,0,0,0,0,,0,,0,0,0,0,liver_without_reference
clear,20260501_135548_PACIENTE 003_202605020016-converted.mp4,59,0.6,1,1,0.45808437064881524,1,0,0,0,0,,0,,0,0,0,0,liver_without_reference
clear,20260501_135548_PACIENTE 003_202605020016-converted.mp4,59,0.7,1,1,0.45411985410812916,1,0,0,0,0,,0,,0,0,0,0,liver_without_reference
clear,20260501_135548_PACIENTE 003_202605020016-converted.mp4,59,0.8,1,1,0.4495152438896377,1,0,0,0,0,,0,,0,0,0,0,liver_without_reference
clear,20260501_135548_PACIENTE 003_202605020016-converted.mp4,59,0.9,1,1,0.44180765730848304,1,0,0,0,0,,0,,0,0,0,0,liver_without_reference
clear,20260501_135548_PACIENTE 003_202605020016-converted.mp4,60,0.1,1,1,0.4804307756031894,1,0,0,0,0,,0,,0,0,0,0,liver_without_reference
clear,20260501_135548_PACIENTE 003_202605020016-converted.mp4,60,0.2,1,1,0.47384298310493556,1,0,0,0,0,,0,,0,0,0,0,liver_without_reference
clear,20260501_135548_PACIENTE 003_202605020016-converted.mp4,60,0.3,1,1,0.4697073235774526,1,0,0,0,0,,0,,0,0,0,0,liver_without_reference
clear,20260501_135548_PACIENTE 003_202605020016-converted.mp4,60,0.4,1,1,0.4654152341533429,1,0,0,0,0,,0,,0,0,0,0,liver_without_reference
clear,20260501_135548_PACIENTE 003_202605020016-converted.mp4,60,0.5,1,1,0.46176337905799403,1,0,0,0,0,,0,,0,0,0,0,liver_without_reference
clear,20260501_135548_PACIENTE 003_202605020016-converted.mp4,60,0.6,1,1,0.4580880139163015,1,0,0,0,0,,0,,0,0,0,0,liver_without_reference
clear,20260501_135548_PACIENTE 003_202605020016-converted.mp4,60,0.7,1,1,0.4542005351960501,1,0,0,0,0,,0,,0,0,0,0,liver_without_reference
clear,20260501_135548_PACIENTE 003_202605020016-converted.mp4,60,0.8,1,1,0.4495555378265233,1,0,0,0,0,,0,,0,0,0,0,liver_without_reference
clear,20260501_135548_PACIENTE 003_202605020016-converted.mp4,60,0.9,1,1,0.4420472115842381,1,0,0,0,0,,0,,0,0,0,0,liver_without_reference
clear,20260501_135548_PACIENTE 003_202605020016-converted.mp4,61,0.1,1,1,0.4793977550428696,1,0,0,0,0,,0,,0,0,0,0,liver_without_reference
clear,20260501_135548_PACIENTE 003_202605020016-converted.mp4,61,0.2,1,1,0.47285095136981464,1,0,0,0,0,,0,,0,0,0,0,liver_without_reference
clear,20260501_135548_PACIENTE 003_202605020016-converted.mp4,61,0.3,1,1,0.468632549147062,1,0,0,0,0,,0,,0,0,0,0,liver_without_reference
clear,20260501_135548_PACIENTE 003_202605020016-converted.mp4,61,0.4,1,1,0.4642611268040506,1,0,0,0,0,,0,,0,0,0,0,liver_without_reference
clear,20260501_135548_PACIENTE 003_202605020016-converted.mp4,61,0.5,1,1,0.4604909753927511,1,0,0,0,0,,0,,0,0,0,0,liver_without_reference
clear,20260501_135548_PACIENTE 003_202605020016-converted.mp4,61,0.6,1,1,0.4568456176589882,1,0,0,0,0,,0,,0,0,0,0,liver_without_reference
clear,20260501_135548_PACIENTE 003_202605020016-converted.mp4,61,0.7,1,1,0.45286732497466436,1,0,0,0,0,,0,,0,0,0,0,liver_without_reference
clear,20260501_135548_PACIENTE 003_202605020016-converted.mp4,61,0.8,1,1,0.44817914233047945,1,0,0,0,0,,0,,0,0,0,0,liver_without_reference
clear,20260501_135548_PACIENTE 003_202605020016-converted.mp4,61,0.9,1,1,0.4404551754936615,1,0,0,0,0,,0,,0,0,0,0,liver_without_reference
clear,20260501_135548_PACIENTE 003_202605020016-converted.mp4,62,0.1,1,1,0.47871670601880617,1,0,0,0,0,,0,,0,0,0,0,liver_without_reference
clear,20260501_135548_PACIENTE 003_202605020016-converted.mp4,62,0.2,1,1,0.47207237908420674,1,0,0,0,0,,0,,0,0,0,0,liver_without_reference
clear,20260501_135548_PACIENTE 003_202605020016-converted.mp4,62,0.3,1,1,0.4676651123251366,1,0,0,0,0,,0,,0,0,0,0,liver_without_reference
clear,20260501_135548_PACIENTE 003_202605020016-converted.mp4,62,0.4,1,1,0.46339315893357147,1,0,0,0,0,,0,,0,0,0,0,liver_without_reference
clear,20260501_135548_PACIENTE 003_202605020016-converted.mp4,62,0.5,1,1,0.4596893460224092,1,0,0,0,0,,0,,0,0,0,0,liver_without_reference
clear,20260501_135548_PACIENTE 003_202605020016-converted.mp4,62,0.6,1,1,0.4560216452207804,1,0,0,0,0,,0,,0,0,0,0,liver_without_reference
clear,20260501_135548_PACIENTE 003_202605020016-converted.mp4,62,0.7,1,1,0.45185405446154103,1,0,0,0,0,,0,,0,0,0,0,liver_without_reference
clear,20260501_135548_PACIENTE 003_202605020016-converted.mp4,62,0.8,1,1,0.4471241873981623,1,0,0,0,0,,0,,0,0,0,0,liver_without_reference
clear,20260501_135548_PACIENTE 003_202605020016-converted.mp4,62,0.9,1,1,0.43912325350142417,1,0,0,0,0,,0,,0,0,0,0,liver_without_reference
clear,20260501_135548_PACIENTE 003_202605020016-converted.mp4,63,0.1,1,1,0.4774734470017067,1,0,0,0,0,,0,,0,0,0,0,liver_without_reference
clear,20260501_135548_PACIENTE 003_202605020016-converted.mp4,63,0.2,1,1,0.470724399173825,1,0,0,0,0,,0,,0,0,0,0,liver_without_reference
clear,20260501_135548_PACIENTE 003_202605020016-converted.mp4,63,0.3,1,1,0.4662077414461978,1,0,0,0,0,,0,,0,0,0,0,liver_without_reference
clear,20260501_135548_PACIENTE 003_202605020016-converted.mp4,63,0.4,1,1,0.46203825802467074,1,0,0,0,0,,0,,0,0,0,0,liver_without_reference
clear,20260501_135548_PACIENTE 003_202605020016-converted.mp4,63,0.5,1,1,0.4583117490767508,1,0,0,0,0,,0,,0,0,0,0,liver_without_reference
clear,20260501_135548_PACIENTE 003_202605020016-converted.mp4,63,0.6,1,1,0.4543888189562519,1,0,0,0,0,,0,,0,0,0,0,liver_without_reference
clear,20260501_135548_PACIENTE 003_202605020016-converted.mp4,63,0.7,1,1,0.4500720376606189,1,0,0,0,0,,0,,0,0,0,0,liver_without_reference
clear,20260501_135548_PACIENTE 003_202605020016-converted.mp4,63,0.8,1,1,0.44515183457149937,1,0,0,0,0,,0,,0,0,0,0,liver_without_reference
clear,20260501_135548_PACIENTE 003_202605020016-converted.mp4,63,0.9,1,1,0.436710994252583,1,0,0,0,0,,0,,0,0,0,0,liver_without_reference
clear,20260501_135548_PACIENTE 003_202605020016-converted.mp4,64,0.1,1,1,0.4774581080801176,1,0,0,0,0,,0,,0,0,0,0,liver_without_reference
clear,20260501_135548_PACIENTE 003_202605020016-converted.mp4,64,0.2,1,1,0.47085911881200465,1,0,0,0,0,,0,,0,0,0,0,liver_without_reference
clear,20260501_135548_PACIENTE 003_202605020016-converted.mp4,64,0.3,1,1,0.46639301564811536,1,0,0,0,0,,0,,0,0,0,0,liver_without_reference
clear,20260501_135548_PACIENTE 003_202605020016-converted.mp4,64,0.4,1,1,0.46210249561806194,1,0,0,0,0,,0,,0,0,0,0,liver_without_reference
clear,20260501_135548_PACIENTE 003_202605020016-converted.mp4,64,0.5,1,1,0.4581465591069929,1,0,0,0,0,,0,,0,0,0,0,liver_without_reference
clear,20260501_135548_PACIENTE 003_202605020016-converted.mp4,64,0.6,1,1,0.4541534575202215,1,0,0,0,0,,0,,0,0,0,0,liver_without_reference
clear,20260501_135548_PACIENTE 003_202605020016-converted.mp4,64,0.7,1,1,0.4498079605282447,1,0,0,0,0,,0,,0,0,0,0,liver_without_reference
clear,20260501_135548_PACIENTE 003_202605020016-converted.mp4,64,0.8,1,1,0.44485695566717626,1,0,0,0,0,,0,,0,0,0,0,liver_without_reference
clear,20260501_135548_PACIENTE 003_202605020016-converted.mp4,64,0.9,1,1,0.4360489124480663,1,0,0,0,0,,0,,0,0,0,0,liver_without_reference
clear,20260501_135548_PACIENTE 003_202605020016-converted.mp4,65,0.1,1,1,0.4773126439447915,1,0,0,0,0,,0,,0,0,0,0,liver_without_reference
clear,20260501_135548_PACIENTE 003_202605020016-converted.mp4,65,0.2,1,1,0.4705838351348319,1,0,0,0,0,,0,,0,0,0,0,liver_without_reference
clear,20260501_135548_PACIENTE 003_202605020016-converted.mp4,65,0.3,1,1,0.46623302483925944,1,0,0,0,0,,0,,0,0,0,0,liver_without_reference
clear,20260501_135548_PACIENTE 003_202605020016-converted.mp4,65,0.4,1,1,0.461882884123467,1,0,0,0,0,,0,,0,0,0,0,liver_without_reference
clear,20260501_135548_PACIENTE 003_202605020016-converted.mp4,65,0.5,1,1,0.45804300967467043,1,0,0,0,0,,0,,0,0,0,0,liver_without_reference
clear,20260501_135548_PACIENTE 003_202605020016-converted.mp4,65,0.6,1,1,0.45408924964558584,1,0,0,0,0,,0,,0,0,0,0,liver_without_reference
clear,20260501_135548_PACIENTE 003_202605020016-converted.mp4,65,0.7,1,1,0.4497723874815209,1,0,0,0,0,,0,,0,0,0,0,liver_without_reference
clear,20260501_135548_PACIENTE 003_202605020016-converted.mp4,65,0.8,1,1,0.44483263976081194,1,0,0,0,0,,0,,0,0,0,0,liver_without_reference
clear,20260501_135548_PACIENTE 003_202605020016-converted.mp4,65,0.9,1,1,0.43608594902043396,1,0,0,0,0,,0,,0,0,0,0,liver_without_reference
clear,20260501_135548_PACIENTE 003_202605020016-converted.mp4,66,0.1,1,1,0.47516519937856033,1,0,0,0,0,,0,,0,0,0,0,liver_without_reference
clear,20260501_135548_PACIENTE 003_202605020016-converted.mp4,66,0.2,1,1,0.4684085175009456,1,0,0,0,0,,0,,0,0,0,0,liver_without_reference
clear,20260501_135548_PACIENTE 003_202605020016-converted.mp4,66,0.3,1,1,0.46404354367495615,1,0,0,0,0,,0,,0,0,0,0,liver_without_reference
clear,20260501_135548_PACIENTE 003_202605020016-converted.mp4,66,0.4,1,1,0.45971686616250146,1,0,0,0,0,,0,,0,0,0,0,liver_without_reference
clear,20260501_135548_PACIENTE 003_202605020016-converted.mp4,66,0.5,1,1,0.45571000614181323,1,0,0,0,0,,0,,0,0,0,0,liver_without_reference
clear,20260501_135548_PACIENTE 003_202605020016-converted.mp4,66,0.6,1,1,0.4516734844112062,1,0,0,0,0,,0,,0,0,0,0,liver_without_reference
clear,20260501_135548_PACIENTE 003_202605020016-converted.mp4,66,0.7,1,1,0.44728310043229114,1,0,0,0,0,,0,,0,0,0,0,liver_without_reference
clear,20260501_135548_PACIENTE 003_202605020016-converted.mp4,66,0.8,1,1,0.44189728964622177,1,0,0,0,0,,0,,0,0,0,0,liver_without_reference
clear,20260501_135548_PACIENTE 003_202605020016-converted.mp4,66,0.9,1,1,0.43274543270750365,1,0,0,0,0,,0,,0,0,0,0,liver_without_reference
clear,20260501_135548_PACIENTE 003_202605020016-converted.mp4,67,0.1,1,1,0.4749869507941374,1,0,0,0,0,,0,,0,0,0,0,liver_without_reference
clear,20260501_135548_PACIENTE 003_202605020016-converted.mp4,67,0.2,1,1,0.4682656780559169,1,0,0,0,0,,0,,0,0,0,0,liver_without_reference
clear,20260501_135548_PACIENTE 003_202605020016-converted.mp4,67,0.3,1,1,0.4638631789067481,1,0,0,0,0,,0,,0,0,0,0,liver_without_reference
clear,20260501_135548_PACIENTE 003_202605020016-converted.mp4,67,0.4,1,1,0.45969293431765734,1,0,0,0,0,,0,,0,0,0,0,liver_without_reference
clear,20260501_135548_PACIENTE 003_202605020016-converted.mp4,67,0.5,1,1,0.4557748950303942,1,0,0,0,0,,0,,0,0,0,0,liver_without_reference
clear,20260501_135548_PACIENTE 003_202605020016-converted.mp4,67,0.6,1,1,0.451695064113824,1,0,0,0,0,,0,,0,0,0,0,liver_without_reference
clear,20260501_135548_PACIENTE 003_202605020016-converted.mp4,67,0.7,1,1,0.44728145458200874,1,0,0,0,0,,0,,0,0,0,0,liver_without_reference
clear,20260501_135548_PACIENTE 003_202605020016-converted.mp4,67,0.8,1,1,0.44191564959555146,1,0,0,0,0,,0,,0,0,0,0,liver_without_reference
clear,20260501_135548_PACIENTE 003_202605020016-converted.mp4,67,0.9,1,1,0.4327943735804373,1,0,0,0,0,,0,,0,0,0,0,liver_without_reference
clear,20260501_135548_PACIENTE 003_202605020016-converted.mp4,68,0.1,1,1,0.4752844780805859,1,0,0,0,0,,0,,0,0,0,0,liver_without_reference
clear,20260501_135548_PACIENTE 003_202605020016-converted.mp4,68,0.2,1,1,0.4688140312961077,1,0,0,0,0,,0,,0,0,0,0,liver_without_reference
clear,20260501_135548_PACIENTE 003_202605020016-converted.mp4,68,0.3,1,1,0.4643459924403752,1,0,0,0,0,,0,,0,0,0,0,liver_without_reference
clear,20260501_135548_PACIENTE 003_202605020016-converted.mp4,68,0.4,1,1,0.46038019322663437,1,0,0,0,0,,0,,0,0,0,0,liver_without_reference
clear,20260501_135548_PACIENTE 003_202605020016-converted.mp4,68,0.5,1,1,0.4563802409719089,1,0,0,0,0,,0,,0,0,0,0,liver_without_reference
clear,20260501_135548_PACIENTE 003_202605020016-converted.mp4,68,0.6,1,1,0.45239001417822744,1,0,0,0,0,,0,,0,0,0,0,liver_without_reference
clear,20260501_135548_PACIENTE 003_202605020016-converted.mp4,68,0.7,1,1,0.44791509607813573,1,0,0,0,0,,0,,0,0,0,0,liver_without_reference
clear,20260501_135548_PACIENTE 003_202605020016-converted.mp4,68,0.8,1,1,0.4427150704722227,1,0,0,0,0,,0,,0,0,0,0,liver_without_reference
clear,20260501_135548_PACIENTE 003_202605020016-converted.mp4,68,0.9,1,1,0.43374108267774597,1,0,0,0,0,,0,,0,0,0,0,liver_without_reference
clear,20260501_135548_PACIENTE 003_202605020016-converted.mp4,69,0.1,1,1,0.4745790792552861,1,0,0,0,0,,0,,0,0,0,0,liver_without_reference
clear,20260501_135548_PACIENTE 003_202605020016-converted.mp4,69,0.2,1,1,0.46794488215152424,1,0,0,0,0,,0,,0,0,0,0,liver_without_reference
clear,20260501_135548_PACIENTE 003_202605020016-converted.mp4,69,0.3,1,1,0.4634640223324028,1,0,0,0,0,,0,,0,0,0,0,liver_without_reference
clear,20260501_135548_PACIENTE 003_202605020016-converted.mp4,69,0.4,1,1,0.45955802580408256,1,0,0,0,0,,0,,0,0,0,0,liver_without_reference
clear,20260501_135548_PACIENTE 003_202605020016-converted.mp4,69,0.5,1,1,0.4557526190038596,1,0,0,0,0,,0,,0,0,0,0,liver_without_reference
clear,20260501_135548_PACIENTE 003_202605020016-converted.mp4,69,0.6,1,1,0.4517382267703232,1,0,0,0,0,,0,,0,0,0,0,liver_without_reference
clear,20260501_135548_PACIENTE 003_202605020016-converted.mp4,69,0.7,1,1,0.4474035791616235,1,0,0,0,0,,0,,0,0,0,0,liver_without_reference
clear,20260501_135548_PACIENTE 003_202605020016-converted.mp4,69,0.8,1,1,0.4422005249343832,1,0,0,0,0,,0,,0,0,0,0,liver_without_reference
clear,20260501_135548_PACIENTE 003_202605020016-converted.mp4,69,0.9,1,1,0.4334053821748638,1,0,0,0,0,,0,,0,0,0,0,liver_without_reference
clear,20260501_135548_PACIENTE 003_202605020016-converted.mp4,70,0.1,1,1,0.47442120521847175,1,0,0,0,0,,0,,0,0,0,0,liver_without_reference
clear,20260501_135548_PACIENTE 003_202605020016-converted.mp4,70,0.2,1,1,0.4676948901834016,1,0,0,0,0,,0,,0,0,0,0,liver_without_reference
clear,20260501_135548_PACIENTE 003_202605020016-converted.mp4,70,0.3,1,1,0.46327064568005133,1,0,0,0,0,,0,,0,0,0,0,liver_without_reference
clear,20260501_135548_PACIENTE 003_202605020016-converted.mp4,70,0.4,1,1,0.4591493587229533,1,0,0,0,0,,0,,0,0,0,0,liver_without_reference
clear,20260501_135548_PACIENTE 003_202605020016-converted.mp4,70,0.5,1,1,0.4552828549470378,1,0,0,0,0,,0,,0,0,0,0,liver_without_reference
clear,20260501_135548_PACIENTE 003_202605020016-converted.mp4,70,0.6,1,1,0.4512238975722756,1,0,0,0,0,,0,,0,0,0,0,liver_without_reference
clear,20260501_135548_PACIENTE 003_202605020016-converted.mp4,70,0.7,1,1,0.4469049154515532,1,0,0,0,0,,0,,0,0,0,0,liver_without_reference
clear,20260501_135548_PACIENTE 003_202605020016-converted.mp4,70,0.8,1,1,0.44182374751728976,1,0,0,0,0,,0,,0,0,0,0,liver_without_reference
clear,20260501_135548_PACIENTE 003_202605020016-converted.mp4,70,0.9,1,1,0.43303842264914055,1,0,0,0,0,,0,,0,0,0,0,liver_without_reference
clear,20260501_135548_PACIENTE 003_202605020016-converted.mp4,71,0.1,1,1,0.47309979788608725,1,0,0,0,0,,0,,0,0,0,0,liver_without_reference
clear,20260501_135548_PACIENTE 003_202605020016-converted.mp4,71,0.2,1,1,0.4661680378957866,1,0,0,0,0,,0,,0,0,0,0,liver_without_reference
clear,20260501_135548_PACIENTE 003_202605020016-converted.mp4,71,0.3,1,1,0.46180863696019,1,0,0,0,0,,0,,0,0,0,0,liver_without_reference
clear,20260501_135548_PACIENTE 003_202605020016-converted.mp4,71,0.4,1,1,0.45777959517481087,1,0,0,0,0,,0,,0,0,0,0,liver_without_reference
clear,20260501_135548_PACIENTE 003_202605020016-converted.mp4,71,0.5,1,1,0.4538015555425602,1,0,0,0,0,,0,,0,0,0,0,liver_without_reference
clear,20260501_135548_PACIENTE 003_202605020016-converted.mp4,71,0.6,1,1,0.44973195393454823,1,0,0,0,0,,0,,0,0,0,0,liver_without_reference
clear,20260501_135548_PACIENTE 003_202605020016-converted.mp4,71,0.7,1,1,0.4452648286895304,1,0,0,0,0,,0,,0,0,0,0,liver_without_reference
clear,20260501_135548_PACIENTE 003_202605020016-converted.mp4,71,0.8,1,1,0.43994876747994793,1,0,0,0,0,,0,,0,0,0,0,liver_without_reference
clear,20260501_135548_PACIENTE 003_202605020016-converted.mp4,71,0.9,1,1,0.43111206613241654,1,0,0,0,0,,0,,0,0,0,0,liver_without_reference
clear,20260501_135548_PACIENTE 003_202605020016-converted.mp4,72,0.1,1,1,0.4728440724158069,1,0,0,0,0,,0,,0,0,0,0,liver_without_reference
clear,20260501_135548_PACIENTE 003_202605020016-converted.mp4,72,0.2,1,1,0.4659691520127647,1,0,0,0,0,,0,,0,0,0,0,liver_without_reference
clear,20260501_135548_PACIENTE 003_202605020016-converted.mp4,72,0.3,1,1,0.4616753193723386,1,0,0,0,0,,0,,0,0,0,0,liver_without_reference
clear,20260501_135548_PACIENTE 003_202605020016-converted.mp4,72,0.4,1,1,0.4575391394331876,1,0,0,0,0,,0,,0,0,0,0,liver_without_reference
clear,20260501_135548_PACIENTE 003_202605020016-converted.mp4,72,0.5,1,1,0.45355622668621576,1,0,0,0,0,,0,,0,0,0,0,liver_without_reference
clear,20260501_135548_PACIENTE 003_202605020016-converted.mp4,72,0.6,1,1,0.44941184342029883,1,0,0,0,0,,0,,0,0,0,0,liver_without_reference
clear,20260501_135548_PACIENTE 003_202605020016-converted.mp4,72,0.7,1,1,0.4449311901630831,1,0,0,0,0,,0,,0,0,0,0,liver_without_reference
clear,20260501_135548_PACIENTE 003_202605020016-converted.mp4,72,0.8,1,1,0.43951203124343846,1,0,0,0,0,,0,,0,0,0,0,liver_without_reference
clear,20260501_135548_PACIENTE 003_202605020016-converted.mp4,72,0.9,1,1,0.43058241586928403,1,0,0,0,0,,0,,0,0,0,0,liver_without_reference
clear,20260501_135548_PACIENTE 003_202605020016-converted.mp4,73,0.1,1,1,0.47403455431887564,1,0,0,0,0,,0,,0,0,0,0,liver_without_reference
clear,20260501_135548_PACIENTE 003_202605020016-converted.mp4,73,0.2,1,1,0.4671692091604576,1,0,0,0,0,,0,,0,0,0,0,liver_without_reference
clear,20260501_135548_PACIENTE 003_202605020016-converted.mp4,73,0.3,1,1,0.4628061636928821,1,0,0,0,0,,0,,0,0,0,0,liver_without_reference
clear,20260501_135548_PACIENTE 003_202605020016-converted.mp4,73,0.4,1,1,0.4587817508836208,1,0,0,0,0,,0,,0,0,0,0,liver_without_reference
clear,20260501_135548_PACIENTE 003_202605020016-converted.mp4,73,0.5,1,1,0.4549992898142655,1,0,0,0,0,,0,,0,0,0,0,liver_without_reference
clear,20260501_135548_PACIENTE 003_202605020016-converted.mp4,73,0.6,1,1,0.450881822782269,1,0,0,0,0,,0,,0,0,0,0,liver_without_reference
clear,20260501_135548_PACIENTE 003_202605020016-converted.mp4,73,0.7,1,1,0.44642041908718905,1,0,0,0,0,,0,,0,0,0,0,liver_without_reference
clear,20260501_135548_PACIENTE 003_202605020016-converted.mp4,73,0.8,1,1,0.44090596022040046,1,0,0,0,0,,0,,0,0,0,0,liver_without_reference
clear,20260501_135548_PACIENTE 003_202605020016-converted.mp4,73,0.9,1,1,0.43169990687404397,1,0,0,0,0,,0,,0,0,0,0,liver_without_reference
clear,20260501_135548_PACIENTE 003_202605020016-converted.mp4,74,0.1,1,1,0.4733026800878174,1,0,0,0,0,,0,,0,0,0,0,liver_without_reference
clear,20260501_135548_PACIENTE 003_202605020016-converted.mp4,74,0.2,1,1,0.4664198331172501,1,0,0,0,0,,0,,0,0,0,0,liver_without_reference
clear,20260501_135548_PACIENTE 003_202605020016-converted.mp4,74,0.3,1,1,0.4621417320209689,1,0,0,0,0,,0,,0,0,0,0,liver_without_reference
clear,20260501_135548_PACIENTE 003_202605020016-converted.mp4,74,0.4,1,1,0.45801010678473214,1,0,0,0,0,,0,,0,0,0,0,liver_without_reference
clear,20260501_135548_PACIENTE 003_202605020016-converted.mp4,74,0.5,1,1,0.4542944157347025,1,0,0,0,0,,0,,0,0,0,0,liver_without_reference
clear,20260501_135548_PACIENTE 003_202605020016-converted.mp4,74,0.6,1,1,0.45024172368222953,1,0,0,0,0,,0,,0,0,0,0,liver_without_reference
clear,20260501_135548_PACIENTE 003_202605020016-converted.mp4,74,0.7,1,1,0.44582986048576584,1,0,0,0,0,,0,,0,0,0,0,liver_without_reference
clear,20260501_135548_PACIENTE 003_202605020016-converted.mp4,74,0.8,1,1,0.44015320778806255,1,0,0,0,0,,0,,0,0,0,0,liver_without_reference
clear,20260501_135548_PACIENTE 003_202605020016-converted.mp4,74,0.9,1,1,0.4310551887170109,1,0,0,0,0,,0,,0,0,0,0,liver_without_reference
clear,20260501_135548_PACIENTE 003_202605020016-converted.mp4,75,0.1,1,1,0.47284220642574276,1,0,0,0,0,,0,,0,0,0,0,liver_without_reference
clear,20260501_135548_PACIENTE 003_202605020016-converted.mp4,75,0.2,1,1,0.4659455011656949,1,0,0,0,0,,0,,0,0,0,0,liver_without_reference
clear,20260501_135548_PACIENTE 003_202605020016-converted.mp4,75,0.3,1,1,0.46158943157192867,1,0,0,0,0,,0,,0,0,0,0,liver_without_reference
clear,20260501_135548_PACIENTE 003_202605020016-converted.mp4,75,0.4,1,1,0.45745608727042064,1,0,0,0,0,,0,,0,0,0,0,liver_without_reference
clear,20260501_135548_PACIENTE 003_202605020016-converted.mp4,75,0.5,1,1,0.45367453519949863,1,0,0,0,0,,0,,0,0,0,0,liver_without_reference
clear,20260501_135548_PACIENTE 003_202605020016-converted.mp4,75,0.6,1,1,0.4495133896270645,1,0,0,0,0,,0,,0,0,0,0,liver_without_reference
clear,20260501_135548_PACIENTE 003_202605020016-converted.mp4,75,0.7,1,1,0.44479442415306775,1,0,0,0,0,,0,,0,0,0,0,liver_without_reference
clear,20260501_135548_PACIENTE 003_202605020016-converted.mp4,75,0.8,1,1,0.4395138258912072,1,0,0,0,0,,0,,0,0,0,0,liver_without_reference
clear,20260501_135548_PACIENTE 003_202605020016-converted.mp4,75,0.9,1,1,0.4306568112668459,1,0,0,0,0,,0,,0,0,0,0,liver_without_reference
clear,20260501_135548_PACIENTE 003_202605020016-converted.mp4,76,0.1,1,1,0.4723485695821838,1,0,0,0,0,,0,,0,0,0,0,liver_without_reference
clear,20260501_135548_PACIENTE 003_202605020016-converted.mp4,76,0.2,1,1,0.4654180051614297,1,0,0,0,0,,0,,0,0,0,0,liver_without_reference
clear,20260501_135548_PACIENTE 003_202605020016-converted.mp4,76,0.3,1,1,0.46099190291836656,1,0,0,0,0,,0,,0,0,0,0,liver_without_reference
clear,20260501_135548_PACIENTE 003_202605020016-converted.mp4,76,0.4,1,1,0.4568088773521519,1,0,0,0,0,,0,,0,0,0,0,liver_without_reference
clear,20260501_135548_PACIENTE 003_202605020016-converted.mp4,76,0.5,1,1,0.4530217324097825,1,0,0,0,0,,0,,0,0,0,0,liver_without_reference
clear,20260501_135548_PACIENTE 003_202605020016-converted.mp4,76,0.6,1,1,0.448805988875413,1,0,0,0,0,,0,,0,0,0,0,liver_without_reference
clear,20260501_135548_PACIENTE 003_202605020016-converted.mp4,76,0.7,1,1,0.444248981147565,1,0,0,0,0,,0,,0,0,0,0,liver_without_reference
clear,20260501_135548_PACIENTE 003_202605020016-converted.mp4,76,0.8,1,1,0.43893895995900983,1,0,0,0,0,,0,,0,0,0,0,liver_without_reference
clear,20260501_135548_PACIENTE 003_202605020016-converted.mp4,76,0.9,1,1,0.4303846542831136,1,0,0,0,0,,0,,0,0,0,0,liver_without_reference
clear,20260501_135548_PACIENTE 003_202605020016-converted.mp4,77,0.1,1,1,0.47350083890879713,1,0,0,0,0,,0,,0,0,0,0,liver_without_reference
clear,20260501_135548_PACIENTE 003_202605020016-converted.mp4,77,0.2,1,1,0.4664785548357069,1,0,0,0,0,,0,,0,0,0,0,liver_without_reference
clear,20260501_135548_PACIENTE 003_202605020016-converted.mp4,77,0.3,1,1,0.4621763990064845,1,0,0,0,0,,0,,0,0,0,0,liver_without_reference
clear,20260501_135548_PACIENTE 003_202605020016-converted.mp4,77,0.4,1,1,0.45814588219582836,1,0,0,0,0,,0,,0,0,0,0,liver_without_reference
clear,20260501_135548_PACIENTE 003_202605020016-converted.mp4,77,0.5,1,1,0.45442125712853293,1,0,0,0,0,,0,,0,0,0,0,liver_without_reference
clear,20260501_135548_PACIENTE 003_202605020016-converted.mp4,77,0.6,1,1,0.4502758156322012,1,0,0,0,0,,0,,0,0,0,0,liver_without_reference
clear,20260501_135548_PACIENTE 003_202605020016-converted.mp4,77,0.7,1,1,0.4457298429319372,1,0,0,0,0,,0,,0,0,0,0,liver_without_reference
clear,20260501_135548_PACIENTE 003_202605020016-converted.mp4,77,0.8,1,1,0.44062664062664064,1,0,0,0,0,,0,,0,0,0,0,liver_without_reference
clear,20260501_135548_PACIENTE 003_202605020016-converted.mp4,77,0.9,1,1,0.43207935979502654,1,0,0,0,0,,0,,0,0,0,0,liver_without_reference
clear,20260501_135548_PACIENTE 003_202605020016-converted.mp4,78,0.1,1,1,0.47531508688194496,1,0,0,0,0,,0,,0,0,0,0,liver_without_reference
clear,20260501_135548_PACIENTE 003_202605020016-converted.mp4,78,0.2,1,1,0.46842930000374083,1,0,0,0,0,,0,,0,0,0,0,liver_without_reference
clear,20260501_135548_PACIENTE 003_202605020016-converted.mp4,78,0.3,1,1,0.46425207352144376,1,0,0,0,0,,0,,0,0,0,0,liver_without_reference
clear,20260501_135548_PACIENTE 003_202605020016-converted.mp4,78,0.4,1,1,0.4600885668613023,1,0,0,0,0,,0,,0,0,0,0,liver_without_reference
clear,20260501_135548_PACIENTE 003_202605020016-converted.mp4,78,0.5,1,1,0.45641083493149825,1,0,0,0,0,,0,,0,0,0,0,liver_without_reference
clear,20260501_135548_PACIENTE 003_202605020016-converted.mp4,78,0.6,1,1,0.45225178498977314,1,0,0,0,0,,0,,0,0,0,0,liver_without_reference
clear,20260501_135548_PACIENTE 003_202605020016-converted.mp4,78,0.7,1,1,0.4481933867819414,1,0,0,0,0,,0,,0,0,0,0,liver_without_reference
clear,20260501_135548_PACIENTE 003_202605020016-converted.mp4,78,0.8,1,1,0.44360438009551534,1,0,0,0,0,,0,,0,0,0,0,liver_without_reference
clear,20260501_135548_PACIENTE 003_202605020016-converted.mp4,78,0.9,1,1,0.43534771596067046,1,0,0,0,0,,0,,0,0,0,0,liver_without_reference
clear,20260501_135548_PACIENTE 003_202605020016-converted.mp4,79,0.1,1,1,0.47570888782088466,1,0,0,0,0,,0,,0,0,0,0,liver_without_reference
clear,20260501_135548_PACIENTE 003_202605020016-converted.mp4,79,0.2,1,1,0.46897795807753534,1,0,0,0,0,,0,,0,0,0,0,liver_without_reference
clear,20260501_135548_PACIENTE 003_202605020016-converted.mp4,79,0.3,1,1,0.4649558613905954,1,0,0,0,0,,0,,0,0,0,0,liver_without_reference
clear,20260501_135548_PACIENTE 003_202605020016-converted.mp4,79,0.4,1,1,0.46091816333941327,1,0,0,0,0,,0,,0,0,0,0,liver_without_reference
clear,20260501_135548_PACIENTE 003_202605020016-converted.mp4,79,0.5,1,1,0.457030760359999,1,0,0,0,0,,0,,0,0,0,0,liver_without_reference
clear,20260501_135548_PACIENTE 003_202605020016-converted.mp4,79,0.6,1,1,0.45305827090470274,1,0,0,0,0,,0,,0,0,0,0,liver_without_reference
clear,20260501_135548_PACIENTE 003_202605020016-converted.mp4,79,0.7,1,1,0.4490405438802994,1,0,0,0,0,,0,,0,0,0,0,liver_without_reference
clear,20260501_135548_PACIENTE 003_202605020016-converted.mp4,79,0.8,1,1,0.4444883163143149,1,0,0,0,0,,0,,0,0,0,0,liver_without_reference
clear,20260501_135548_PACIENTE 003_202605020016-converted.mp4,79,0.9,1,1,0.43676140865489976,1,0,0,0,0,,0,,0,0,0,0,liver_without_reference
clear,20260501_135548_PACIENTE 003_202605020016-converted.mp4,80,0.1,1,1,0.47455127036478445,1,0,0,0,0,,0,,0,0,0,0,liver_without_reference
clear,20260501_135548_PACIENTE 003_202605020016-converted.mp4,80,0.2,1,1,0.46800073160187555,1,0,0,0,0,,0,,0,0,0,0,liver_without_reference
clear,20260501_135548_PACIENTE 003_202605020016-converted.mp4,80,0.3,1,1,0.46388065673806755,1,0,0,0,0,,0,,0,0,0,0,liver_without_reference
clear,20260501_135548_PACIENTE 003_202605020016-converted.mp4,80,0.4,1,1,0.4598608392221355,1,0,0,0,0,,0,,0,0,0,0,liver_without_reference
clear,20260501_135548_PACIENTE 003_202605020016-converted.mp4,80,0.5,1,1,0.45613756503207203,1,0,0,0,0,,0,,0,0,0,0,liver_without_reference
clear,20260501_135548_PACIENTE 003_202605020016-converted.mp4,80,0.6,1,1,0.45224968208285926,1,0,0,0,0,,0,,0,0,0,0,liver_without_reference
clear,20260501_135548_PACIENTE 003_202605020016-converted.mp4,80,0.7,1,1,0.4482488479262673,1,0,0,0,0,,0,,0,0,0,0,liver_without_reference
clear,20260501_135548_PACIENTE 003_202605020016-converted.mp4,80,0.8,1,1,0.44363040601566933,1,0,0,0,0,,0,,0,0,0,0,liver_without_reference
clear,20260501_135548_PACIENTE 003_202605020016-converted.mp4,80,0.9,1,1,0.43578190462542254,1,0,0,0,0,,0,,0,0,0,0,liver_without_reference
clear,20260501_135548_PACIENTE 003_202605020016-converted.mp4,81,0.1,1,1,0.4748967237500155,1,0,0,0,0,,0,,0,0,0,0,liver_without_reference
clear,20260501_135548_PACIENTE 003_202605020016-converted.mp4,81,0.2,1,1,0.46828365964168434,1,0,0,0,0,,0,,0,0,0,0,liver_without_reference
clear,20260501_135548_PACIENTE 003_202605020016-converted.mp4,81,0.3,1,1,0.46404841896409427,1,0,0,0,0,,0,,0,0,0,0,liver_without_reference
clear,20260501_135548_PACIENTE 003_202605020016-converted.mp4,81,0.4,1,1,0.45995041280918947,1,0,0,0,0,,0,,0,0,0,0,liver_without_reference
clear,20260501_135548_PACIENTE 003_202605020016-converted.mp4,81,0.5,1,1,0.45632978834541693,1,0,0,0,0,,0,,0,0,0,0,liver_without_reference
clear,20260501_135548_PACIENTE 003_202605020016-converted.mp4,81,0.6,1,1,0.45255187416331993,1,0,0,0,0,,0,,0,0,0,0,liver_without_reference
clear,20260501_135548_PACIENTE 003_202605020016-converted.mp4,81,0.7,1,1,0.44827875136681844,1,0,0,0,0,,0,,0,0,0,0,liver_without_reference
clear,20260501_135548_PACIENTE 003_202605020016-converted.mp4,81,0.8,1,1,0.4436588951900861,1,0,0,0,0,,0,,0,0,0,0,liver_without_reference
clear,20260501_135548_PACIENTE 003_202605020016-converted.mp4,81,0.9,1,1,0.43553397485342404,1,0,0,0,0,,0,,0,0,0,0,liver_without_reference
clear,20260501_135548_PACIENTE 003_202605020016-converted.mp4,82,0.1,1,1,0.474478381200179,1,0,0,0,0,,0,,0,0,0,0,liver_without_reference
clear,20260501_135548_PACIENTE 003_202605020016-converted.mp4,82,0.2,1,1,0.4678786971918799,1,0,0,0,0,,0,,0,0,0,0,liver_without_reference
clear,20260501_135548_PACIENTE 003_202605020016-converted.mp4,82,0.3,1,1,0.46349636359847457,1,0,0,0,0,,0,,0,0,0,0,liver_without_reference
clear,20260501_135548_PACIENTE 003_202605020016-converted.mp4,82,0.4,1,1,0.4594543830504796,1,0,0,0,0,,0,,0,0,0,0,liver_without_reference
clear,20260501_135548_PACIENTE 003_202605020016-converted.mp4,82,0.5,1,1,0.455816790831185,1,0,0,0,0,,0,,0,0,0,0,liver_without_reference
clear,20260501_135548_PACIENTE 003_202605020016-converted.mp4,82,0.6,1,1,0.4519264957479472,1,0,0,0,0,,0,,0,0,0,0,liver_without_reference
clear,20260501_135548_PACIENTE 003_202605020016-converted.mp4,82,0.7,1,1,0.4477464381616264,1,0,0,0,0,,0,,0,0,0,0,liver_without_reference
clear,20260501_135548_PACIENTE 003_202605020016-converted.mp4,82,0.8,1,1,0.44288606616596937,1,0,0,0,0,,0,,0,0,0,0,liver_without_reference
clear,20260501_135548_PACIENTE 003_202605020016-converted.mp4,82,0.9,1,1,0.43460064988431046,1,0,0,0,0,,0,,0,0,0,0,liver_without_reference
clear,20260501_135548_PACIENTE 003_202605020016-converted.mp4,83,0.1,1,1,0.47436736655452993,1,0,0,0,0,,0,,0,0,0,0,liver_without_reference
clear,20260501_135548_PACIENTE 003_202605020016-converted.mp4,83,0.2,1,1,0.4678335106736716,1,0,0,0,0,,0,,0,0,0,0,liver_without_reference
clear,20260501_135548_PACIENTE 003_202605020016-converted.mp4,83,0.3,1,1,0.4634271376890119,1,0,0,0,0,,0,,0,0,0,0,liver_without_reference
clear,20260501_135548_PACIENTE 003_202605020016-converted.mp4,83,0.4,1,1,0.45928856724304157,1,0,0,0,0,,0,,0,0,0,0,liver_without_reference
clear,20260501_135548_PACIENTE 003_202605020016-converted.mp4,83,0.5,1,1,0.4555447852863267,1,0,0,0,0,,0,,0,0,0,0,liver_without_reference
clear,20260501_135548_PACIENTE 003_202605020016-converted.mp4,83,0.6,1,1,0.4516946706654453,1,0,0,0,0,,0,,0,0,0,0,liver_without_reference
clear,20260501_135548_PACIENTE 003_202605020016-converted.mp4,83,0.7,1,1,0.44758294235924934,1,0,0,0,0,,0,,0,0,0,0,liver_without_reference
clear,20260501_135548_PACIENTE 003_202605020016-converted.mp4,83,0.8,1,1,0.44272741019523504,1,0,0,0,0,,0,,0,0,0,0,liver_without_reference
clear,20260501_135548_PACIENTE 003_202605020016-converted.mp4,83,0.9,1,1,0.4340850376976016,1,0,0,0,0,,0,,0,0,0,0,liver_without_reference
clear,20260501_135548_PACIENTE 003_202605020016-converted.mp4,84,0.1,1,1,0.47332396968830664,1,0,0,0,0,,0,,0,0,0,0,liver_without_reference
clear,20260501_135548_PACIENTE 003_202605020016-converted.mp4,84,0.2,1,1,0.466670823201779,1,0,0,0,0,,0,,0,0,0,0,liver_without_reference
clear,20260501_135548_PACIENTE 003_202605020016-converted.mp4,84,0.3,1,1,0.46221814695952984,1,0,0,0,0,,0,,0,0,0,0,liver_without_reference
clear,20260501_135548_PACIENTE 003_202605020016-converted.mp4,84,0.4,1,1,0.45813786540676804,1,0,0,0,0,,0,,0,0,0,0,liver_without_reference
clear,20260501_135548_PACIENTE 003_202605020016-converted.mp4,84,0.5,1,1,0.45434831657850533,1,0,0,0,0,,0,,0,0,0,0,liver_without_reference
clear,20260501_135548_PACIENTE 003_202605020016-converted.mp4,84,0.6,1,1,0.45048082352793545,1,0,0,0,0,,0,,0,0,0,0,liver_without_reference
clear,20260501_135548_PACIENTE 003_202605020016-converted.mp4,84,0.7,1,1,0.44619135593007325,1,0,0,0,0,,0,,0,0,0,0,liver_without_reference
clear,20260501_135548_PACIENTE 003_202605020016-converted.mp4,84,0.8,1,1,0.44127765572689354,1,0,0,0,0,,0,,0,0,0,0,liver_without_reference
clear,20260501_135548_PACIENTE 003_202605020016-converted.mp4,84,0.9,1,1,0.4321485621319981,1,0,0,0,0,,0,,0,0,0,0,liver_without_reference
clear,20260501_135548_PACIENTE 003_202605020016-converted.mp4,85,0.1,1,1,0.4719419989642672,1,0,0,0,0,,0,,0,0,0,0,liver_without_reference
clear,20260501_135548_PACIENTE 003_202605020016-converted.mp4,85,0.2,1,1,0.4652543112585259,1,0,0,0,0,,0,,0,0,0,0,liver_without_reference
clear,20260501_135548_PACIENTE 003_202605020016-converted.mp4,85,0.3,1,1,0.4608556127445873,1,0,0,0,0,,0,,0,0,0,0,liver_without_reference
clear,20260501_135548_PACIENTE 003_202605020016-converted.mp4,85,0.4,1,1,0.4569191472311725,1,0,0,0,0,,0,,0,0,0,0,liver_without_reference
clear,20260501_135548_PACIENTE 003_202605020016-converted.mp4,85,0.5,1,1,0.45323232998512525,1,0,0,0,0,,0,,0,0,0,0,liver_without_reference
clear,20260501_135548_PACIENTE 003_202605020016-converted.mp4,85,0.6,1,1,0.44931318911141227,1,0,0,0,0,,0,,0,0,0,0,liver_without_reference
clear,20260501_135548_PACIENTE 003_202605020016-converted.mp4,85,0.7,1,1,0.44499088871667053,1,0,0,0,0,,0,,0,0,0,0,liver_without_reference
clear,20260501_135548_PACIENTE 003_202605020016-converted.mp4,85,0.8,1,1,0.4396115379283983,1,0,0,0,0,,0,,0,0,0,0,liver_without_reference
clear,20260501_135548_PACIENTE 003_202605020016-converted.mp4,85,0.9,1,1,0.4303138605223563,1,0,0,0,0,,0,,0,0,0,0,liver_without_reference
clear,20260501_135548_PACIENTE 003_202605020016-converted.mp4,86,0.1,1,1,0.4701352498912616,1,0,0,0,0,,0,,0,0,0,0,liver_without_reference
clear,20260501_135548_PACIENTE 003_202605020016-converted.mp4,86,0.2,1,1,0.4633175268785923,1,0,0,0,0,,0,,0,0,0,0,liver_without_reference
clear,20260501_135548_PACIENTE 003_202605020016-converted.mp4,86,0.3,1,1,0.45899678708499847,1,0,0,0,0,,0,,0,0,0,0,liver_without_reference
clear,20260501_135548_PACIENTE 003_202605020016-converted.mp4,86,0.4,1,1,0.4550386658709524,1,0,0,0,0,,0,,0,0,0,0,liver_without_reference
clear,20260501_135548_PACIENTE 003_202605020016-converted.mp4,86,0.5,1,1,0.4512476865680995,1,0,0,0,0,,0,,0,0,0,0,liver_without_reference
clear,20260501_135548_PACIENTE 003_202605020016-converted.mp4,86,0.6,1,1,0.4472702483417397,1,0,0,0,0,,0,,0,0,0,0,liver_without_reference
clear,20260501_135548_PACIENTE 003_202605020016-converted.mp4,86,0.7,1,1,0.4425074556847502,1,0,0,0,0,,0,,0,0,0,0,liver_without_reference
clear,20260501_135548_PACIENTE 003_202605020016-converted.mp4,86,0.8,1,1,0.437064508406379,1,0,0,0,0,,0,,0,0,0,0,liver_without_reference
clear,20260501_135548_PACIENTE 003_202605020016-converted.mp4,86,0.9,1,1,0.4275787087176937,1,0,0,0,0,,0,,0,0,0,0,liver_without_reference
clear,20260501_135548_PACIENTE 003_202605020016-converted.mp4,87,0.1,1,1,0.4695748347223833,1,0,0,0,0,,0,,0,0,0,0,liver_without_reference
clear,20260501_135548_PACIENTE 003_202605020016-converted.mp4,87,0.2,1,1,0.4626221237798011,1,0,0,0,0,,0,,0,0,0,0,liver_without_reference
clear,20260501_135548_PACIENTE 003_202605020016-converted.mp4,87,0.3,1,1,0.45833402783565297,1,0,0,0,0,,0,,0,0,0,0,liver_without_reference
clear,20260501_135548_PACIENTE 003_202605020016-converted.mp4,87,0.4,1,1,0.4542415744403826,1,0,0,0,0,,0,,0,0,0,0,liver_without_reference
clear,20260501_135548_PACIENTE 003_202605020016-converted.mp4,87,0.5,1,1,0.45039644411767166,1,0,0,0,0,,0,,0,0,0,0,liver_without_reference
clear,20260501_135548_PACIENTE 003_202605020016-converted.mp4,87,0.6,1,1,0.44608706198220954,1,0,0,0,0,,0,,0,0,0,0,liver_without_reference
clear,20260501_135548_PACIENTE 003_202605020016-converted.mp4,87,0.7,1,1,0.44153211451069085,1,0,0,0,0,,0,,0,0,0,0,liver_without_reference
clear,20260501_135548_PACIENTE 003_202605020016-converted.mp4,87,0.8,1,1,0.436096762000756,1,0,0,0,0,,0,,0,0,0,0,liver_without_reference
clear,20260501_135548_PACIENTE 003_202605020016-converted.mp4,87,0.9,1,1,0.4266011554360697,1,0,0,0,0,,0,,0,0,0,0,liver_without_reference
clear,20260501_135548_PACIENTE 003_202605020016-converted.mp4,88,0.1,1,1,0.4699103607111494,1,0,0,0,0,,0,,0,0,0,0,liver_without_reference
clear,20260501_135548_PACIENTE 003_202605020016-converted.mp4,88,0.2,1,1,0.46300536479349075,1,0,0,0,0,,0,,0,0,0,0,liver_without_reference
clear,20260501_135548_PACIENTE 003_202605020016-converted.mp4,88,0.3,1,1,0.4586904796629733,1,0,0,0,0,,0,,0,0,0,0,liver_without_reference
clear,20260501_135548_PACIENTE 003_202605020016-converted.mp4,88,0.4,1,1,0.4546144986562954,1,0,0,0,0,,0,,0,0,0,0,liver_without_reference
clear,20260501_135548_PACIENTE 003_202605020016-converted.mp4,88,0.5,1,1,0.45072122915996543,1,0,0,0,0,,0,,0,0,0,0,liver_without_reference
clear,20260501_135548_PACIENTE 003_202605020016-converted.mp4,88,0.6,1,1,0.4464452994312479,1,0,0,0,0,,0,,0,0,0,0,liver_without_reference
clear,20260501_135548_PACIENTE 003_202605020016-converted.mp4,88,0.7,1,1,0.4418579326520355,1,0,0,0,0,,0,,0,0,0,0,liver_without_reference
clear,20260501_135548_PACIENTE 003_202605020016-converted.mp4,88,0.8,1,1,0.43634744848034335,1,0,0,0,0,,0,,0,0,0,0,liver_without_reference
clear,20260501_135548_PACIENTE 003_202605020016-converted.mp4,88,0.9,1,1,0.426769092035346,1,0,0,0,0,,0,,0,0,0,0,liver_without_reference
clear,20260501_135548_PACIENTE 003_202605020016-converted.mp4,89,0.1,1,1,0.47001975899821463,1,0,0,0,0,,0,,0,0,0,0,liver_without_reference
clear,20260501_135548_PACIENTE 003_202605020016-converted.mp4,89,0.2,1,1,0.46308300920847045,1,0,0,0,0,,0,,0,0,0,0,liver_without_reference
clear,20260501_135548_PACIENTE 003_202605020016-converted.mp4,89,0.3,1,1,0.45884951142779756,1,0,0,0,0,,0,,0,0,0,0,liver_without_reference
clear,20260501_135548_PACIENTE 003_202605020016-converted.mp4,89,0.4,1,1,0.45483262533278807,1,0,0,0,0,,0,,0,0,0,0,liver_without_reference
clear,20260501_135548_PACIENTE 003_202605020016-converted.mp4,89,0.5,1,1,0.45099316999812017,1,0,0,0,0,,0,,0,0,0,0,liver_without_reference
clear,20260501_135548_PACIENTE 003_202605020016-converted.mp4,89,0.6,1,1,0.4467334119556035,1,0,0,0,0,,0,,0,0,0,0,liver_without_reference
clear,20260501_135548_PACIENTE 003_202605020016-converted.mp4,89,0.7,1,1,0.4422842543923942,1,0,0,0,0,,0,,0,0,0,0,liver_without_reference
clear,20260501_135548_PACIENTE 003_202605020016-converted.mp4,89,0.8,1,1,0.43695721556835937,1,0,0,0,0,,0,,0,0,0,0,liver_without_reference
clear,20260501_135548_PACIENTE 003_202605020016-converted.mp4,89,0.9,1,1,0.4277244494635799,1,0,0,0,0,,0,,0,0,0,0,liver_without_reference
clear,20260501_135548_PACIENTE 003_202605020016-converted.mp4,90,0.1,1,1,0.47091717961675794,1,0,0,0,0,,0,,0,0,0,0,liver_without_reference
clear,20260501_135548_PACIENTE 003_202605020016-converted.mp4,90,0.2,1,1,0.46404574220973765,1,0,0,0,0,,0,,0,0,0,0,liver_without_reference
clear,20260501_135548_PACIENTE 003_202605020016-converted.mp4,90,0.3,1,1,0.4597714080944702,1,0,0,0,0,,0,,0,0,0,0,liver_without_reference
clear,20260501_135548_PACIENTE 003_202605020016-converted.mp4,90,0.4,1,1,0.455726786764982,1,0,0,0,0,,0,,0,0,0,0,liver_without_reference
clear,20260501_135548_PACIENTE 003_202605020016-converted.mp4,90,0.5,1,1,0.4518109782331736,1,0,0,0,0,,0,,0,0,0,0,liver_without_reference
clear,20260501_135548_PACIENTE 003_202605020016-converted.mp4,90,0.6,1,1,0.44767193864322574,1,0,0,0,0,,0,,0,0,0,0,liver_without_reference
clear,20260501_135548_PACIENTE 003_202605020016-converted.mp4,90,0.7,1,1,0.44318429296567435,1,0,0,0,0,,0,,0,0,0,0,liver_without_reference
clear,20260501_135548_PACIENTE 003_202605020016-converted.mp4,90,0.8,1,1,0.4379314978750567,1,0,0,0,0,,0,,0,0,0,0,liver_without_reference
clear,20260501_135548_PACIENTE 003_202605020016-converted.mp4,90,0.9,1,1,0.42891032204511076,1,0,0,0,0,,0,,0,0,0,0,liver_without_reference
clear,20260501_135548_PACIENTE 003_202605020016-converted.mp4,91,0.1,1,1,0.4717817434673825,1,0,0,0,0,,0,,0,0,0,0,liver_without_reference
clear,20260501_135548_PACIENTE 003_202605020016-converted.mp4,91,0.2,1,1,0.46503162321418184,1,0,0,0,0,,0,,0,0,0,0,liver_without_reference
clear,20260501_135548_PACIENTE 003_202605020016-converted.mp4,91,0.3,1,1,0.4608236554031811,1,0,0,0,0,,0,,0,0,0,0,liver_without_reference
clear,20260501_135548_PACIENTE 003_202605020016-converted.mp4,91,0.4,1,1,0.4568904357696706,1,0,0,0,0,,0,,0,0,0,0,liver_without_reference
clear,20260501_135548_PACIENTE 003_202605020016-converted.mp4,91,0.5,1,1,0.4529755290618499,1,0,0,0,0,,0,,0,0,0,0,liver_without_reference
clear,20260501_135548_PACIENTE 003_202605020016-converted.mp4,91,0.6,1,1,0.44885242062297165,1,0,0,0,0,,0,,0,0,0,0,liver_without_reference
clear,20260501_135548_PACIENTE 003_202605020016-converted.mp4,91,0.7,1,1,0.44441047376532866,1,0,0,0,0,,0,,0,0,0,0,liver_without_reference
clear,20260501_135548_PACIENTE 003_202605020016-converted.mp4,91,0.8,1,1,0.4392187001293487,1,0,0,0,0,,0,,0,0,0,0,liver_without_reference
clear,20260501_135548_PACIENTE 003_202605020016-converted.mp4,91,0.9,1,1,0.4301846881202095,1,0,0,0,0,,0,,0,0,0,0,liver_without_reference
clear,20260501_135548_PACIENTE 003_202605020016-converted.mp4,92,0.1,1,1,0.4726090955036165,1,0,0,0,0,,0,,0,0,0,0,liver_without_reference
clear,20260501_135548_PACIENTE 003_202605020016-converted.mp4,92,0.2,1,1,0.4660557702697087,1,0,0,0,0,,0,,0,0,0,0,liver_without_reference
clear,20260501_135548_PACIENTE 003_202605020016-converted.mp4,92,0.3,1,1,0.4617788742019902,1,0,0,0,0,,0,,0,0,0,0,liver_without_reference
clear,20260501_135548_PACIENTE 003_202605020016-converted.mp4,92,0.4,1,1,0.45792504799265504,1,0,0,0,0,,0,,0,0,0,0,liver_without_reference
clear,20260501_135548_PACIENTE 003_202605020016-converted.mp4,92,0.5,1,1,0.4541284595300261,1,0,0,0,0,,0,,0,0,0,0,liver_without_reference
clear,20260501_135548_PACIENTE 003_202605020016-converted.mp4,92,0.6,1,1,0.45010037641154327,1,0,0,0,0,,0,,0,0,0,0,liver_without_reference
clear,20260501_135548_PACIENTE 003_202605020016-converted.mp4,92,0.7,1,1,0.44557391468241503,1,0,0,0,0,,0,,0,0,0,0,liver_without_reference
clear,20260501_135548_PACIENTE 003_202605020016-converted.mp4,92,0.8,1,1,0.4404350930242325,1,0,0,0,0,,0,,0,0,0,0,liver_without_reference
clear,20260501_135548_PACIENTE 003_202605020016-converted.mp4,92,0.9,1,1,0.43166446838904876,1,0,0,0,0,,0,,0,0,0,0,liver_without_reference
clear,20260501_135548_PACIENTE 003_202605020016-converted.mp4,93,0.1,1,1,0.4734675111112952,1,0,0,0,0,,0,,0,0,0,0,liver_without_reference
clear,20260501_135548_PACIENTE 003_202605020016-converted.mp4,93,0.2,1,1,0.46677802986860806,1,0,0,0,0,,0,,0,0,0,0,liver_without_reference
clear,20260501_135548_PACIENTE 003_202605020016-converted.mp4,93,0.3,1,1,0.4625054688639347,1,0,0,0,0,,0,,0,0,0,0,liver_without_reference
clear,20260501_135548_PACIENTE 003_202605020016-converted.mp4,93,0.4,1,1,0.4586876872616196,1,0,0,0,0,,0,,0,0,0,0,liver_without_reference
clear,20260501_135548_PACIENTE 003_202605020016-converted.mp4,93,0.5,1,1,0.4548515240247453,1,0,0,0,0,,0,,0,0,0,0,liver_without_reference
clear,20260501_135548_PACIENTE 003_202605020016-converted.mp4,93,0.6,1,1,0.45085919563062743,1,0,0,0,0,,0,,0,0,0,0,liver_without_reference
clear,20260501_135548_PACIENTE 003_202605020016-converted.mp4,93,0.7,1,1,0.44643604992042885,1,0,0,0,0,,0,,0,0,0,0,liver_without_reference
clear,20260501_135548_PACIENTE 003_202605020016-converted.mp4,93,0.8,1,1,0.44132086327309683,1,0,0,0,0,,0,,0,0,0,0,liver_without_reference
clear,20260501_135548_PACIENTE 003_202605020016-converted.mp4,93,0.9,1,1,0.4328324878229653,1,0,0,0,0,,0,,0,0,0,0,liver_without_reference
clear,20260501_135548_PACIENTE 003_202605020016-converted.mp4,94,0.1,1,1,0.47373173398720964,1,0,0,0,0,,0,,0,0,0,0,liver_without_reference
clear,20260501_135548_PACIENTE 003_202605020016-converted.mp4,94,0.2,1,1,0.4669755266547555,1,0,0,0,0,,0,,0,0,0,0,liver_without_reference
clear,20260501_135548_PACIENTE 003_202605020016-converted.mp4,94,0.3,1,1,0.4628102617094238,1,0,0,0,0,,0,,0,0,0,0,liver_without_reference
clear,20260501_135548_PACIENTE 003_202605020016-converted.mp4,94,0.4,1,1,0.4589962820625164,1,0,0,0,0,,0,,0,0,0,0,liver_without_reference
clear,20260501_135548_PACIENTE 003_202605020016-converted.mp4,94,0.5,1,1,0.45512606305659054,1,0,0,0,0,,0,,0,0,0,0,liver_without_reference
clear,20260501_135548_PACIENTE 003_202605020016-converted.mp4,94,0.6,1,1,0.4510390224114353,1,0,0,0,0,,0,,0,0,0,0,liver_without_reference
clear,20260501_135548_PACIENTE 003_202605020016-converted.mp4,94,0.7,1,1,0.4466713848395891,1,0,0,0,0,,0,,0,0,0,0,liver_without_reference
clear,20260501_135548_PACIENTE 003_202605020016-converted.mp4,94,0.8,1,1,0.44153466261275637,1,0,0,0,0,,0,,0,0,0,0,liver_without_reference
clear,20260501_135548_PACIENTE 003_202605020016-converted.mp4,94,0.9,1,1,0.433049633437263,1,0,0,0,0,,0,,0,0,0,0,liver_without_reference
clear,20260501_135548_PACIENTE 003_202605020016-converted.mp4,95,0.1,1,1,0.47264812835996456,1,0,0,0,0,,0,,0,0,0,0,liver_without_reference
clear,20260501_135548_PACIENTE 003_202605020016-converted.mp4,95,0.2,1,1,0.4659908599916909,1,0,0,0,0,,0,,0,0,0,0,liver_without_reference
clear,20260501_135548_PACIENTE 003_202605020016-converted.mp4,95,0.3,1,1,0.4619800932426183,1,0,0,0,0,,0,,0,0,0,0,liver_without_reference
clear,20260501_135548_PACIENTE 003_202605020016-converted.mp4,95,0.4,1,1,0.45823859013780704,1,0,0,0,0,,0,,0,0,0,0,liver_without_reference
clear,20260501_135548_PACIENTE 003_202605020016-converted.mp4,95,0.5,1,1,0.454270177255793,1,0,0,0,0,,0,,0,0,0,0,liver_without_reference
clear,20260501_135548_PACIENTE 003_202605020016-converted.mp4,95,0.6,1,1,0.45017289897431395,1,0,0,0,0,,0,,0,0,0,0,liver_without_reference
clear,20260501_135548_PACIENTE 003_202605020016-converted.mp4,95,0.7,1,1,0.4457611859048177,1,0,0,0,0,,0,,0,0,0,0,liver_without_reference
clear,20260501_135548_PACIENTE 003_202605020016-converted.mp4,95,0.8,1,1,0.44061875409395523,1,0,0,0,0,,0,,0,0,0,0,liver_without_reference
clear,20260501_135548_PACIENTE 003_202605020016-converted.mp4,95,0.9,1,1,0.43219046495559416,1,0,0,0,0,,0,,0,0,0,0,liver_without_reference
clear,20260501_135548_PACIENTE 003_202605020016-converted.mp4,96,0.1,1,1,0.47247658925901537,1,0,0,0,0,,0,,0,0,0,0,liver_without_reference
clear,20260501_135548_PACIENTE 003_202605020016-converted.mp4,96,0.2,1,1,0.4658974763800138,1,0,0,0,0,,0,,0,0,0,0,liver_without_reference
clear,20260501_135548_PACIENTE 003_202605020016-converted.mp4,96,0.3,1,1,0.4617285082200798,1,0,0,0,0,,0,,0,0,0,0,liver_without_reference
clear,20260501_135548_PACIENTE 003_202605020016-converted.mp4,96,0.4,1,1,0.45801033052679013,1,0,0,0,0,,0,,0,0,0,0,liver_without_reference
clear,20260501_135548_PACIENTE 003_202605020016-converted.mp4,96,0.5,1,1,0.45407502693853,1,0,0,0,0,,0,,0,0,0,0,liver_without_reference
clear,20260501_135548_PACIENTE 003_202605020016-converted.mp4,96,0.6,1,1,0.4500029269842863,1,0,0,0,0,,0,,0,0,0,0,liver_without_reference
clear,20260501_135548_PACIENTE 003_202605020016-converted.mp4,96,0.7,1,1,0.44549645939506116,1,0,0,0,0,,0,,0,0,0,0,liver_without_reference
clear,20260501_135548_PACIENTE 003_202605020016-converted.mp4,96,0.8,1,1,0.4403957103386884,1,0,0,0,0,,0,,0,0,0,0,liver_without_reference
clear,20260501_135548_PACIENTE 003_202605020016-converted.mp4,96,0.9,1,1,0.43192264751111203,1,0,0,0,0,,0,,0,0,0,0,liver_without_reference
clear,20260501_135548_PACIENTE 003_202605020016-converted.mp4,97,0.1,1,1,0.4717261658245672,1,0,0,0,0,,0,,0,0,0,0,liver_without_reference
clear,20260501_135548_PACIENTE 003_202605020016-converted.mp4,97,0.2,1,1,0.46517656834233484,1,0,0,0,0,,0,,0,0,0,0,liver_without_reference
clear,20260501_135548_PACIENTE 003_202605020016-converted.mp4,97,0.3,1,1,0.46094111275439,1,0,0,0,0,,0,,0,0,0,0,liver_without_reference
clear,20260501_135548_PACIENTE 003_202605020016-converted.mp4,97,0.4,1,1,0.45715263175461435,1,0,0,0,0,,0,,0,0,0,0,liver_without_reference
clear,20260501_135548_PACIENTE 003_202605020016-converted.mp4,97,0.5,1,1,0.45309132824376475,1,0,0,0,0,,0,,0,0,0,0,liver_without_reference
clear,20260501_135548_PACIENTE 003_202605020016-converted.mp4,97,0.6,1,1,0.4489207971299308,1,0,0,0,0,,0,,0,0,0,0,liver_without_reference
clear,20260501_135548_PACIENTE 003_202605020016-converted.mp4,97,0.7,1,1,0.444461193811109,1,0,0,0,0,,0,,0,0,0,0,liver_without_reference
clear,20260501_135548_PACIENTE 003_202605020016-converted.mp4,97,0.8,1,1,0.43934278924075615,1,0,0,0,0,,0,,0,0,0,0,liver_without_reference
clear,20260501_135548_PACIENTE 003_202605020016-converted.mp4,97,0.9,1,1,0.4307591198439547,1,0,0,0,0,,0,,0,0,0,0,liver_without_reference
clear,20260501_135548_PACIENTE 003_202605020016-converted.mp4,98,0.1,1,1,0.47146501669027324,1,0,0,0,0,,0,,0,0,0,0,liver_without_reference
clear,20260501_135548_PACIENTE 003_202605020016-converted.mp4,98,0.2,1,1,0.4649849819908521,1,0,0,0,0,,0,,0,0,0,0,liver_without_reference
clear,20260501_135548_PACIENTE 003_202605020016-converted.mp4,98,0.3,1,1,0.4607908079305762,1,0,0,0,0,,0,,0,0,0,0,liver_without_reference
clear,20260501_135548_PACIENTE 003_202605020016-converted.mp4,98,0.4,1,1,0.4570111393883767,1,0,0,0,0,,0,,0,0,0,0,liver_without_reference
clear,20260501_135548_PACIENTE 003_202605020016-converted.mp4,98,0.5,1,1,0.45288369179369387,1,0,0,0,0,,0,,0,0,0,0,liver_without_reference
clear,20260501_135548_PACIENTE 003_202605020016-converted.mp4,98,0.6,1,1,0.44865490914260386,1,0,0,0,0,,0,,0,0,0,0,liver_without_reference
clear,20260501_135548_PACIENTE 003_202605020016-converted.mp4,98,0.7,1,1,0.44416576292903115,1,0,0,0,0,,0,,0,0,0,0,liver_without_reference
clear,20260501_135548_PACIENTE 003_202605020016-converted.mp4,98,0.8,1,1,0.4391002762825304,1,0,0,0,0,,0,,0,0,0,0,liver_without_reference
clear,20260501_135548_PACIENTE 003_202605020016-converted.mp4,98,0.9,1,1,0.4305544438499745,1,0,0,0,0,,0,,0,0,0,0,liver_without_reference
clear,20260501_135548_PACIENTE 003_202605020016-converted.mp4,99,0.1,1,1,0.4718611132968612,1,0,0,0,0,,0,,0,0,0,0,liver_without_reference
clear,20260501_135548_PACIENTE 003_202605020016-converted.mp4,99,0.2,1,1,0.4653492081955499,1,0,0,0,0,,0,,0,0,0,0,liver_without_reference
clear,20260501_135548_PACIENTE 003_202605020016-converted.mp4,99,0.3,1,1,0.46118563572737875,1,0,0,0,0,,0,,0,0,0,0,liver_without_reference
clear,20260501_135548_PACIENTE 003_202605020016-converted.mp4,99,0.4,1,1,0.4573746897227843,1,0,0,0,0,,0,,0,0,0,0,liver_without_reference
clear,20260501_135548_PACIENTE 003_202605020016-converted.mp4,99,0.5,1,1,0.4533442469597755,1,0,0,0,0,,0,,0,0,0,0,liver_without_reference
clear,20260501_135548_PACIENTE 003_202605020016-converted.mp4,99,0.6,1,1,0.4490672219016799,1,0,0,0,0,,0,,0,0,0,0,liver_without_reference
clear,20260501_135548_PACIENTE 003_202605020016-converted.mp4,99,0.7,1,1,0.444591918337611,1,0,0,0,0,,0,,0,0,0,0,liver_without_reference
clear,20260501_135548_PACIENTE 003_202605020016-converted.mp4,99,0.8,1,1,0.4394718058529622,1,0,0,0,0,,0,,0,0,0,0,liver_without_reference
clear,20260501_135548_PACIENTE 003_202605020016-converted.mp4,99,0.9,1,1,0.43101472719307116,1,0,0,0,0,,0,,0,0,0,0,liver_without_reference
clear,20260501_135548_PACIENTE 003_202605020016-converted.mp4,100,0.1,1,1,0.47120386322973956,1,0,0,0,0,,0,,0,0,0,0,liver_without_reference
clear,20260501_135548_PACIENTE 003_202605020016-converted.mp4,100,0.2,1,1,0.4646262375312109,1,0,0,0,0,,0,,0,0,0,0,liver_without_reference
clear,20260501_135548_PACIENTE 003_202605020016-converted.mp4,100,0.3,1,1,0.4604360306462969,1,0,0,0,0,,0,,0,0,0,0,liver_without_reference
clear,20260501_135548_PACIENTE 003_202605020016-converted.mp4,100,0.4,1,1,0.4563753629476354,1,0,0,0,0,,0,,0,0,0,0,liver_without_reference
clear,20260501_135548_PACIENTE 003_202605020016-converted.mp4,100,0.5,1,1,0.45219461265399874,1,0,0,0,0,,0,,0,0,0,0,liver_without_reference
clear,20260501_135548_PACIENTE 003_202605020016-converted.mp4,100,0.6,1,1,0.4480225445392627,1,0,0,0,0,,0,,0,0,0,0,liver_without_reference
clear,20260501_135548_PACIENTE 003_202605020016-converted.mp4,100,0.7,1,1,0.4435223528131006,1,0,0,0,0,,0,,0,0,0,0,liver_without_reference
clear,20260501_135548_PACIENTE 003_202605020016-converted.mp4,100,0.8,1,1,0.43844916844761495,1,0,0,0,0,,0,,0,0,0,0,liver_without_reference
clear,20260501_135548_PACIENTE 003_202605020016-converted.mp4,100,0.9,1,1,0.42990862867180885,1,0,0,0,0,,0,,0,0,0,0,liver_without_reference
medium,20260501_135548_PACIENTE 003_202605020017-converted.mp4,0,0.1,1,1,0.4539017370960061,1,217,217,1,0,18.631760983888302,1,5.252388619652643,1,1,0,0,liver_without_reference
medium,20260501_135548_PACIENTE 003_202605020017-converted.mp4,0,0.2,1,1,0.44773955559617323,1,182,182,1,0,17.606659970162283,1,5.266120284126279,1,1,0,0,liver_without_reference
medium,20260501_135548_PACIENTE 003_202605020017-converted.mp4,0,0.3,1,1,0.44373260909409,1,162,162,1,0,16.165224151841713,1,5.270774839108755,1,1,0,0,liver_without_reference
medium,20260501_135548_PACIENTE 003_202605020017-converted.mp4,0,0.4,1,1,0.44011080471086894,1,145,145,1,0,15.154603967213776,1,5.279425509168325,1,1,0,0,liver_without_reference
medium,20260501_135548_PACIENTE 003_202605020017-converted.mp4,0,0.5,1,1,0.4363579422081176,1,134,134,1,0,14.7392745060612,1,5.274924376690661,1,1,0,0,liver_without_reference
medium,20260501_135548_PACIENTE 003_202605020017-converted.mp4,0,0.6,1,1,0.4326106224288438,1,118,118,1,0,13.317129925018234,1,5.293610863241946,1,1,0,0,liver_without_reference
medium,20260501_135548_PACIENTE 003_202605020017-converted.mp4,0,0.7,1,1,0.4284452333803625,1,108,108,1,0,12.94436165395026,1,5.300766001176883,1,1,0,0,liver_without_reference
medium,20260501_135548_PACIENTE 003_202605020017-converted.mp4,0,0.8,1,1,0.4233951713454491,1,93,93,1,0,11.76766647778109,1,5.289148353365362,1,1,0,0,liver_without_reference
medium,20260501_135548_PACIENTE 003_202605020017-converted.mp4,0,0.9,1,1,0.41442746676999276,1,66,66,1,0,10.161471824586894,1,5.340307127672501,1,1,0,0,liver_without_reference
medium,20260501_135548_PACIENTE 003_202605020017-converted.mp4,1,0.1,1,1,0.45009191633129625,1,169,169,1,0,12.674628036415484,1,5.171818799731092,1,1,0,0,liver_without_reference
medium,20260501_135548_PACIENTE 003_202605020017-converted.mp4,1,0.2,1,1,0.4437199141085439,1,133,133,1,0,10.156489387042965,1,5.235550810823564,1,1,0,0,liver_without_reference
medium,20260501_135548_PACIENTE 003_202605020017-converted.mp4,1,0.3,1,1,0.43963133256701153,1,122,122,1,0,9.689134817541586,1,5.241403023040197,1,1,0,0,liver_without_reference
medium,20260501_135548_PACIENTE 003_202605020017-converted.mp4,1,0.4,1,1,0.4356862221703189,1,111,111,1,0,8.692904786125734,1,5.249848055942339,1,1,0,0,liver_without_reference
medium,20260501_135548_PACIENTE 003_202605020017-converted.mp4,1,0.5,1,1,0.43187093972845236,1,99,99,1,0,8.336779207973162,1,5.229794117882195,1,1,0,0,liver_without_reference
medium,20260501_135548_PACIENTE 003_202605020017-converted.mp4,1,0.6,1,1,0.4278375723630588,1,86,86,1,0,7.207839311417145,1,5.2157858423510355,1,1,0,0,liver_without_reference
medium,20260501_135548_PACIENTE 003_202605020017-converted.mp4,1,0.7,1,1,0.4234687897662581,1,79,79,1,0,7.201185609802669,1,5.183965947604024,1,1,0,0,liver_without_reference
medium,20260501_135548_PACIENTE 003_202605020017-converted.mp4,1,0.8,1,1,0.41804971415619413,1,61,61,1,0,5.8066582731373435,1,5.139094192068109,1,1,0,0,liver_without_reference
medium,20260501_135548_PACIENTE 003_202605020017-converted.mp4,1,0.9,1,1,0.4079072587776552,1,45,45,0,0,4.99876527964533,1,5.107639229283054,1,1,0,0,liver_without_reference
medium,20260501_135548_PACIENTE 003_202605020017-converted.mp4,2,0.1,1,1,0.44969402373282763,1,201,201,1,0,13.13824003261755,1,5.2489516079092775,1,1,0,0,liver_without_reference
medium,20260501_135548_PACIENTE 003_202605020017-converted.mp4,2,0.2,1,1,0.4431891341820523,1,170,170,1,0,10.93897669220775,1,5.287170426008252,1,1,0,0,liver_without_reference
medium,20260501_135548_PACIENTE 003_202605020017-converted.mp4,2,0.3,1,1,0.43896394895545265,1,153,153,1,0,10.372151583541152,1,5.323500060537513,1,1,0,0,liver_without_reference
medium,20260501_135548_PACIENTE 003_202605020017-converted.mp4,2,0.4,1,1,0.43509126096966866,1,140,140,1,0,9.613285343837497,1,5.347724933524416,1,1,0,0,liver_without_reference
medium,20260501_135548_PACIENTE 003_202605020017-converted.mp4,2,0.5,1,1,0.4312275574112735,1,128,128,1,0,9.12207987843747,1,5.361147637490097,1,1,0,0,liver_without_reference
medium,20260501_135548_PACIENTE 003_202605020017-converted.mp4,2,0.6,1,1,0.4271800423865199,1,117,117,1,0,8.731345496835647,1,5.381868748707097,1,1,0,0,liver_without_reference
medium,20260501_135548_PACIENTE 003_202605020017-converted.mp4,2,0.7,1,1,0.42279033162816787,1,109,109,1,0,8.053123007205198,1,5.387969498183182,1,1,0,0,liver_without_reference
medium,20260501_135548_PACIENTE 003_202605020017-converted.mp4,2,0.8,1,1,0.4175135053454724,1,93,93,1,0,7.31295057795586,1,5.393156261367817,1,1,0,0,liver_without_reference
medium,20260501_135548_PACIENTE 003_202605020017-converted.mp4,2,0.9,1,1,0.4053925449308562,1,73,73,1,0,6.713838242351008,1,5.416547761894692,1,1,0,0,liver_without_reference
medium,20260501_135548_PACIENTE 003_202605020017-converted.mp4,3,0.1,1,1,0.4382232268908955,1,131,131,1,0,12.137519803572335,1,5.135311673096538,1,1,0,0,liver_without_reference
medium,20260501_135548_PACIENTE 003_202605020017-converted.mp4,3,0.2,1,1,0.43041307760675807,1,109,109,1,0,10.039103748529106,1,5.177570632592447,1,1,0,0,liver_without_reference
medium,20260501_135548_PACIENTE 003_202605020017-converted.mp4,3,0.3,1,1,0.42518438927689417,1,97,97,1,0,9.032728248722087,1,5.169273571832064,1,1,0,0,liver_without_reference
medium,20260501_135548_PACIENTE 003_202605020017-converted.mp4,3,0.4,1,1,0.4203635969320727,1,86,86,1,0,7.9795913286188105,1,5.196986153812169,1,1,0,0,liver_without_reference
medium,20260501_135548_PACIENTE 003_202605020017-converted.mp4,3,0.5,1,1,0.41533059438515624,1,75,75,1,0,6.474345955813264,1,5.174909341070454,1,1,0,0,liver_without_reference
medium,20260501_135548_PACIENTE 003_202605020017-converted.mp4,3,0.6,1,1,0.4083596313402579,1,69,69,1,0,5.7887984016994185,1,5.150495923492199,1,1,0,0,liver_without_reference
medium,20260501_135548_PACIENTE 003_202605020017-converted.mp4,3,0.7,1,1,0.40031813805517186,1,62,62,1,0,5.057216847996404,1,5.147396751349479,1,1,0,0,liver_without_reference
medium,20260501_135548_PACIENTE 003_202605020017-converted.mp4,3,0.8,1,1,0.39069045120671564,1,48,48,0,0,3.7661112237957073,1,5.048324863890676,1,1,0,0,liver_without_reference
medium,20260501_135548_PACIENTE 003_202605020017-converted.mp4,3,0.9,1,1,0.3773027188398718,1,35,35,0,0,3.0028557836071412,1,5.081335203698524,1,1,0,0,liver_without_reference
medium,20260501_135548_PACIENTE 003_202605020017-converted.mp4,4,0.1,1,1,0.43554416629062775,1,101,101,1,0,14.048287334115164,1,5.3355134518542835,1,1,0,0,liver_without_reference
medium,20260501_135548_PACIENTE 003_202605020017-converted.mp4,4,0.2,1,1,0.4266936341285135,1,82,82,1,0,12.715483542251388,1,5.311994892807964,1,1,0,0,liver_without_reference
medium,20260501_135548_PACIENTE 003_202605020017-converted.mp4,4,0.3,1,1,0.42061340495971017,1,66,66,1,0,8.860165080433054,1,5.344495771955428,1,1,0,0,liver_without_reference
medium,20260501_135548_PACIENTE 003_202605020017-converted.mp4,4,0.4,1,1,0.4125619820924404,1,56,56,1,0,7.329155330400827,1,5.320790686485931,1,1,0,0,liver_without_reference
medium,20260501_135548_PACIENTE 003_202605020017-converted.mp4,4,0.5,1,1,0.4046241326620075,1,54,54,1,0,7.4393063160249575,1,5.314755443354255,1,1,0,0,liver_without_reference
medium,20260501_135548_PACIENTE 003_202605020017-converted.mp4,4,0.6,1,1,0.39713854603363025,1,47,47,0,0,6.488071026164969,1,5.324177446528196,1,1,0,0,liver_without_reference
medium,20260501_135548_PACIENTE 003_202605020017-converted.mp4,4,0.7,1,1,0.38990435929096123,1,36,36,0,0,4.544957183788329,1,5.311142230419007,1,1,0,0,liver_without_reference
medium,20260501_135548_PACIENTE 003_202605020017-converted.mp4,4,0.8,1,1,0.38351380844455635,1,30,30,0,0,3.198784491368905,1,5.257482764453354,1,1,0,0,liver_without_reference
medium,20260501_135548_PACIENTE 003_202605020017-converted.mp4,4,0.9,1,1,0.3729248154806765,1,18,18,0,0,2.114033065604494,1,5.193451833152084,1,1,0,0,liver_without_reference
medium,20260501_135548_PACIENTE 003_202605020017-converted.mp4,5,0.1,1,1,0.4462402093096425,1,0,0,0,0,,0,,0,0,0,0,liver_without_reference
medium,20260501_135548_PACIENTE 003_202605020017-converted.mp4,5,0.2,1,1,0.43921391105001517,1,0,0,0,0,,0,,0,0,0,0,liver_without_reference
medium,20260501_135548_PACIENTE 003_202605020017-converted.mp4,5,0.3,1,1,0.4346882769132106,1,0,0,0,0,,0,,0,0,0,0,liver_without_reference
medium,20260501_135548_PACIENTE 003_202605020017-converted.mp4,5,0.4,1,1,0.4304415640743336,1,0,0,0,0,,0,,0,0,0,0,liver_without_reference
medium,20260501_135548_PACIENTE 003_202605020017-converted.mp4,5,0.5,1,1,0.42607599270216223,1,0,0,0,0,,0,,0,0,0,0,liver_without_reference
medium,20260501_135548_PACIENTE 003_202605020017-converted.mp4,5,0.6,1,1,0.4214785185556712,1,0,0,0,0,,0,,0,0,0,0,liver_without_reference
medium,20260501_135548_PACIENTE 003_202605020017-converted.mp4,5,0.7,1,1,0.4162962404882091,1,0,0,0,0,,0,,0,0,0,0,liver_without_reference
medium,20260501_135548_PACIENTE 003_202605020017-converted.mp4,5,0.8,1,1,0.40755632407749387,1,0,0,0,0,,0,,0,0,0,0,liver_without_reference
medium,20260501_135548_PACIENTE 003_202605020017-converted.mp4,5,0.9,1,1,0.39208165087010893,1,0,0,0,0,,0,,0,0,0,0,liver_without_reference
medium,20260501_135548_PACIENTE 003_202605020017-converted.mp4,6,0.1,1,1,0.45918777144323963,1,0,0,0,0,,0,,0,0,0,0,liver_without_reference
medium,20260501_135548_PACIENTE 003_202605020017-converted.mp4,6,0.2,1,1,0.4531756184273919,1,0,0,0,0,,0,,0,0,0,0,liver_without_reference
medium,20260501_135548_PACIENTE 003_202605020017-converted.mp4,6,0.3,1,1,0.4492166351543824,1,0,0,0,0,,0,,0,0,0,0,liver_without_reference
medium,20260501_135548_PACIENTE 003_202605020017-converted.mp4,6,0.4,1,1,0.4455525246711212,1,0,0,0,0,,0,,0,0,0,0,liver_without_reference
medium,20260501_135548_PACIENTE 003_202605020017-converted.mp4,6,0.5,1,1,0.44185434777162613,1,0,0,0,0,,0,,0,0,0,0,liver_without_reference
medium,20260501_135548_PACIENTE 003_202605020017-converted.mp4,6,0.6,1,1,0.4381549084434339,1,0,0,0,0,,0,,0,0,0,0,liver_without_reference
medium,20260501_135548_PACIENTE 003_202605020017-converted.mp4,6,0.7,1,1,0.4340205538229692,1,0,0,0,0,,0,,0,0,0,0,liver_without_reference
medium,20260501_135548_PACIENTE 003_202605020017-converted.mp4,6,0.8,1,1,0.42917525383746846,1,0,0,0,0,,0,,0,0,0,0,liver_without_reference
medium,20260501_135548_PACIENTE 003_202605020017-converted.mp4,6,0.9,1,1,0.42102647891119793,1,0,0,0,0,,0,,0,0,0,0,liver_without_reference
medium,20260501_135548_PACIENTE 003_202605020017-converted.mp4,7,0.1,1,1,0.4620337018175796,1,0,0,0,0,,0,,0,0,0,0,liver_without_reference
medium,20260501_135548_PACIENTE 003_202605020017-converted.mp4,7,0.2,1,1,0.4560750613674028,1,0,0,0,0,,0,,0,0,0,0,liver_without_reference
medium,20260501_135548_PACIENTE 003_202605020017-converted.mp4,7,0.3,1,1,0.45201554294091434,1,0,0,0,0,,0,,0,0,0,0,liver_without_reference
medium,20260501_135548_PACIENTE 003_202605020017-converted.mp4,7,0.4,1,1,0.4482683829203285,1,0,0,0,0,,0,,0,0,0,0,liver_without_reference
medium,20260501_135548_PACIENTE 003_202605020017-converted.mp4,7,0.5,1,1,0.4446365048349116,1,0,0,0,0,,0,,0,0,0,0,liver_without_reference
medium,20260501_135548_PACIENTE 003_202605020017-converted.mp4,7,0.6,1,1,0.4409593633224935,1,0,0,0,0,,0,,0,0,0,0,liver_without_reference
medium,20260501_135548_PACIENTE 003_202605020017-converted.mp4,7,0.7,1,1,0.436987454004295,1,0,0,0,0,,0,,0,0,0,0,liver_without_reference
medium,20260501_135548_PACIENTE 003_202605020017-converted.mp4,7,0.8,1,1,0.4322472862815551,1,0,0,0,0,,0,,0,0,0,0,liver_without_reference
medium,20260501_135548_PACIENTE 003_202605020017-converted.mp4,7,0.9,1,1,0.4241252837116858,1,0,0,0,0,,0,,0,0,0,0,liver_without_reference
medium,20260501_135548_PACIENTE 003_202605020017-converted.mp4,8,0.1,1,1,0.4663299105664127,1,0,0,0,0,,0,,0,0,0,0,liver_without_reference
medium,20260501_135548_PACIENTE 003_202605020017-converted.mp4,8,0.2,1,1,0.46101220393616404,1,0,0,0,0,,0,,0,0,0,0,liver_without_reference
medium,20260501_135548_PACIENTE 003_202605020017-converted.mp4,8,0.3,1,1,0.45758208072503426,1,0,0,0,0,,0,,0,0,0,0,liver_without_reference
medium,20260501_135548_PACIENTE 003_202605020017-converted.mp4,8,0.4,1,1,0.45438505015955116,1,0,0,0,0,,0,,0,0,0,0,liver_without_reference
medium,20260501_135548_PACIENTE 003_202605020017-converted.mp4,8,0.5,1,1,0.4513580659303952,1,0,0,0,0,,0,,0,0,0,0,liver_without_reference
medium,20260501_135548_PACIENTE 003_202605020017-converted.mp4,8,0.6,1,1,0.44804768652629906,1,0,0,0,0,,0,,0,0,0,0,liver_without_reference
medium,20260501_135548_PACIENTE 003_202605020017-converted.mp4,8,0.7,1,1,0.4447788810931194,1,0,0,0,0,,0,,0,0,0,0,liver_without_reference
medium,20260501_135548_PACIENTE 003_202605020017-converted.mp4,8,0.8,1,1,0.4408037509497005,1,0,0,0,0,,0,,0,0,0,0,liver_without_reference
medium,20260501_135548_PACIENTE 003_202605020017-converted.mp4,8,0.9,1,1,0.4336100196670499,1,0,0,0,0,,0,,0,0,0,0,liver_without_reference
medium,20260501_135548_PACIENTE 003_202605020017-converted.mp4,9,0.1,1,1,0.463481087348088,1,0,0,0,0,,0,,0,0,0,0,liver_without_reference
medium,20260501_135548_PACIENTE 003_202605020017-converted.mp4,9,0.2,1,1,0.45792241672967154,1,0,0,0,0,,0,,0,0,0,0,liver_without_reference
medium,20260501_135548_PACIENTE 003_202605020017-converted.mp4,9,0.3,1,1,0.45433415253884285,1,0,0,0,0,,0,,0,0,0,0,liver_without_reference
medium,20260501_135548_PACIENTE 003_202605020017-converted.mp4,9,0.4,1,1,0.4509673866793482,1,0,0,0,0,,0,,0,0,0,0,liver_without_reference
medium,20260501_135548_PACIENTE 003_202605020017-converted.mp4,9,0.5,1,1,0.44776381175095004,1,0,0,0,0,,0,,0,0,0,0,liver_without_reference
medium,20260501_135548_PACIENTE 003_202605020017-converted.mp4,9,0.6,1,1,0.444142076639788,1,0,0,0,0,,0,,0,0,0,0,liver_without_reference
medium,20260501_135548_PACIENTE 003_202605020017-converted.mp4,9,0.7,1,1,0.44035233880792596,1,0,0,0,0,,0,,0,0,0,0,liver_without_reference
medium,20260501_135548_PACIENTE 003_202605020017-converted.mp4,9,0.8,1,1,0.43580325171170337,1,0,0,0,0,,0,,0,0,0,0,liver_without_reference
medium,20260501_135548_PACIENTE 003_202605020017-converted.mp4,9,0.9,1,1,0.42828743987802925,1,0,0,0,0,,0,,0,0,0,0,liver_without_reference
medium,20260501_135548_PACIENTE 003_202605020017-converted.mp4,10,0.1,1,1,0.45795770302671407,1,0,0,0,0,,0,,0,0,0,0,liver_without_reference
medium,20260501_135548_PACIENTE 003_202605020017-converted.mp4,10,0.2,1,1,0.45102682670455724,1,0,0,0,0,,0,,0,0,0,0,liver_without_reference
medium,20260501_135548_PACIENTE 003_202605020017-converted.mp4,10,0.3,1,1,0.4464226947991085,1,0,0,0,0,,0,,0,0,0,0,liver_without_reference
medium,20260501_135548_PACIENTE 003_202605020017-converted.mp4,10,0.4,1,1,0.44245627795207265,1,0,0,0,0,,0,,0,0,0,0,liver_without_reference
medium,20260501_135548_PACIENTE 003_202605020017-converted.mp4,10,0.5,1,1,0.43865994019678267,1,0,0,0,0,,0,,0,0,0,0,liver_without_reference
medium,20260501_135548_PACIENTE 003_202605020017-converted.mp4,10,0.6,1,1,0.43487821804530136,1,0,0,0,0,,0,,0,0,0,0,liver_without_reference
medium,20260501_135548_PACIENTE 003_202605020017-converted.mp4,10,0.7,1,1,0.4309160257403275,1,0,0,0,0,,0,,0,0,0,0,liver_without_reference
medium,20260501_135548_PACIENTE 003_202605020017-converted.mp4,10,0.8,1,1,0.4265844944773068,1,0,0,0,0,,0,,0,0,0,0,liver_without_reference
medium,20260501_135548_PACIENTE 003_202605020017-converted.mp4,10,0.9,1,1,0.41947726459004653,1,0,0,0,0,,0,,0,0,0,0,liver_without_reference
medium,20260501_135548_PACIENTE 003_202605020017-converted.mp4,11,0.1,1,1,0.45200515214141057,1,0,0,0,0,,0,,0,0,0,0,liver_without_reference
medium,20260501_135548_PACIENTE 003_202605020017-converted.mp4,11,0.2,1,1,0.4457653105743621,1,0,0,0,0,,0,,0,0,0,0,liver_without_reference
medium,20260501_135548_PACIENTE 003_202605020017-converted.mp4,11,0.3,1,1,0.44134006057853753,1,0,0,0,0,,0,,0,0,0,0,liver_without_reference
medium,20260501_135548_PACIENTE 003_202605020017-converted.mp4,11,0.4,1,1,0.4376517711853799,1,0,0,0,0,,0,,0,0,0,0,liver_without_reference
medium,20260501_135548_PACIENTE 003_202605020017-converted.mp4,11,0.5,1,1,0.4341319366129531,1,0,0,0,0,,0,,0,0,0,0,liver_without_reference
medium,20260501_135548_PACIENTE 003_202605020017-converted.mp4,11,0.6,1,1,0.430506717063809,1,0,0,0,0,,0,,0,0,0,0,liver_without_reference
medium,20260501_135548_PACIENTE 003_202605020017-converted.mp4,11,0.7,1,1,0.426512582171419,1,0,0,0,0,,0,,0,0,0,0,liver_without_reference
medium,20260501_135548_PACIENTE 003_202605020017-converted.mp4,11,0.8,1,1,0.4219654635301428,1,0,0,0,0,,0,,0,0,0,0,liver_without_reference
medium,20260501_135548_PACIENTE 003_202605020017-converted.mp4,11,0.9,1,1,0.41447540251577625,1,0,0,0,0,,0,,0,0,0,0,liver_without_reference
medium,20260501_135548_PACIENTE 003_202605020017-converted.mp4,12,0.1,1,1,0.4455967132728116,1,0,0,0,0,,0,,0,0,0,0,liver_without_reference
medium,20260501_135548_PACIENTE 003_202605020017-converted.mp4,12,0.2,1,1,0.43992703065460487,1,0,0,0,0,,0,,0,0,0,0,liver_without_reference
medium,20260501_135548_PACIENTE 003_202605020017-converted.mp4,12,0.3,1,1,0.4361792547163522,1,0,0,0,0,,0,,0,0,0,0,liver_without_reference
medium,20260501_135548_PACIENTE 003_202605020017-converted.mp4,12,0.4,1,1,0.4326561606856008,1,0,0,0,0,,0,,0,0,0,0,liver_without_reference
medium,20260501_135548_PACIENTE 003_202605020017-converted.mp4,12,0.5,1,1,0.42924087005913997,1,0,0,0,0,,0,,0,0,0,0,liver_without_reference
medium,20260501_135548_PACIENTE 003_202605020017-converted.mp4,12,0.6,1,1,0.42559250029269596,1,0,0,0,0,,0,,0,0,0,0,liver_without_reference
medium,20260501_135548_PACIENTE 003_202605020017-converted.mp4,12,0.7,1,1,0.4215352535517341,1,0,0,0,0,,0,,0,0,0,0,liver_without_reference
medium,20260501_135548_PACIENTE 003_202605020017-converted.mp4,12,0.8,1,1,0.41674608805908114,1,0,0,0,0,,0,,0,0,0,0,liver_without_reference
medium,20260501_135548_PACIENTE 003_202605020017-converted.mp4,12,0.9,1,1,0.40834147738761206,1,0,0,0,0,,0,,0,0,0,0,liver_without_reference
medium,20260501_135548_PACIENTE 003_202605020017-converted.mp4,13,0.1,1,1,0.44617952721985893,1,0,0,0,0,,0,,0,0,0,0,liver_without_reference
medium,20260501_135548_PACIENTE 003_202605020017-converted.mp4,13,0.2,1,1,0.440397970251973,1,0,0,0,0,,0,,0,0,0,0,liver_without_reference
medium,20260501_135548_PACIENTE 003_202605020017-converted.mp4,13,0.3,1,1,0.4367291152743516,1,0,0,0,0,,0,,0,0,0,0,liver_without_reference
medium,20260501_135548_PACIENTE 003_202605020017-converted.mp4,13,0.4,1,1,0.43321816345776687,1,0,0,0,0,,0,,0,0,0,0,liver_without_reference
medium,20260501_135548_PACIENTE 003_202605020017-converted.mp4,13,0.5,1,1,0.429671803140364,1,0,0,0,0,,0,,0,0,0,0,liver_without_reference
medium,20260501_135548_PACIENTE 003_202605020017-converted.mp4,13,0.6,1,1,0.42628030879634665,1,0,0,0,0,,0,,0,0,0,0,liver_without_reference
medium,20260501_135548_PACIENTE 003_202605020017-converted.mp4,13,0.7,1,1,0.4223792095543588,1,0,0,0,0,,0,,0,0,0,0,liver_without_reference
medium,20260501_135548_PACIENTE 003_202605020017-converted.mp4,13,0.8,1,1,0.4178039051018266,1,0,0,0,0,,0,,0,0,0,0,liver_without_reference
medium,20260501_135548_PACIENTE 003_202605020017-converted.mp4,13,0.9,1,1,0.40987336012739817,1,0,0,0,0,,0,,0,0,0,0,liver_without_reference
medium,20260501_135548_PACIENTE 003_202605020017-converted.mp4,14,0.1,1,1,0.46030976732240575,1,0,0,0,0,,0,,0,0,0,0,liver_without_reference
medium,20260501_135548_PACIENTE 003_202605020017-converted.mp4,14,0.2,1,1,0.45260112964294474,1,0,0,0,0,,0,,0,0,0,0,liver_without_reference
medium,20260501_135548_PACIENTE 003_202605020017-converted.mp4,14,0.3,1,1,0.44728694122990886,1,0,0,0,0,,0,,0,0,0,0,liver_without_reference
medium,20260501_135548_PACIENTE 003_202605020017-converted.mp4,14,0.4,1,1,0.43531061421739237,1,0,0,0,0,,0,,0,0,0,0,liver_without_reference
medium,20260501_135548_PACIENTE 003_202605020017-converted.mp4,14,0.5,1,1,0.43167889981075874,1,0,0,0,0,,0,,0,0,0,0,liver_without_reference
medium,20260501_135548_PACIENTE 003_202605020017-converted.mp4,14,0.6,1,1,0.42813231850117095,1,0,0,0,0,,0,,0,0,0,0,liver_without_reference
medium,20260501_135548_PACIENTE 003_202605020017-converted.mp4,14,0.7,1,1,0.42429014155289385,1,0,0,0,0,,0,,0,0,0,0,liver_without_reference
medium,20260501_135548_PACIENTE 003_202605020017-converted.mp4,14,0.8,1,1,0.419913492630076,1,0,0,0,0,,0,,0,0,0,0,liver_without_reference
medium,20260501_135548_PACIENTE 003_202605020017-converted.mp4,14,0.9,1,1,0.4117741235554095,1,0,0,0,0,,0,,0,0,0,0,liver_without_reference
medium,20260501_135548_PACIENTE 003_202605020017-converted.mp4,15,0.1,1,1,0.4571401349610403,1,0,0,0,0,,0,,0,0,0,0,liver_without_reference
medium,20260501_135548_PACIENTE 003_202605020017-converted.mp4,15,0.2,1,1,0.4485940136484161,1,0,0,0,0,,0,,0,0,0,0,liver_without_reference
medium,20260501_135548_PACIENTE 003_202605020017-converted.mp4,15,0.3,1,1,0.4429702475206267,1,0,0,0,0,,0,,0,0,0,0,liver_without_reference
medium,20260501_135548_PACIENTE 003_202605020017-converted.mp4,15,0.4,1,1,0.43759076568681454,1,0,0,0,0,,0,,0,0,0,0,liver_without_reference
medium,20260501_135548_PACIENTE 003_202605020017-converted.mp4,15,0.5,1,1,0.42739041619496787,1,0,0,0,0,,0,,0,0,0,0,liver_without_reference
medium,20260501_135548_PACIENTE 003_202605020017-converted.mp4,15,0.6,1,1,0.42339362258233143,1,0,0,0,0,,0,,0,0,0,0,liver_without_reference
medium,20260501_135548_PACIENTE 003_202605020017-converted.mp4,15,0.7,1,1,0.41900805333713037,1,0,0,0,0,,0,,0,0,0,0,liver_without_reference
medium,20260501_135548_PACIENTE 003_202605020017-converted.mp4,15,0.8,1,1,0.41317694685211315,1,0,0,0,0,,0,,0,0,0,0,liver_without_reference
medium,20260501_135548_PACIENTE 003_202605020017-converted.mp4,15,0.9,1,1,0.40435714977860354,1,0,0,0,0,,0,,0,0,0,0,liver_without_reference
medium,20260501_135548_PACIENTE 003_202605020017-converted.mp4,16,0.1,1,1,0.45909571052795095,1,0,0,0,0,,0,,0,0,0,0,liver_without_reference
medium,20260501_135548_PACIENTE 003_202605020017-converted.mp4,16,0.2,1,1,0.44988175443992334,1,0,0,0,0,,0,,0,0,0,0,liver_without_reference
medium,20260501_135548_PACIENTE 003_202605020017-converted.mp4,16,0.3,1,1,0.44436063592607256,1,0,0,0,0,,0,,0,0,0,0,liver_without_reference
medium,20260501_135548_PACIENTE 003_202605020017-converted.mp4,16,0.4,1,1,0.4394781650641026,1,0,0,0,0,,0,,0,0,0,0,liver_without_reference
medium,20260501_135548_PACIENTE 003_202605020017-converted.mp4,16,0.5,1,1,0.4345370385842956,1,0,0,0,0,,0,,0,0,0,0,liver_without_reference
medium,20260501_135548_PACIENTE 003_202605020017-converted.mp4,16,0.6,1,1,0.4286084705429696,1,0,0,0,0,,0,,0,0,0,0,liver_without_reference
medium,20260501_135548_PACIENTE 003_202605020017-converted.mp4,16,0.7,1,1,0.4225995041543822,1,0,0,0,0,,0,,0,0,0,0,liver_without_reference
medium,20260501_135548_PACIENTE 003_202605020017-converted.mp4,16,0.8,1,1,0.4098813648293963,1,0,0,0,0,,0,,0,0,0,0,liver_without_reference
medium,20260501_135548_PACIENTE 003_202605020017-converted.mp4,16,0.9,1,1,0.40034379463326464,1,0,0,0,0,,0,,0,0,0,0,liver_without_reference
medium,20260501_135548_PACIENTE 003_202605020017-converted.mp4,17,0.1,1,1,0.45420576233973364,1,0,0,0,0,,0,,0,0,0,0,liver_without_reference
medium,20260501_135548_PACIENTE 003_202605020017-converted.mp4,17,0.2,1,1,0.44277597908622773,1,0,0,0,0,,0,,0,0,0,0,liver_without_reference
medium,20260501_135548_PACIENTE 003_202605020017-converted.mp4,17,0.3,1,1,0.4354663955194026,1,0,0,0,0,,0,,0,0,0,0,liver_without_reference
medium,20260501_135548_PACIENTE 003_202605020017-converted.mp4,17,0.4,1,1,0.42980018028846156,1,0,0,0,0,,0,,0,0,0,0,liver_without_reference
medium,20260501_135548_PACIENTE 003_202605020017-converted.mp4,17,0.5,1,1,0.42447446694739654,1,0,0,0,0,,0,,0,0,0,0,liver_without_reference
medium,20260501_135548_PACIENTE 003_202605020017-converted.mp4,17,0.6,1,1,0.4193004688356064,1,0,0,0,0,,0,,0,0,0,0,liver_without_reference
medium,20260501_135548_PACIENTE 003_202605020017-converted.mp4,17,0.7,1,1,0.4134079382164351,1,0,0,0,0,,0,,0,0,0,0,liver_without_reference
medium,20260501_135548_PACIENTE 003_202605020017-converted.mp4,17,0.8,1,1,0.4007819849482596,1,0,0,0,0,,0,,0,0,0,0,liver_without_reference
medium,20260501_135548_PACIENTE 003_202605020017-converted.mp4,17,0.9,1,1,0.3893420520426048,1,0,0,0,0,,0,,0,0,0,0,liver_without_reference
medium,20260501_135548_PACIENTE 003_202605020017-converted.mp4,18,0.1,1,1,0.4608545422154461,1,0,0,0,0,,0,,0,0,0,0,liver_without_reference
medium,20260501_135548_PACIENTE 003_202605020017-converted.mp4,18,0.2,1,1,0.4498123339997589,1,0,0,0,0,,0,,0,0,0,0,liver_without_reference
medium,20260501_135548_PACIENTE 003_202605020017-converted.mp4,18,0.3,1,1,0.4417420295894978,1,0,0,0,0,,0,,0,0,0,0,liver_without_reference
medium,20260501_135548_PACIENTE 003_202605020017-converted.mp4,18,0.4,1,1,0.4355933971910933,1,0,0,0,0,,0,,0,0,0,0,liver_without_reference
medium,20260501_135548_PACIENTE 003_202605020017-converted.mp4,18,0.5,1,1,0.4301757200511368,1,0,0,0,0,,0,,0,0,0,0,liver_without_reference
medium,20260501_135548_PACIENTE 003_202605020017-converted.mp4,18,0.6,1,1,0.4248404286467178,1,0,0,0,0,,0,,0,0,0,0,liver_without_reference
medium,20260501_135548_PACIENTE 003_202605020017-converted.mp4,18,0.7,1,1,0.4190604240489893,1,0,0,0,0,,0,,0,0,0,0,liver_without_reference
medium,20260501_135548_PACIENTE 003_202605020017-converted.mp4,18,0.8,1,1,0.41168663718338017,1,0,0,0,0,,0,,0,0,0,0,liver_without_reference
medium,20260501_135548_PACIENTE 003_202605020017-converted.mp4,18,0.9,1,1,0.3938848693497617,1,0,0,0,0,,0,,0,0,0,0,liver_without_reference
medium,20260501_135548_PACIENTE 003_202605020017-converted.mp4,19,0.1,1,1,0.46336774770893063,1,0,0,0,0,,0,,0,0,0,0,liver_without_reference
medium,20260501_135548_PACIENTE 003_202605020017-converted.mp4,19,0.2,1,1,0.45319910384358,1,0,0,0,0,,0,,0,0,0,0,liver_without_reference
medium,20260501_135548_PACIENTE 003_202605020017-converted.mp4,19,0.3,1,1,0.44613461137737026,1,0,0,0,0,,0,,0,0,0,0,liver_without_reference
medium,20260501_135548_PACIENTE 003_202605020017-converted.mp4,19,0.4,1,1,0.4391991719601673,1,0,0,0,0,,0,,0,0,0,0,liver_without_reference
medium,20260501_135548_PACIENTE 003_202605020017-converted.mp4,19,0.5,1,1,0.4325451203208556,1,0,0,0,0,,0,,0,0,0,0,liver_without_reference
medium,20260501_135548_PACIENTE 003_202605020017-converted.mp4,19,0.6,1,1,0.42688522395988004,1,0,0,0,0,,0,,0,0,0,0,liver_without_reference
medium,20260501_135548_PACIENTE 003_202605020017-converted.mp4,19,0.7,1,1,0.42043426905581666,1,0,0,0,0,,0,,0,0,0,0,liver_without_reference
medium,20260501_135548_PACIENTE 003_202605020017-converted.mp4,19,0.8,1,1,0.4076547347554189,1,0,0,0,0,,0,,0,0,0,0,liver_without_reference
medium,20260501_135548_PACIENTE 003_202605020017-converted.mp4,19,0.9,1,1,0.39762767571211866,1,0,0,0,0,,0,,0,0,0,0,liver_without_reference
medium,20260501_135548_PACIENTE 003_202605020017-converted.mp4,20,0.1,1,1,0.46598144856928614,1,0,0,0,0,,0,,0,0,0,0,liver_without_reference
medium,20260501_135548_PACIENTE 003_202605020017-converted.mp4,20,0.2,1,1,0.4571257569649084,1,0,0,0,0,,0,,0,0,0,0,liver_without_reference
medium,20260501_135548_PACIENTE 003_202605020017-converted.mp4,20,0.3,1,1,0.4499310298842719,1,0,0,0,0,,0,,0,0,0,0,liver_without_reference
medium,20260501_135548_PACIENTE 003_202605020017-converted.mp4,20,0.4,1,1,0.4440391477640283,1,0,0,0,0,,0,,0,0,0,0,liver_without_reference
medium,20260501_135548_PACIENTE 003_202605020017-converted.mp4,20,0.5,1,1,0.4383313836898396,1,0,0,0,0,,0,,0,0,0,0,liver_without_reference
medium,20260501_135548_PACIENTE 003_202605020017-converted.mp4,20,0.6,1,1,0.43236427056801213,1,0,0,0,0,,0,,0,0,0,0,liver_without_reference
medium,20260501_135548_PACIENTE 003_202605020017-converted.mp4,20,0.7,1,1,0.4240006366438815,1,0,0,0,0,,0,,0,0,0,0,liver_without_reference
medium,20260501_135548_PACIENTE 003_202605020017-converted.mp4,20,0.8,1,1,0.41122366696905555,1,0,0,0,0,,0,,0,0,0,0,liver_without_reference
medium,20260501_135548_PACIENTE 003_202605020017-converted.mp4,20,0.9,1,1,0.40154554034922135,1,0,0,0,0,,0,,0,0,0,0,liver_without_reference
medium,20260501_135548_PACIENTE 003_202605020017-converted.mp4,21,0.1,1,1,0.46373017286732754,1,0,0,0,0,,0,,0,0,0,0,liver_without_reference
medium,20260501_135548_PACIENTE 003_202605020017-converted.mp4,21,0.2,1,1,0.4533159321019468,1,0,0,0,0,,0,,0,0,0,0,liver_without_reference
medium,20260501_135548_PACIENTE 003_202605020017-converted.mp4,21,0.3,1,1,0.44673642625861054,1,0,0,0,0,,0,,0,0,0,0,liver_without_reference
medium,20260501_135548_PACIENTE 003_202605020017-converted.mp4,21,0.4,1,1,0.441070780172036,1,0,0,0,0,,0,,0,0,0,0,liver_without_reference
medium,20260501_135548_PACIENTE 003_202605020017-converted.mp4,21,0.5,1,1,0.4355792851055297,1,0,0,0,0,,0,,0,0,0,0,liver_without_reference
medium,20260501_135548_PACIENTE 003_202605020017-converted.mp4,21,0.6,1,1,0.4298644047947669,1,0,0,0,0,,0,,0,0,0,0,liver_without_reference
medium,20260501_135548_PACIENTE 003_202605020017-converted.mp4,21,0.7,1,1,0.41722092847928427,1,0,0,0,0,,0,,0,0,0,0,liver_without_reference
medium,20260501_135548_PACIENTE 003_202605020017-converted.mp4,21,0.8,1,1,0.4109274332417744,1,0,0,0,0,,0,,0,0,0,0,liver_without_reference
medium,20260501_135548_PACIENTE 003_202605020017-converted.mp4,21,0.9,1,1,0.40185616022658305,1,0,0,0,0,,0,,0,0,0,0,liver_without_reference
medium,20260501_135548_PACIENTE 003_202605020017-converted.mp4,22,0.1,1,1,0.4641333256004706,1,0,0,0,0,,0,,0,0,0,0,liver_without_reference
medium,20260501_135548_PACIENTE 003_202605020017-converted.mp4,22,0.2,1,1,0.4533944626178907,1,0,0,0,0,,0,,0,0,0,0,liver_without_reference
medium,20260501_135548_PACIENTE 003_202605020017-converted.mp4,22,0.3,1,1,0.44686818842965564,1,0,0,0,0,,0,,0,0,0,0,liver_without_reference
medium,20260501_135548_PACIENTE 003_202605020017-converted.mp4,22,0.4,1,1,0.441155722890309,1,0,0,0,0,,0,,0,0,0,0,liver_without_reference
medium,20260501_135548_PACIENTE 003_202605020017-converted.mp4,22,0.5,1,1,0.43557303004600284,1,0,0,0,0,,0,,0,0,0,0,liver_without_reference
medium,20260501_135548_PACIENTE 003_202605020017-converted.mp4,22,0.6,1,1,0.42445856568538454,1,0,0,0,0,,0,,0,0,0,0,liver_without_reference
medium,20260501_135548_PACIENTE 003_202605020017-converted.mp4,22,0.7,1,1,0.4189544153934453,1,0,0,0,0,,0,,0,0,0,0,liver_without_reference
medium,20260501_135548_PACIENTE 003_202605020017-converted.mp4,22,0.8,1,1,0.4125891165436435,1,0,0,0,0,,0,,0,0,0,0,liver_without_reference
medium,20260501_135548_PACIENTE 003_202605020017-converted.mp4,22,0.9,1,1,0.4037830022047138,1,0,0,0,0,,0,,0,0,0,0,liver_without_reference
medium,20260501_135548_PACIENTE 003_202605020017-converted.mp4,23,0.1,1,1,0.45629314130876125,1,0,0,0,0,,0,,0,0,0,0,liver_without_reference
medium,20260501_135548_PACIENTE 003_202605020017-converted.mp4,23,0.2,1,1,0.44660940851721903,1,0,0,0,0,,0,,0,0,0,0,liver_without_reference
medium,20260501_135548_PACIENTE 003_202605020017-converted.mp4,23,0.3,1,1,0.43984993747394746,1,0,0,0,0,,0,,0,0,0,0,liver_without_reference
medium,20260501_135548_PACIENTE 003_202605020017-converted.mp4,23,0.4,1,1,0.43354220327874327,1,0,0,0,0,,0,,0,0,0,0,liver_without_reference
medium,20260501_135548_PACIENTE 003_202605020017-converted.mp4,23,0.5,1,1,0.42712190229428726,1,0,0,0,0,,0,,0,0,0,0,liver_without_reference
medium,20260501_135548_PACIENTE 003_202605020017-converted.mp4,23,0.6,1,1,0.4184266898733118,1,0,0,0,0,,0,,0,0,0,0,liver_without_reference
medium,20260501_135548_PACIENTE 003_202605020017-converted.mp4,23,0.7,1,1,0.4138803693834113,1,0,0,0,0,,0,,0,0,0,0,liver_without_reference
medium,20260501_135548_PACIENTE 003_202605020017-converted.mp4,23,0.8,1,1,0.40871293452273405,1,0,0,0,0,,0,,0,0,0,0,liver_without_reference
medium,20260501_135548_PACIENTE 003_202605020017-converted.mp4,23,0.9,1,1,0.4002495920940018,1,0,0,0,0,,0,,0,0,0,0,liver_without_reference
medium,20260501_135548_PACIENTE 003_202605020017-converted.mp4,24,0.1,1,1,0.45682736331807167,1,0,0,0,0,,0,,0,0,0,0,liver_without_reference
medium,20260501_135548_PACIENTE 003_202605020017-converted.mp4,24,0.2,1,1,0.447351354048009,1,0,0,0,0,,0,,0,0,0,0,liver_without_reference
medium,20260501_135548_PACIENTE 003_202605020017-converted.mp4,24,0.3,1,1,0.43998215826618364,1,0,0,0,0,,0,,0,0,0,0,liver_without_reference
medium,20260501_135548_PACIENTE 003_202605020017-converted.mp4,24,0.4,1,1,0.4339754187331964,1,0,0,0,0,,0,,0,0,0,0,liver_without_reference
medium,20260501_135548_PACIENTE 003_202605020017-converted.mp4,24,0.5,1,1,0.42835590103644267,1,0,0,0,0,,0,,0,0,0,0,liver_without_reference
medium,20260501_135548_PACIENTE 003_202605020017-converted.mp4,24,0.6,1,1,0.42294029782052944,1,0,0,0,0,,0,,0,0,0,0,liver_without_reference
medium,20260501_135548_PACIENTE 003_202605020017-converted.mp4,24,0.7,1,1,0.4139316615339493,1,0,0,0,0,,0,,0,0,0,0,liver_without_reference
medium,20260501_135548_PACIENTE 003_202605020017-converted.mp4,24,0.8,1,1,0.40873069230381365,1,0,0,0,0,,0,,0,0,0,0,liver_without_reference
medium,20260501_135548_PACIENTE 003_202605020017-converted.mp4,24,0.9,1,1,0.39966019376544093,1,0,0,0,0,,0,,0,0,0,0,liver_without_reference
medium,20260501_135548_PACIENTE 003_202605020017-converted.mp4,25,0.1,1,1,0.4625928135773005,1,0,0,0,0,,0,,0,0,0,0,liver_without_reference
medium,20260501_135548_PACIENTE 003_202605020017-converted.mp4,25,0.2,1,1,0.45225662686666446,1,0,0,0,0,,0,,0,0,0,0,liver_without_reference
medium,20260501_135548_PACIENTE 003_202605020017-converted.mp4,25,0.3,1,1,0.4461609003751563,1,0,0,0,0,,0,,0,0,0,0,liver_without_reference
medium,20260501_135548_PACIENTE 003_202605020017-converted.mp4,25,0.4,1,1,0.4405029262224597,1,0,0,0,0,,0,,0,0,0,0,liver_without_reference
medium,20260501_135548_PACIENTE 003_202605020017-converted.mp4,25,0.5,1,1,0.43466141784932216,1,0,0,0,0,,0,,0,0,0,0,liver_without_reference
medium,20260501_135548_PACIENTE 003_202605020017-converted.mp4,25,0.6,1,1,0.42851166020969134,1,0,0,0,0,,0,,0,0,0,0,liver_without_reference
medium,20260501_135548_PACIENTE 003_202605020017-converted.mp4,25,0.7,1,1,0.417554885201944,1,0,0,0,0,,0,,0,0,0,0,liver_without_reference
medium,20260501_135548_PACIENTE 003_202605020017-converted.mp4,25,0.8,1,1,0.41191545496939425,1,0,0,0,0,,0,,0,0,0,0,liver_without_reference
medium,20260501_135548_PACIENTE 003_202605020017-converted.mp4,25,0.9,1,1,0.4028934677772907,1,0,0,0,0,,0,,0,0,0,0,liver_without_reference
medium,20260501_135548_PACIENTE 003_202605020017-converted.mp4,26,0.1,1,1,0.48047234307022996,1,0,0,0,0,,0,,0,0,0,0,liver_without_reference
medium,20260501_135548_PACIENTE 003_202605020017-converted.mp4,26,0.2,1,1,0.45567357459103286,1,0,0,0,0,,0,,0,0,0,0,liver_without_reference
medium,20260501_135548_PACIENTE 003_202605020017-converted.mp4,26,0.3,1,1,0.44918009553741883,1,0,0,0,0,,0,,0,0,0,0,liver_without_reference
medium,20260501_135548_PACIENTE 003_202605020017-converted.mp4,26,0.4,1,1,0.4434695496097174,1,0,0,0,0,,0,,0,0,0,0,liver_without_reference
medium,20260501_135548_PACIENTE 003_202605020017-converted.mp4,26,0.5,1,1,0.4379732553280401,1,0,0,0,0,,0,,0,0,0,0,liver_without_reference
medium,20260501_135548_PACIENTE 003_202605020017-converted.mp4,26,0.6,1,1,0.4322480243974883,1,0,0,0,0,,0,,0,0,0,0,liver_without_reference
medium,20260501_135548_PACIENTE 003_202605020017-converted.mp4,26,0.7,1,1,0.41907658535154857,1,0,0,0,0,,0,,0,0,0,0,liver_without_reference
medium,20260501_135548_PACIENTE 003_202605020017-converted.mp4,26,0.8,1,1,0.41282530613959545,1,0,0,0,0,,0,,0,0,0,0,liver_without_reference
medium,20260501_135548_PACIENTE 003_202605020017-converted.mp4,26,0.9,1,1,0.40349339088211494,1,0,0,0,0,,0,,0,0,0,0,liver_without_reference
medium,20260501_135548_PACIENTE 003_202605020017-converted.mp4,27,0.1,1,1,0.48415980244294543,1,0,0,0,0,,0,,0,0,0,0,liver_without_reference
medium,20260501_135548_PACIENTE 003_202605020017-converted.mp4,27,0.2,1,1,0.47125944647207,1,0,0,0,0,,0,,0,0,0,0,liver_without_reference
medium,20260501_135548_PACIENTE 003_202605020017-converted.mp4,27,0.3,1,1,0.45058705356212514,1,0,0,0,0,,0,,0,0,0,0,liver_without_reference
medium,20260501_135548_PACIENTE 003_202605020017-converted.mp4,27,0.4,1,1,0.4449118940892662,1,0,0,0,0,,0,,0,0,0,0,liver_without_reference
medium,20260501_135548_PACIENTE 003_202605020017-converted.mp4,27,0.5,1,1,0.43966824743560284,1,0,0,0,0,,0,,0,0,0,0,liver_without_reference
medium,20260501_135548_PACIENTE 003_202605020017-converted.mp4,27,0.6,1,1,0.4344048689686905,1,0,0,0,0,,0,,0,0,0,0,liver_without_reference
medium,20260501_135548_PACIENTE 003_202605020017-converted.mp4,27,0.7,1,1,0.428491840085788,1,0,0,0,0,,0,,0,0,0,0,liver_without_reference
medium,20260501_135548_PACIENTE 003_202605020017-converted.mp4,27,0.8,1,1,0.4153652943103637,1,0,0,0,0,,0,,0,0,0,0,liver_without_reference
medium,20260501_135548_PACIENTE 003_202605020017-converted.mp4,27,0.9,1,1,0.4061916582029357,1,0,0,0,0,,0,,0,0,0,0,liver_without_reference
medium,20260501_135548_PACIENTE 003_202605020017-converted.mp4,28,0.1,1,1,0.5049866787103832,1,0,0,0,0,,0,,0,0,0,0,liver_without_reference
medium,20260501_135548_PACIENTE 003_202605020017-converted.mp4,28,0.2,1,1,0.4977738608444779,1,0,0,0,0,,0,,0,0,0,0,liver_without_reference
medium,20260501_135548_PACIENTE 003_202605020017-converted.mp4,28,0.3,1,1,0.49290367758312387,1,0,0,0,0,,0,,0,0,0,0,liver_without_reference
medium,20260501_135548_PACIENTE 003_202605020017-converted.mp4,28,0.4,1,1,0.48801612876296063,1,0,0,0,0,,0,,0,0,0,0,liver_without_reference
medium,20260501_135548_PACIENTE 003_202605020017-converted.mp4,28,0.5,1,1,0.4834525640168483,1,0,0,0,0,,0,,0,0,0,0,liver_without_reference
medium,20260501_135548_PACIENTE 003_202605020017-converted.mp4,28,0.6,1,1,0.4781964826559127,1,0,0,0,0,,0,,0,0,0,0,liver_without_reference
medium,20260501_135548_PACIENTE 003_202605020017-converted.mp4,28,0.7,1,1,0.4719748318070997,1,0,0,0,0,,0,,0,0,0,0,liver_without_reference
medium,20260501_135548_PACIENTE 003_202605020017-converted.mp4,28,0.8,1,1,0.4633824647476152,1,0,0,0,0,,0,,0,0,0,0,liver_without_reference
medium,20260501_135548_PACIENTE 003_202605020017-converted.mp4,28,0.9,1,1,0.4499690217185149,1,0,0,0,0,,0,,0,0,0,0,liver_without_reference
medium,20260501_135548_PACIENTE 003_202605020017-converted.mp4,29,0.1,1,1,0.5067332394132759,1,0,0,0,0,,0,,0,0,0,0,liver_without_reference
medium,20260501_135548_PACIENTE 003_202605020017-converted.mp4,29,0.2,1,1,0.49988152003558556,1,0,0,0,0,,0,,0,0,0,0,liver_without_reference
medium,20260501_135548_PACIENTE 003_202605020017-converted.mp4,29,0.3,1,1,0.4953461520826647,1,0,0,0,0,,0,,0,0,0,0,liver_without_reference
medium,20260501_135548_PACIENTE 003_202605020017-converted.mp4,29,0.4,1,1,0.4911424635805819,1,0,0,0,0,,0,,0,0,0,0,liver_without_reference
medium,20260501_135548_PACIENTE 003_202605020017-converted.mp4,29,0.5,1,1,0.4870380584666299,1,0,0,0,0,,0,,0,0,0,0,liver_without_reference
medium,20260501_135548_PACIENTE 003_202605020017-converted.mp4,29,0.6,1,1,0.48265043609211267,1,0,0,0,0,,0,,0,0,0,0,liver_without_reference
medium,20260501_135548_PACIENTE 003_202605020017-converted.mp4,29,0.7,1,1,0.4778906007825001,1,0,0,0,0,,0,,0,0,0,0,liver_without_reference
medium,20260501_135548_PACIENTE 003_202605020017-converted.mp4,29,0.8,1,1,0.4726518199917674,1,0,0,0,0,,0,,0,0,0,0,liver_without_reference
medium,20260501_135548_PACIENTE 003_202605020017-converted.mp4,29,0.9,1,1,0.46391079157307397,1,0,0,0,0,,0,,0,0,0,0,liver_without_reference
medium,20260501_135548_PACIENTE 003_202605020017-converted.mp4,30,0.1,1,1,0.5033810099938678,1,0,0,0,0,,0,,0,0,0,0,liver_without_reference
medium,20260501_135548_PACIENTE 003_202605020017-converted.mp4,30,0.2,1,1,0.49685717611453845,1,0,0,0,0,,0,,0,0,0,0,liver_without_reference
medium,20260501_135548_PACIENTE 003_202605020017-converted.mp4,30,0.3,1,1,0.4924224109904217,1,0,0,0,0,,0,,0,0,0,0,liver_without_reference
medium,20260501_135548_PACIENTE 003_202605020017-converted.mp4,30,0.4,1,1,0.48809971031914984,1,0,0,0,0,,0,,0,0,0,0,liver_without_reference
medium,20260501_135548_PACIENTE 003_202605020017-converted.mp4,30,0.5,1,1,0.48400912570406646,1,0,0,0,0,,0,,0,0,0,0,liver_without_reference
medium,20260501_135548_PACIENTE 003_202605020017-converted.mp4,30,0.6,1,1,0.4797264227897346,1,0,0,0,0,,0,,0,0,0,0,liver_without_reference
medium,20260501_135548_PACIENTE 003_202605020017-converted.mp4,30,0.7,1,1,0.4752631600993579,1,0,0,0,0,,0,,0,0,0,0,liver_without_reference
medium,20260501_135548_PACIENTE 003_202605020017-converted.mp4,30,0.8,1,1,0.4703928025402799,1,0,0,0,0,,0,,0,0,0,0,liver_without_reference
medium,20260501_135548_PACIENTE 003_202605020017-converted.mp4,30,0.9,1,1,0.4618324792664015,1,0,0,0,0,,0,,0,0,0,0,liver_without_reference
medium,20260501_135548_PACIENTE 003_202605020017-converted.mp4,31,0.1,1,1,0.5021875491991415,1,0,0,0,0,,0,,0,0,0,0,liver_without_reference
medium,20260501_135548_PACIENTE 003_202605020017-converted.mp4,31,0.2,1,1,0.4955001392566604,1,0,0,0,0,,0,,0,0,0,0,liver_without_reference
medium,20260501_135548_PACIENTE 003_202605020017-converted.mp4,31,0.3,1,1,0.49095993864928394,1,0,0,0,0,,0,,0,0,0,0,liver_without_reference
medium,20260501_135548_PACIENTE 003_202605020017-converted.mp4,31,0.4,1,1,0.486856494119022,1,0,0,0,0,,0,,0,0,0,0,liver_without_reference
medium,20260501_135548_PACIENTE 003_202605020017-converted.mp4,31,0.5,1,1,0.48297415413926514,1,0,0,0,0,,0,,0,0,0,0,liver_without_reference
medium,20260501_135548_PACIENTE 003_202605020017-converted.mp4,31,0.6,1,1,0.47913398836338694,1,0,0,0,0,,0,,0,0,0,0,liver_without_reference
medium,20260501_135548_PACIENTE 003_202605020017-converted.mp4,31,0.7,1,1,0.4749247092036977,1,0,0,0,0,,0,,0,0,0,0,liver_without_reference
medium,20260501_135548_PACIENTE 003_202605020017-converted.mp4,31,0.8,1,1,0.47023594533527086,1,0,0,0,0,,0,,0,0,0,0,liver_without_reference
medium,20260501_135548_PACIENTE 003_202605020017-converted.mp4,31,0.9,1,1,0.46253913805672964,1,0,0,0,0,,0,,0,0,0,0,liver_without_reference
medium,20260501_135548_PACIENTE 003_202605020017-converted.mp4,32,0.1,1,1,0.49915267931501683,1,0,0,0,0,,0,,0,0,0,0,liver_without_reference
medium,20260501_135548_PACIENTE 003_202605020017-converted.mp4,32,0.2,1,1,0.4925443245827358,1,0,0,0,0,,0,,0,0,0,0,liver_without_reference
medium,20260501_135548_PACIENTE 003_202605020017-converted.mp4,32,0.3,1,1,0.48843984844885147,1,0,0,0,0,,0,,0,0,0,0,liver_without_reference
medium,20260501_135548_PACIENTE 003_202605020017-converted.mp4,32,0.4,1,1,0.48455161705040656,1,0,0,0,0,,0,,0,0,0,0,liver_without_reference
medium,20260501_135548_PACIENTE 003_202605020017-converted.mp4,32,0.5,1,1,0.4808986792239971,1,0,0,0,0,,0,,0,0,0,0,liver_without_reference
medium,20260501_135548_PACIENTE 003_202605020017-converted.mp4,32,0.6,1,1,0.4773447892178598,1,0,0,0,0,,0,,0,0,0,0,liver_without_reference
medium,20260501_135548_PACIENTE 003_202605020017-converted.mp4,32,0.7,1,1,0.4733250672318893,1,0,0,0,0,,0,,0,0,0,0,liver_without_reference
medium,20260501_135548_PACIENTE 003_202605020017-converted.mp4,32,0.8,1,1,0.4688921462802038,1,0,0,0,0,,0,,0,0,0,0,liver_without_reference
medium,20260501_135548_PACIENTE 003_202605020017-converted.mp4,32,0.9,1,1,0.4613977715220066,1,0,0,0,0,,0,,0,0,0,0,liver_without_reference
medium,20260501_135548_PACIENTE 003_202605020017-converted.mp4,33,0.1,1,1,0.49823514789957746,1,0,0,0,0,,0,,0,0,0,0,liver_without_reference
medium,20260501_135548_PACIENTE 003_202605020017-converted.mp4,33,0.2,1,1,0.4918237215991753,1,0,0,0,0,,0,,0,0,0,0,liver_without_reference
medium,20260501_135548_PACIENTE 003_202605020017-converted.mp4,33,0.3,1,1,0.48760564789037625,1,0,0,0,0,,0,,0,0,0,0,liver_without_reference
medium,20260501_135548_PACIENTE 003_202605020017-converted.mp4,33,0.4,1,1,0.4838807963604491,1,0,0,0,0,,0,,0,0,0,0,liver_without_reference
medium,20260501_135548_PACIENTE 003_202605020017-converted.mp4,33,0.5,1,1,0.4801407091440055,1,0,0,0,0,,0,,0,0,0,0,liver_without_reference
medium,20260501_135548_PACIENTE 003_202605020017-converted.mp4,33,0.6,1,1,0.4765798510178218,1,0,0,0,0,,0,,0,0,0,0,liver_without_reference
medium,20260501_135548_PACIENTE 003_202605020017-converted.mp4,33,0.7,1,1,0.47259826424957274,1,0,0,0,0,,0,,0,0,0,0,liver_without_reference
medium,20260501_135548_PACIENTE 003_202605020017-converted.mp4,33,0.8,1,1,0.4680290793634794,1,0,0,0,0,,0,,0,0,0,0,liver_without_reference
medium,20260501_135548_PACIENTE 003_202605020017-converted.mp4,33,0.9,1,1,0.4603727786463491,1,0,0,0,0,,0,,0,0,0,0,liver_without_reference
medium,20260501_135548_PACIENTE 003_202605020017-converted.mp4,34,0.1,1,1,0.4987613816187375,1,0,0,0,0,,0,,0,0,0,0,liver_without_reference
medium,20260501_135548_PACIENTE 003_202605020017-converted.mp4,34,0.2,1,1,0.4922713084535551,1,0,0,0,0,,0,,0,0,0,0,liver_without_reference
medium,20260501_135548_PACIENTE 003_202605020017-converted.mp4,34,0.3,1,1,0.4880024670161606,1,0,0,0,0,,0,,0,0,0,0,liver_without_reference
medium,20260501_135548_PACIENTE 003_202605020017-converted.mp4,34,0.4,1,1,0.48418060940440966,1,0,0,0,0,,0,,0,0,0,0,liver_without_reference
medium,20260501_135548_PACIENTE 003_202605020017-converted.mp4,34,0.5,1,1,0.4804682114972491,1,0,0,0,0,,0,,0,0,0,0,liver_without_reference
medium,20260501_135548_PACIENTE 003_202605020017-converted.mp4,34,0.6,1,1,0.47681703736543174,1,0,0,0,0,,0,,0,0,0,0,liver_without_reference
medium,20260501_135548_PACIENTE 003_202605020017-converted.mp4,34,0.7,1,1,0.4729142234880214,1,0,0,0,0,,0,,0,0,0,0,liver_without_reference
medium,20260501_135548_PACIENTE 003_202605020017-converted.mp4,34,0.8,1,1,0.4682823989887324,1,0,0,0,0,,0,,0,0,0,0,liver_without_reference
medium,20260501_135548_PACIENTE 003_202605020017-converted.mp4,34,0.9,1,1,0.4609410882307086,1,0,0,0,0,,0,,0,0,0,0,liver_without_reference
medium,20260501_135548_PACIENTE 003_202605020017-converted.mp4,35,0.1,1,1,0.49833479694464233,1,0,0,0,0,,0,,0,0,0,0,liver_without_reference
medium,20260501_135548_PACIENTE 003_202605020017-converted.mp4,35,0.2,1,1,0.49181656470275303,1,0,0,0,0,,0,,0,0,0,0,liver_without_reference
medium,20260501_135548_PACIENTE 003_202605020017-converted.mp4,35,0.3,1,1,0.4877071040437377,1,0,0,0,0,,0,,0,0,0,0,liver_without_reference
medium,20260501_135548_PACIENTE 003_202605020017-converted.mp4,35,0.4,1,1,0.4838892760711618,1,0,0,0,0,,0,,0,0,0,0,liver_without_reference
medium,20260501_135548_PACIENTE 003_202605020017-converted.mp4,35,0.5,1,1,0.4800698453543649,1,0,0,0,0,,0,,0,0,0,0,liver_without_reference
medium,20260501_135548_PACIENTE 003_202605020017-converted.mp4,35,0.6,1,1,0.47642706882635116,1,0,0,0,0,,0,,0,0,0,0,liver_without_reference
medium,20260501_135548_PACIENTE 003_202605020017-converted.mp4,35,0.7,1,1,0.4725827459553635,1,0,0,0,0,,0,,0,0,0,0,liver_without_reference
medium,20260501_135548_PACIENTE 003_202605020017-converted.mp4,35,0.8,1,1,0.4680309590502308,1,0,0,0,0,,0,,0,0,0,0,liver_without_reference
medium,20260501_135548_PACIENTE 003_202605020017-converted.mp4,35,0.9,1,1,0.46060309849541375,1,0,0,0,0,,0,,0,0,0,0,liver_without_reference
medium,20260501_135548_PACIENTE 003_202605020017-converted.mp4,36,0.1,1,1,0.49724326764950766,1,0,0,0,0,,0,,0,0,0,0,liver_without_reference
medium,20260501_135548_PACIENTE 003_202605020017-converted.mp4,36,0.2,1,1,0.49077118098127637,1,0,0,0,0,,0,,0,0,0,0,liver_without_reference
medium,20260501_135548_PACIENTE 003_202605020017-converted.mp4,36,0.3,1,1,0.48650878647836615,1,0,0,0,0,,0,,0,0,0,0,liver_without_reference
medium,20260501_135548_PACIENTE 003_202605020017-converted.mp4,36,0.4,1,1,0.48276423307097127,1,0,0,0,0,,0,,0,0,0,0,liver_without_reference
medium,20260501_135548_PACIENTE 003_202605020017-converted.mp4,36,0.5,1,1,0.4790502209857049,1,0,0,0,0,,0,,0,0,0,0,liver_without_reference
medium,20260501_135548_PACIENTE 003_202605020017-converted.mp4,36,0.6,1,1,0.4753428496145948,1,0,0,0,0,,0,,0,0,0,0,liver_without_reference
medium,20260501_135548_PACIENTE 003_202605020017-converted.mp4,36,0.7,1,1,0.4712883892935072,1,0,0,0,0,,0,,0,0,0,0,liver_without_reference
medium,20260501_135548_PACIENTE 003_202605020017-converted.mp4,36,0.8,1,1,0.4666322301034357,1,0,0,0,0,,0,,0,0,0,0,liver_without_reference
medium,20260501_135548_PACIENTE 003_202605020017-converted.mp4,36,0.9,1,1,0.45878997021063234,1,0,0,0,0,,0,,0,0,0,0,liver_without_reference
medium,20260501_135548_PACIENTE 003_202605020017-converted.mp4,37,0.1,1,1,0.49644373563099353,1,0,0,0,0,,0,,0,0,0,0,liver_without_reference
medium,20260501_135548_PACIENTE 003_202605020017-converted.mp4,37,0.2,1,1,0.4897696243251443,1,0,0,0,0,,0,,0,0,0,0,liver_without_reference
medium,20260501_135548_PACIENTE 003_202605020017-converted.mp4,37,0.3,1,1,0.48552343170510137,1,0,0,0,0,,0,,0,0,0,0,liver_without_reference
medium,20260501_135548_PACIENTE 003_202605020017-converted.mp4,37,0.4,1,1,0.4816250730323011,1,0,0,0,0,,0,,0,0,0,0,liver_without_reference
medium,20260501_135548_PACIENTE 003_202605020017-converted.mp4,37,0.5,1,1,0.477900690968944,1,0,0,0,0,,0,,0,0,0,0,liver_without_reference
medium,20260501_135548_PACIENTE 003_202605020017-converted.mp4,37,0.6,1,1,0.47408262444271576,1,0,0,0,0,,0,,0,0,0,0,liver_without_reference
medium,20260501_135548_PACIENTE 003_202605020017-converted.mp4,37,0.7,1,1,0.47000071192559123,1,0,0,0,0,,0,,0,0,0,0,liver_without_reference
medium,20260501_135548_PACIENTE 003_202605020017-converted.mp4,37,0.8,1,1,0.4652528137073744,1,0,0,0,0,,0,,0,0,0,0,liver_without_reference
medium,20260501_135548_PACIENTE 003_202605020017-converted.mp4,37,0.9,1,1,0.45735039457995036,1,0,0,0,0,,0,,0,0,0,0,liver_without_reference
medium,20260501_135548_PACIENTE 003_202605020017-converted.mp4,38,0.1,1,1,0.49571463486369266,1,0,0,0,0,,0,,0,0,0,0,liver_without_reference
medium,20260501_135548_PACIENTE 003_202605020017-converted.mp4,38,0.2,1,1,0.4890090479495609,1,0,0,0,0,,0,,0,0,0,0,liver_without_reference
medium,20260501_135548_PACIENTE 003_202605020017-converted.mp4,38,0.3,1,1,0.4847733504462983,1,0,0,0,0,,0,,0,0,0,0,liver_without_reference
medium,20260501_135548_PACIENTE 003_202605020017-converted.mp4,38,0.4,1,1,0.4808256509346165,1,0,0,0,0,,0,,0,0,0,0,liver_without_reference
medium,20260501_135548_PACIENTE 003_202605020017-converted.mp4,38,0.5,1,1,0.47701447144146253,1,0,0,0,0,,0,,0,0,0,0,liver_without_reference
medium,20260501_135548_PACIENTE 003_202605020017-converted.mp4,38,0.6,1,1,0.47315614478994583,1,0,0,0,0,,0,,0,0,0,0,liver_without_reference
medium,20260501_135548_PACIENTE 003_202605020017-converted.mp4,38,0.7,1,1,0.469049972358568,1,0,0,0,0,,0,,0,0,0,0,liver_without_reference
medium,20260501_135548_PACIENTE 003_202605020017-converted.mp4,38,0.8,1,1,0.4643280109527369,1,0,0,0,0,,0,,0,0,0,0,liver_without_reference
medium,20260501_135548_PACIENTE 003_202605020017-converted.mp4,38,0.9,1,1,0.4564216221226894,1,0,0,0,0,,0,,0,0,0,0,liver_without_reference
medium,20260501_135548_PACIENTE 003_202605020017-converted.mp4,39,0.1,1,1,0.49124115105648825,1,0,0,0,0,,0,,0,0,0,0,liver_without_reference
medium,20260501_135548_PACIENTE 003_202605020017-converted.mp4,39,0.2,1,1,0.48478690023481497,1,0,0,0,0,,0,,0,0,0,0,liver_without_reference
medium,20260501_135548_PACIENTE 003_202605020017-converted.mp4,39,0.3,1,1,0.48039403611997766,1,0,0,0,0,,0,,0,0,0,0,liver_without_reference
medium,20260501_135548_PACIENTE 003_202605020017-converted.mp4,39,0.4,1,1,0.47644603956264087,1,0,0,0,0,,0,,0,0,0,0,liver_without_reference
medium,20260501_135548_PACIENTE 003_202605020017-converted.mp4,39,0.5,1,1,0.472665975970456,1,0,0,0,0,,0,,0,0,0,0,liver_without_reference
medium,20260501_135548_PACIENTE 003_202605020017-converted.mp4,39,0.6,1,1,0.46878280325366456,1,0,0,0,0,,0,,0,0,0,0,liver_without_reference
medium,20260501_135548_PACIENTE 003_202605020017-converted.mp4,39,0.7,1,1,0.46469376130804796,1,0,0,0,0,,0,,0,0,0,0,liver_without_reference
medium,20260501_135548_PACIENTE 003_202605020017-converted.mp4,39,0.8,1,1,0.459751385855871,1,0,0,0,0,,0,,0,0,0,0,liver_without_reference
medium,20260501_135548_PACIENTE 003_202605020017-converted.mp4,39,0.9,1,1,0.4515193905583739,1,0,0,0,0,,0,,0,0,0,0,liver_without_reference
medium,20260501_135548_PACIENTE 003_202605020017-converted.mp4,40,0.1,1,1,0.4892214775109152,1,0,0,0,0,,0,,0,0,0,0,liver_without_reference
medium,20260501_135548_PACIENTE 003_202605020017-converted.mp4,40,0.2,1,1,0.482706454428328,1,0,0,0,0,,0,,0,0,0,0,liver_without_reference
medium,20260501_135548_PACIENTE 003_202605020017-converted.mp4,40,0.3,1,1,0.47841197478028596,1,0,0,0,0,,0,,0,0,0,0,liver_without_reference
medium,20260501_135548_PACIENTE 003_202605020017-converted.mp4,40,0.4,1,1,0.47446196734036383,1,0,0,0,0,,0,,0,0,0,0,liver_without_reference
medium,20260501_135548_PACIENTE 003_202605020017-converted.mp4,40,0.5,1,1,0.4706602386283881,1,0,0,0,0,,0,,0,0,0,0,liver_without_reference
medium,20260501_135548_PACIENTE 003_202605020017-converted.mp4,40,0.6,1,1,0.4667483564462437,1,0,0,0,0,,0,,0,0,0,0,liver_without_reference
medium,20260501_135548_PACIENTE 003_202605020017-converted.mp4,40,0.7,1,1,0.46258098831925415,1,0,0,0,0,,0,,0,0,0,0,liver_without_reference
medium,20260501_135548_PACIENTE 003_202605020017-converted.mp4,40,0.8,1,1,0.4575254796729531,1,0,0,0,0,,0,,0,0,0,0,liver_without_reference
medium,20260501_135548_PACIENTE 003_202605020017-converted.mp4,40,0.9,1,1,0.44862152220354196,1,0,0,0,0,,0,,0,0,0,0,liver_without_reference
medium,20260501_135548_PACIENTE 003_202605020017-converted.mp4,41,0.1,1,1,0.48839675556549766,1,0,0,0,0,,0,,0,0,0,0,liver_without_reference
medium,20260501_135548_PACIENTE 003_202605020017-converted.mp4,41,0.2,1,1,0.48202706746915835,1,0,0,0,0,,0,,0,0,0,0,liver_without_reference
medium,20260501_135548_PACIENTE 003_202605020017-converted.mp4,41,0.3,1,1,0.4777500875160446,1,0,0,0,0,,0,,0,0,0,0,liver_without_reference
medium,20260501_135548_PACIENTE 003_202605020017-converted.mp4,41,0.4,1,1,0.473971070620738,1,0,0,0,0,,0,,0,0,0,0,liver_without_reference
medium,20260501_135548_PACIENTE 003_202605020017-converted.mp4,41,0.5,1,1,0.4700957187681483,1,0,0,0,0,,0,,0,0,0,0,liver_without_reference
medium,20260501_135548_PACIENTE 003_202605020017-converted.mp4,41,0.6,1,1,0.4662657253747323,1,0,0,0,0,,0,,0,0,0,0,liver_without_reference
medium,20260501_135548_PACIENTE 003_202605020017-converted.mp4,41,0.7,1,1,0.46228236604805645,1,0,0,0,0,,0,,0,0,0,0,liver_without_reference
medium,20260501_135548_PACIENTE 003_202605020017-converted.mp4,41,0.8,1,1,0.45739842519685037,1,0,0,0,0,,0,,0,0,0,0,liver_without_reference
medium,20260501_135548_PACIENTE 003_202605020017-converted.mp4,41,0.9,1,1,0.4493432723871006,1,0,0,0,0,,0,,0,0,0,0,liver_without_reference
medium,20260501_135548_PACIENTE 003_202605020017-converted.mp4,42,0.1,1,1,0.4847351328064158,1,0,0,0,0,,0,,0,0,0,0,liver_without_reference
medium,20260501_135548_PACIENTE 003_202605020017-converted.mp4,42,0.2,1,1,0.4784970593736362,1,0,0,0,0,,0,,0,0,0,0,liver_without_reference
medium,20260501_135548_PACIENTE 003_202605020017-converted.mp4,42,0.3,1,1,0.4743154324100196,1,0,0,0,0,,0,,0,0,0,0,liver_without_reference
medium,20260501_135548_PACIENTE 003_202605020017-converted.mp4,42,0.4,1,1,0.4705897082759484,1,0,0,0,0,,0,,0,0,0,0,liver_without_reference
medium,20260501_135548_PACIENTE 003_202605020017-converted.mp4,42,0.5,1,1,0.4669418380221084,1,0,0,0,0,,0,,0,0,0,0,liver_without_reference
medium,20260501_135548_PACIENTE 003_202605020017-converted.mp4,42,0.6,1,1,0.46324162909553246,1,0,0,0,0,,0,,0,0,0,0,liver_without_reference
medium,20260501_135548_PACIENTE 003_202605020017-converted.mp4,42,0.7,1,1,0.4592423512658891,1,0,0,0,0,,0,,0,0,0,0,liver_without_reference
medium,20260501_135548_PACIENTE 003_202605020017-converted.mp4,42,0.8,1,1,0.4545752333917075,1,0,0,0,0,,0,,0,0,0,0,liver_without_reference
medium,20260501_135548_PACIENTE 003_202605020017-converted.mp4,42,0.9,1,1,0.4466473114020487,1,0,0,0,0,,0,,0,0,0,0,liver_without_reference
medium,20260501_135548_PACIENTE 003_202605020017-converted.mp4,43,0.1,1,1,0.48244894577689407,1,0,0,0,0,,0,,0,0,0,0,liver_without_reference
medium,20260501_135548_PACIENTE 003_202605020017-converted.mp4,43,0.2,1,1,0.4761706849759151,1,0,0,0,0,,0,,0,0,0,0,liver_without_reference
medium,20260501_135548_PACIENTE 003_202605020017-converted.mp4,43,0.3,1,1,0.47200506725784674,1,0,0,0,0,,0,,0,0,0,0,liver_without_reference
medium,20260501_135548_PACIENTE 003_202605020017-converted.mp4,43,0.4,1,1,0.46816626325014604,1,0,0,0,0,,0,,0,0,0,0,liver_without_reference
medium,20260501_135548_PACIENTE 003_202605020017-converted.mp4,43,0.5,1,1,0.4644450571485863,1,0,0,0,0,,0,,0,0,0,0,liver_without_reference
medium,20260501_135548_PACIENTE 003_202605020017-converted.mp4,43,0.6,1,1,0.4608059619100193,1,0,0,0,0,,0,,0,0,0,0,liver_without_reference
medium,20260501_135548_PACIENTE 003_202605020017-converted.mp4,43,0.7,1,1,0.4567913126143821,1,0,0,0,0,,0,,0,0,0,0,liver_without_reference
medium,20260501_135548_PACIENTE 003_202605020017-converted.mp4,43,0.8,1,1,0.45210898523458365,1,0,0,0,0,,0,,0,0,0,0,liver_without_reference
medium,20260501_135548_PACIENTE 003_202605020017-converted.mp4,43,0.9,1,1,0.4440511705516509,1,0,0,0,0,,0,,0,0,0,0,liver_without_reference
medium,20260501_135548_PACIENTE 003_202605020017-converted.mp4,44,0.1,1,1,0.4827056269883351,1,0,0,0,0,,0,,0,0,0,0,liver_without_reference
medium,20260501_135548_PACIENTE 003_202605020017-converted.mp4,44,0.2,1,1,0.47645983126220853,1,0,0,0,0,,0,,0,0,0,0,liver_without_reference
medium,20260501_135548_PACIENTE 003_202605020017-converted.mp4,44,0.3,1,1,0.4721440864785575,1,0,0,0,0,,0,,0,0,0,0,liver_without_reference
medium,20260501_135548_PACIENTE 003_202605020017-converted.mp4,44,0.4,1,1,0.46846478397135477,1,0,0,0,0,,0,,0,0,0,0,liver_without_reference
medium,20260501_135548_PACIENTE 003_202605020017-converted.mp4,44,0.5,1,1,0.46472377260118314,1,0,0,0,0,,0,,0,0,0,0,liver_without_reference
medium,20260501_135548_PACIENTE 003_202605020017-converted.mp4,44,0.6,1,1,0.4610665250320978,1,0,0,0,0,,0,,0,0,0,0,liver_without_reference
medium,20260501_135548_PACIENTE 003_202605020017-converted.mp4,44,0.7,1,1,0.45702475531562925,1,0,0,0,0,,0,,0,0,0,0,liver_without_reference
medium,20260501_135548_PACIENTE 003_202605020017-converted.mp4,44,0.8,1,1,0.45242314799260874,1,0,0,0,0,,0,,0,0,0,0,liver_without_reference
medium,20260501_135548_PACIENTE 003_202605020017-converted.mp4,44,0.9,1,1,0.44432178716340054,1,0,0,0,0,,0,,0,0,0,0,liver_without_reference
medium,20260501_135548_PACIENTE 003_202605020017-converted.mp4,45,0.1,1,1,0.4822989972124079,1,0,0,0,0,,0,,0,0,0,0,liver_without_reference
medium,20260501_135548_PACIENTE 003_202605020017-converted.mp4,45,0.2,1,1,0.47599454723787676,1,0,0,0,0,,0,,0,0,0,0,liver_without_reference
medium,20260501_135548_PACIENTE 003_202605020017-converted.mp4,45,0.3,1,1,0.4718334215340253,1,0,0,0,0,,0,,0,0,0,0,liver_without_reference
medium,20260501_135548_PACIENTE 003_202605020017-converted.mp4,45,0.4,1,1,0.4680115009201571,1,0,0,0,0,,0,,0,0,0,0,liver_without_reference
medium,20260501_135548_PACIENTE 003_202605020017-converted.mp4,45,0.5,1,1,0.46436493514631244,1,0,0,0,0,,0,,0,0,0,0,liver_without_reference
medium,20260501_135548_PACIENTE 003_202605020017-converted.mp4,45,0.6,1,1,0.4605563594088472,1,0,0,0,0,,0,,0,0,0,0,liver_without_reference
medium,20260501_135548_PACIENTE 003_202605020017-converted.mp4,45,0.7,1,1,0.4563965541069701,1,0,0,0,0,,0,,0,0,0,0,liver_without_reference
medium,20260501_135548_PACIENTE 003_202605020017-converted.mp4,45,0.8,1,1,0.4516986519968085,1,0,0,0,0,,0,,0,0,0,0,liver_without_reference
medium,20260501_135548_PACIENTE 003_202605020017-converted.mp4,45,0.9,1,1,0.44102168682821186,1,0,0,0,0,,0,,0,0,0,0,liver_without_reference
medium,20260501_135548_PACIENTE 003_202605020017-converted.mp4,46,0.1,1,1,0.4833183533319803,1,0,0,0,0,,0,,0,0,0,0,liver_without_reference
medium,20260501_135548_PACIENTE 003_202605020017-converted.mp4,46,0.2,1,1,0.4770568995540631,1,0,0,0,0,,0,,0,0,0,0,liver_without_reference
medium,20260501_135548_PACIENTE 003_202605020017-converted.mp4,46,0.3,1,1,0.47282515844872347,1,0,0,0,0,,0,,0,0,0,0,liver_without_reference
medium,20260501_135548_PACIENTE 003_202605020017-converted.mp4,46,0.4,1,1,0.46899855613143376,1,0,0,0,0,,0,,0,0,0,0,liver_without_reference
medium,20260501_135548_PACIENTE 003_202605020017-converted.mp4,46,0.5,1,1,0.465368661573229,1,0,0,0,0,,0,,0,0,0,0,liver_without_reference
medium,20260501_135548_PACIENTE 003_202605020017-converted.mp4,46,0.6,1,1,0.46151337110836976,1,0,0,0,0,,0,,0,0,0,0,liver_without_reference
medium,20260501_135548_PACIENTE 003_202605020017-converted.mp4,46,0.7,1,1,0.45729756440751784,1,0,0,0,0,,0,,0,0,0,0,liver_without_reference
medium,20260501_135548_PACIENTE 003_202605020017-converted.mp4,46,0.8,1,1,0.45141242226113537,1,0,0,0,0,,0,,0,0,0,0,liver_without_reference
medium,20260501_135548_PACIENTE 003_202605020017-converted.mp4,46,0.9,1,1,0.4385575367399218,1,0,0,0,0,,0,,0,0,0,0,liver_without_reference
medium,20260501_135548_PACIENTE 003_202605020017-converted.mp4,47,0.1,1,1,0.4819507669111891,1,0,0,0,0,,0,,0,0,0,0,liver_without_reference
medium,20260501_135548_PACIENTE 003_202605020017-converted.mp4,47,0.2,1,1,0.4757368709790035,1,0,0,0,0,,0,,0,0,0,0,liver_without_reference
medium,20260501_135548_PACIENTE 003_202605020017-converted.mp4,47,0.3,1,1,0.4715709029389582,1,0,0,0,0,,0,,0,0,0,0,liver_without_reference
medium,20260501_135548_PACIENTE 003_202605020017-converted.mp4,47,0.4,1,1,0.4676775938042462,1,0,0,0,0,,0,,0,0,0,0,liver_without_reference
medium,20260501_135548_PACIENTE 003_202605020017-converted.mp4,47,0.5,1,1,0.4638678279758548,1,0,0,0,0,,0,,0,0,0,0,liver_without_reference
medium,20260501_135548_PACIENTE 003_202605020017-converted.mp4,47,0.6,1,1,0.4581733784970518,1,0,0,0,0,,0,,0,0,0,0,liver_without_reference
medium,20260501_135548_PACIENTE 003_202605020017-converted.mp4,47,0.7,1,1,0.4517529900499179,1,0,0,0,0,,0,,0,0,0,0,liver_without_reference
medium,20260501_135548_PACIENTE 003_202605020017-converted.mp4,47,0.8,1,1,0.4424816292252782,1,0,0,0,0,,0,,0,0,0,0,liver_without_reference
medium,20260501_135548_PACIENTE 003_202605020017-converted.mp4,47,0.9,1,1,0.41613438721855195,1,0,0,0,0,,0,,0,0,0,0,liver_without_reference
medium,20260501_135548_PACIENTE 003_202605020017-converted.mp4,48,0.1,1,1,0.4653158601037128,1,0,0,0,0,,0,,0,0,0,0,liver_without_reference
medium,20260501_135548_PACIENTE 003_202605020017-converted.mp4,48,0.2,1,1,0.44066063769657876,1,0,0,0,0,,0,,0,0,0,0,liver_without_reference
medium,20260501_135548_PACIENTE 003_202605020017-converted.mp4,48,0.3,1,1,0.4249569771947881,1,0,0,0,0,,0,,0,0,0,0,liver_without_reference
medium,20260501_135548_PACIENTE 003_202605020017-converted.mp4,48,0.4,1,1,0.4211253265232885,1,0,0,0,0,,0,,0,0,0,0,liver_without_reference
medium,20260501_135548_PACIENTE 003_202605020017-converted.mp4,48,0.5,1,1,0.4175118633872477,1,0,0,0,0,,0,,0,0,0,0,liver_without_reference
medium,20260501_135548_PACIENTE 003_202605020017-converted.mp4,48,0.6,1,1,0.4139360029439315,1,0,0,0,0,,0,,0,0,0,0,liver_without_reference
medium,20260501_135548_PACIENTE 003_202605020017-converted.mp4,48,0.7,1,1,0.4100120187777699,1,0,0,0,0,,0,,0,0,0,0,liver_without_reference
medium,20260501_135548_PACIENTE 003_202605020017-converted.mp4,48,0.8,1,1,0.40545227787132726,1,0,0,0,0,,0,,0,0,0,0,liver_without_reference
medium,20260501_135548_PACIENTE 003_202605020017-converted.mp4,48,0.9,1,1,0.3983112976211543,1,0,0,0,0,,0,,0,0,0,0,liver_without_reference
medium,20260501_135548_PACIENTE 003_202605020017-converted.mp4,49,0.1,1,1,0.44925957376302217,1,0,0,0,0,,0,,0,0,0,0,liver_without_reference
medium,20260501_135548_PACIENTE 003_202605020017-converted.mp4,49,0.2,1,1,0.42971253309173424,1,0,0,0,0,,0,,0,0,0,0,liver_without_reference
medium,20260501_135548_PACIENTE 003_202605020017-converted.mp4,49,0.3,1,1,0.4253842980544455,1,0,0,0,0,,0,,0,0,0,0,liver_without_reference
medium,20260501_135548_PACIENTE 003_202605020017-converted.mp4,49,0.4,1,1,0.42156830017358793,1,0,0,0,0,,0,,0,0,0,0,liver_without_reference
medium,20260501_135548_PACIENTE 003_202605020017-converted.mp4,49,0.5,1,1,0.41804518188046186,1,0,0,0,0,,0,,0,0,0,0,liver_without_reference
medium,20260501_135548_PACIENTE 003_202605020017-converted.mp4,49,0.6,1,1,0.41460161078540425,1,0,0,0,0,,0,,0,0,0,0,liver_without_reference
medium,20260501_135548_PACIENTE 003_202605020017-converted.mp4,49,0.7,1,1,0.4108197297999045,1,0,0,0,0,,0,,0,0,0,0,liver_without_reference
medium,20260501_135548_PACIENTE 003_202605020017-converted.mp4,49,0.8,1,1,0.40629973502647637,1,0,0,0,0,,0,,0,0,0,0,liver_without_reference
medium,20260501_135548_PACIENTE 003_202605020017-converted.mp4,49,0.9,1,1,0.39908484945520734,1,0,0,0,0,,0,,0,0,0,0,liver_without_reference
medium,20260501_135548_PACIENTE 003_202605020017-converted.mp4,50,0.1,1,1,0.4467561623182163,1,0,0,0,0,,0,,0,0,0,0,liver_without_reference
medium,20260501_135548_PACIENTE 003_202605020017-converted.mp4,50,0.2,1,1,0.4287406286882657,1,0,0,0,0,,0,,0,0,0,0,liver_without_reference
medium,20260501_135548_PACIENTE 003_202605020017-converted.mp4,50,0.3,1,1,0.4244253879360635,1,0,0,0,0,,0,,0,0,0,0,liver_without_reference
medium,20260501_135548_PACIENTE 003_202605020017-converted.mp4,50,0.4,1,1,0.4208560746415636,1,0,0,0,0,,0,,0,0,0,0,liver_without_reference
medium,20260501_135548_PACIENTE 003_202605020017-converted.mp4,50,0.5,1,1,0.4173200389308226,1,0,0,0,0,,0,,0,0,0,0,liver_without_reference
medium,20260501_135548_PACIENTE 003_202605020017-converted.mp4,50,0.6,1,1,0.413812136214625,1,0,0,0,0,,0,,0,0,0,0,liver_without_reference
medium,20260501_135548_PACIENTE 003_202605020017-converted.mp4,50,0.7,1,1,0.41008321014435095,1,0,0,0,0,,0,,0,0,0,0,liver_without_reference
medium,20260501_135548_PACIENTE 003_202605020017-converted.mp4,50,0.8,1,1,0.40567459867561906,1,0,0,0,0,,0,,0,0,0,0,liver_without_reference
medium,20260501_135548_PACIENTE 003_202605020017-converted.mp4,50,0.9,1,1,0.39870985682865784,1,0,0,0,0,,0,,0,0,0,0,liver_without_reference
medium,20260501_135548_PACIENTE 003_202605020017-converted.mp4,51,0.1,1,1,0.4362552606289558,1,0,0,0,0,,0,,0,0,0,0,liver_without_reference
medium,20260501_135548_PACIENTE 003_202605020017-converted.mp4,51,0.2,1,1,0.4295884694988654,1,0,0,0,0,,0,,0,0,0,0,liver_without_reference
medium,20260501_135548_PACIENTE 003_202605020017-converted.mp4,51,0.3,1,1,0.4253663862254614,1,0,0,0,0,,0,,0,0,0,0,liver_without_reference
medium,20260501_135548_PACIENTE 003_202605020017-converted.mp4,51,0.4,1,1,0.4217440108828549,1,0,0,0,0,,0,,0,0,0,0,liver_without_reference
medium,20260501_135548_PACIENTE 003_202605020017-converted.mp4,51,0.5,1,1,0.41826551541202467,1,0,0,0,0,,0,,0,0,0,0,liver_without_reference
medium,20260501_135548_PACIENTE 003_202605020017-converted.mp4,51,0.6,1,1,0.414670965421784,1,0,0,0,0,,0,,0,0,0,0,liver_without_reference
medium,20260501_135548_PACIENTE 003_202605020017-converted.mp4,51,0.7,1,1,0.4109764013652449,1,0,0,0,0,,0,,0,0,0,0,liver_without_reference
medium,20260501_135548_PACIENTE 003_202605020017-converted.mp4,51,0.8,1,1,0.4065431549243729,1,0,0,0,0,,0,,0,0,0,0,liver_without_reference
medium,20260501_135548_PACIENTE 003_202605020017-converted.mp4,51,0.9,1,1,0.39940168959487643,1,0,0,0,0,,0,,0,0,0,0,liver_without_reference
medium,20260501_135548_PACIENTE 003_202605020017-converted.mp4,52,0.1,1,1,0.46130523385854166,1,0,0,0,0,,0,,0,0,0,0,liver_without_reference
medium,20260501_135548_PACIENTE 003_202605020017-converted.mp4,52,0.2,1,1,0.4500745961625573,1,0,0,0,0,,0,,0,0,0,0,liver_without_reference
medium,20260501_135548_PACIENTE 003_202605020017-converted.mp4,52,0.3,1,1,0.4333816678750302,1,0,0,0,0,,0,,0,0,0,0,liver_without_reference
medium,20260501_135548_PACIENTE 003_202605020017-converted.mp4,52,0.4,1,1,0.42933920851901924,1,0,0,0,0,,0,,0,0,0,0,liver_without_reference
medium,20260501_135548_PACIENTE 003_202605020017-converted.mp4,52,0.5,1,1,0.4256312788487646,1,0,0,0,0,,0,,0,0,0,0,liver_without_reference
medium,20260501_135548_PACIENTE 003_202605020017-converted.mp4,52,0.6,1,1,0.4220487323484275,1,0,0,0,0,,0,,0,0,0,0,liver_without_reference
medium,20260501_135548_PACIENTE 003_202605020017-converted.mp4,52,0.7,1,1,0.41808146206226493,1,0,0,0,0,,0,,0,0,0,0,liver_without_reference
medium,20260501_135548_PACIENTE 003_202605020017-converted.mp4,52,0.8,1,1,0.4136794413675242,1,0,0,0,0,,0,,0,0,0,0,liver_without_reference
medium,20260501_135548_PACIENTE 003_202605020017-converted.mp4,52,0.9,1,1,0.40634348166811324,1,0,0,0,0,,0,,0,0,0,0,liver_without_reference
medium,20260501_135548_PACIENTE 003_202605020017-converted.mp4,53,0.1,1,1,0.4808974709444403,1,0,0,0,0,,0,,0,0,0,0,liver_without_reference
medium,20260501_135548_PACIENTE 003_202605020017-converted.mp4,53,0.2,1,1,0.47283071718594805,1,0,0,0,0,,0,,0,0,0,0,liver_without_reference
medium,20260501_135548_PACIENTE 003_202605020017-converted.mp4,53,0.3,1,1,0.4664136037301088,1,0,0,0,0,,0,,0,0,0,0,liver_without_reference
medium,20260501_135548_PACIENTE 003_202605020017-converted.mp4,53,0.4,1,1,0.4595043460480798,1,0,0,0,0,,0,,0,0,0,0,liver_without_reference
medium,20260501_135548_PACIENTE 003_202605020017-converted.mp4,53,0.5,1,1,0.45364584203579006,1,0,0,0,0,,0,,0,0,0,0,liver_without_reference
medium,20260501_135548_PACIENTE 003_202605020017-converted.mp4,53,0.6,1,1,0.4462156059212177,1,0,0,0,0,,0,,0,0,0,0,liver_without_reference
medium,20260501_135548_PACIENTE 003_202605020017-converted.mp4,53,0.7,1,1,0.4393614526449797,1,0,0,0,0,,0,,0,0,0,0,liver_without_reference
medium,20260501_135548_PACIENTE 003_202605020017-converted.mp4,53,0.8,1,1,0.43051980499439424,1,0,0,0,0,,0,,0,0,0,0,liver_without_reference
medium,20260501_135548_PACIENTE 003_202605020017-converted.mp4,53,0.9,1,1,0.41260886235416555,1,0,0,0,0,,0,,0,0,0,0,liver_without_reference
medium,20260501_135548_PACIENTE 003_202605020017-converted.mp4,54,0.1,1,1,0.48882501076907786,1,0,0,0,0,,0,,0,0,0,0,liver_without_reference
medium,20260501_135548_PACIENTE 003_202605020017-converted.mp4,54,0.2,1,1,0.4824546822144834,1,0,0,0,0,,0,,0,0,0,0,liver_without_reference
medium,20260501_135548_PACIENTE 003_202605020017-converted.mp4,54,0.3,1,1,0.4777450915030501,1,0,0,0,0,,0,,0,0,0,0,liver_without_reference
medium,20260501_135548_PACIENTE 003_202605020017-converted.mp4,54,0.4,1,1,0.4732831753900594,1,0,0,0,0,,0,,0,0,0,0,liver_without_reference
medium,20260501_135548_PACIENTE 003_202605020017-converted.mp4,54,0.5,1,1,0.4687352490277412,1,0,0,0,0,,0,,0,0,0,0,liver_without_reference
medium,20260501_135548_PACIENTE 003_202605020017-converted.mp4,54,0.6,1,1,0.46397119702938006,1,0,0,0,0,,0,,0,0,0,0,liver_without_reference
medium,20260501_135548_PACIENTE 003_202605020017-converted.mp4,54,0.7,1,1,0.4584266839757951,1,0,0,0,0,,0,,0,0,0,0,liver_without_reference
medium,20260501_135548_PACIENTE 003_202605020017-converted.mp4,54,0.8,1,1,0.45032628688049586,1,0,0,0,0,,0,,0,0,0,0,liver_without_reference
medium,20260501_135548_PACIENTE 003_202605020017-converted.mp4,54,0.9,1,1,0.4386486782563264,1,0,0,0,0,,0,,0,0,0,0,liver_without_reference
medium,20260501_135548_PACIENTE 003_202605020017-converted.mp4,55,0.1,1,1,0.4899620184481823,1,0,0,0,0,,0,,0,0,0,0,liver_without_reference
medium,20260501_135548_PACIENTE 003_202605020017-converted.mp4,55,0.2,1,1,0.4837020661225711,1,0,0,0,0,,0,,0,0,0,0,liver_without_reference
medium,20260501_135548_PACIENTE 003_202605020017-converted.mp4,55,0.3,1,1,0.47915364550780437,1,0,0,0,0,,0,,0,0,0,0,liver_without_reference
medium,20260501_135548_PACIENTE 003_202605020017-converted.mp4,55,0.4,1,1,0.474972460526755,1,0,0,0,0,,0,,0,0,0,0,liver_without_reference
medium,20260501_135548_PACIENTE 003_202605020017-converted.mp4,55,0.5,1,1,0.47074401430218377,1,0,0,0,0,,0,,0,0,0,0,liver_without_reference
medium,20260501_135548_PACIENTE 003_202605020017-converted.mp4,55,0.6,1,1,0.4663658753820872,1,0,0,0,0,,0,,0,0,0,0,liver_without_reference
medium,20260501_135548_PACIENTE 003_202605020017-converted.mp4,55,0.7,1,1,0.4614373118139979,1,0,0,0,0,,0,,0,0,0,0,liver_without_reference
medium,20260501_135548_PACIENTE 003_202605020017-converted.mp4,55,0.8,1,1,0.4555975476610397,1,0,0,0,0,,0,,0,0,0,0,liver_without_reference
medium,20260501_135548_PACIENTE 003_202605020017-converted.mp4,55,0.9,1,1,0.44499498613814664,1,0,0,0,0,,0,,0,0,0,0,liver_without_reference
medium,20260501_135548_PACIENTE 003_202605020017-converted.mp4,56,0.1,1,1,0.4904214559386973,1,0,0,0,0,,0,,0,0,0,0,liver_without_reference
medium,20260501_135548_PACIENTE 003_202605020017-converted.mp4,56,0.2,1,1,0.48419696654892996,1,0,0,0,0,,0,,0,0,0,0,liver_without_reference
medium,20260501_135548_PACIENTE 003_202605020017-converted.mp4,56,0.3,1,1,0.4796875,1,0,0,0,0,,0,,0,0,0,0,liver_without_reference
medium,20260501_135548_PACIENTE 003_202605020017-converted.mp4,56,0.4,1,1,0.4755554628335385,1,0,0,0,0,,0,,0,0,0,0,liver_without_reference
medium,20260501_135548_PACIENTE 003_202605020017-converted.mp4,56,0.5,1,1,0.47145309569655786,1,0,0,0,0,,0,,0,0,0,0,liver_without_reference
medium,20260501_135548_PACIENTE 003_202605020017-converted.mp4,56,0.6,1,1,0.4671606404375515,1,0,0,0,0,,0,,0,0,0,0,liver_without_reference
medium,20260501_135548_PACIENTE 003_202605020017-converted.mp4,56,0.7,1,1,0.46237018425460635,1,0,0,0,0,,0,,0,0,0,0,liver_without_reference
medium,20260501_135548_PACIENTE 003_202605020017-converted.mp4,56,0.8,1,1,0.4569305059836238,1,0,0,0,0,,0,,0,0,0,0,liver_without_reference
medium,20260501_135548_PACIENTE 003_202605020017-converted.mp4,56,0.9,1,1,0.4468805824261013,1,0,0,0,0,,0,,0,0,0,0,liver_without_reference
medium,20260501_135548_PACIENTE 003_202605020017-converted.mp4,57,0.1,1,1,0.4891773457367937,1,0,0,0,0,,0,,0,0,0,0,liver_without_reference
medium,20260501_135548_PACIENTE 003_202605020017-converted.mp4,57,0.2,1,1,0.48216600737958315,1,0,0,0,0,,0,,0,0,0,0,liver_without_reference
medium,20260501_135548_PACIENTE 003_202605020017-converted.mp4,57,0.3,1,1,0.47715928502979044,1,0,0,0,0,,0,,0,0,0,0,liver_without_reference
medium,20260501_135548_PACIENTE 003_202605020017-converted.mp4,57,0.4,1,1,0.47246190563613,1,0,0,0,0,,0,,0,0,0,0,liver_without_reference
medium,20260501_135548_PACIENTE 003_202605020017-converted.mp4,57,0.5,1,1,0.4675273685661419,1,0,0,0,0,,0,,0,0,0,0,liver_without_reference
medium,20260501_135548_PACIENTE 003_202605020017-converted.mp4,57,0.6,1,1,0.46252399091794794,1,0,0,0,0,,0,,0,0,0,0,liver_without_reference
medium,20260501_135548_PACIENTE 003_202605020017-converted.mp4,57,0.7,1,1,0.45695586086184586,1,0,0,0,0,,0,,0,0,0,0,liver_without_reference
medium,20260501_135548_PACIENTE 003_202605020017-converted.mp4,57,0.8,1,1,0.4493995633187773,1,0,0,0,0,,0,,0,0,0,0,liver_without_reference
medium,20260501_135548_PACIENTE 003_202605020017-converted.mp4,57,0.9,1,1,0.43886255924170614,1,0,0,0,0,,0,,0,0,0,0,liver_without_reference
medium,20260501_135548_PACIENTE 003_202605020017-converted.mp4,58,0.1,1,1,0.48955636827521654,1,0,0,0,0,,0,,0,0,0,0,liver_without_reference
medium,20260501_135548_PACIENTE 003_202605020017-converted.mp4,58,0.2,1,1,0.4826772373330674,1,0,0,0,0,,0,,0,0,0,0,liver_without_reference
medium,20260501_135548_PACIENTE 003_202605020017-converted.mp4,58,0.3,1,1,0.47778768510262415,1,0,0,0,0,,0,,0,0,0,0,liver_without_reference
medium,20260501_135548_PACIENTE 003_202605020017-converted.mp4,58,0.4,1,1,0.4733291051564286,1,0,0,0,0,,0,,0,0,0,0,liver_without_reference
medium,20260501_135548_PACIENTE 003_202605020017-converted.mp4,58,0.5,1,1,0.46864257759474054,1,0,0,0,0,,0,,0,0,0,0,liver_without_reference
medium,20260501_135548_PACIENTE 003_202605020017-converted.mp4,58,0.6,1,1,0.46379544646777193,1,0,0,0,0,,0,,0,0,0,0,liver_without_reference
medium,20260501_135548_PACIENTE 003_202605020017-converted.mp4,58,0.7,1,1,0.458633959641049,1,0,0,0,0,,0,,0,0,0,0,liver_without_reference
medium,20260501_135548_PACIENTE 003_202605020017-converted.mp4,58,0.8,1,1,0.4522604836305462,1,0,0,0,0,,0,,0,0,0,0,liver_without_reference
medium,20260501_135548_PACIENTE 003_202605020017-converted.mp4,58,0.9,1,1,0.4411054704779559,1,0,0,0,0,,0,,0,0,0,0,liver_without_reference
medium,20260501_135548_PACIENTE 003_202605020017-converted.mp4,59,0.1,1,1,0.48911944996686546,1,0,0,0,0,,0,,0,0,0,0,liver_without_reference
medium,20260501_135548_PACIENTE 003_202605020017-converted.mp4,59,0.2,1,1,0.4820181252311362,1,0,0,0,0,,0,,0,0,0,0,liver_without_reference
medium,20260501_135548_PACIENTE 003_202605020017-converted.mp4,59,0.3,1,1,0.4770799306689777,1,0,0,0,0,,0,,0,0,0,0,liver_without_reference
medium,20260501_135548_PACIENTE 003_202605020017-converted.mp4,59,0.4,1,1,0.47262174488131153,1,0,0,0,0,,0,,0,0,0,0,liver_without_reference
medium,20260501_135548_PACIENTE 003_202605020017-converted.mp4,59,0.5,1,1,0.4680118788557204,1,0,0,0,0,,0,,0,0,0,0,liver_without_reference
medium,20260501_135548_PACIENTE 003_202605020017-converted.mp4,59,0.6,1,1,0.46332141587739656,1,0,0,0,0,,0,,0,0,0,0,liver_without_reference
medium,20260501_135548_PACIENTE 003_202605020017-converted.mp4,59,0.7,1,1,0.4579845480622265,1,0,0,0,0,,0,,0,0,0,0,liver_without_reference
medium,20260501_135548_PACIENTE 003_202605020017-converted.mp4,59,0.8,1,1,0.4517321016166282,1,0,0,0,0,,0,,0,0,0,0,liver_without_reference
medium,20260501_135548_PACIENTE 003_202605020017-converted.mp4,59,0.9,1,1,0.44009571877554116,1,0,0,0,0,,0,,0,0,0,0,liver_without_reference
medium,20260501_135548_PACIENTE 003_202605020017-converted.mp4,60,0.1,1,1,0.48866488308719386,1,0,0,0,0,,0,,0,0,0,0,liver_without_reference
medium,20260501_135548_PACIENTE 003_202605020017-converted.mp4,60,0.2,1,1,0.481447317028579,1,0,0,0,0,,0,,0,0,0,0,liver_without_reference
medium,20260501_135548_PACIENTE 003_202605020017-converted.mp4,60,0.3,1,1,0.47650710327875684,1,0,0,0,0,,0,,0,0,0,0,liver_without_reference
medium,20260501_135548_PACIENTE 003_202605020017-converted.mp4,60,0.4,1,1,0.47190026785490774,1,0,0,0,0,,0,,0,0,0,0,liver_without_reference
medium,20260501_135548_PACIENTE 003_202605020017-converted.mp4,60,0.5,1,1,0.4671801126017007,1,0,0,0,0,,0,,0,0,0,0,liver_without_reference
medium,20260501_135548_PACIENTE 003_202605020017-converted.mp4,60,0.6,1,1,0.46224509849013845,1,0,0,0,0,,0,,0,0,0,0,liver_without_reference
medium,20260501_135548_PACIENTE 003_202605020017-converted.mp4,60,0.7,1,1,0.45689940332879725,1,0,0,0,0,,0,,0,0,0,0,liver_without_reference
medium,20260501_135548_PACIENTE 003_202605020017-converted.mp4,60,0.8,1,1,0.45010350054374526,1,0,0,0,0,,0,,0,0,0,0,liver_without_reference
medium,20260501_135548_PACIENTE 003_202605020017-converted.mp4,60,0.9,1,1,0.43822037611215964,1,0,0,0,0,,0,,0,0,0,0,liver_without_reference
medium,20260501_135548_PACIENTE 003_202605020017-converted.mp4,61,0.1,1,1,0.47390088840108513,1,0,0,0,0,,0,,0,0,0,0,liver_without_reference
medium,20260501_135548_PACIENTE 003_202605020017-converted.mp4,61,0.2,1,1,0.46419400144603545,1,0,0,0,0,,0,,0,0,0,0,liver_without_reference
medium,20260501_135548_PACIENTE 003_202605020017-converted.mp4,61,0.3,1,1,0.45747331405668,1,0,0,0,0,,0,,0,0,0,0,liver_without_reference
medium,20260501_135548_PACIENTE 003_202605020017-converted.mp4,61,0.4,1,1,0.45183754193300735,1,0,0,0,0,,0,,0,0,0,0,liver_without_reference
medium,20260501_135548_PACIENTE 003_202605020017-converted.mp4,61,0.5,1,1,0.44685489934007183,1,0,0,0,0,,0,,0,0,0,0,liver_without_reference
medium,20260501_135548_PACIENTE 003_202605020017-converted.mp4,61,0.6,1,1,0.44134741630915647,1,0,0,0,0,,0,,0,0,0,0,liver_without_reference
medium,20260501_135548_PACIENTE 003_202605020017-converted.mp4,61,0.7,1,1,0.4302135197041963,1,0,0,0,0,,0,,0,0,0,0,liver_without_reference
medium,20260501_135548_PACIENTE 003_202605020017-converted.mp4,61,0.8,1,1,0.42464004837145247,1,0,0,0,0,,0,,0,0,0,0,liver_without_reference
medium,20260501_135548_PACIENTE 003_202605020017-converted.mp4,61,0.9,1,1,0.4165350117752135,1,0,0,0,0,,0,,0,0,0,0,liver_without_reference
medium,20260501_135548_PACIENTE 003_202605020017-converted.mp4,62,0.1,1,1,0.47123504392086374,1,0,0,0,0,,0,,0,0,0,0,liver_without_reference
medium,20260501_135548_PACIENTE 003_202605020017-converted.mp4,62,0.2,1,1,0.46242260544359026,1,0,0,0,0,,0,,0,0,0,0,liver_without_reference
medium,20260501_135548_PACIENTE 003_202605020017-converted.mp4,62,0.3,1,1,0.4559150716208221,1,0,0,0,0,,0,,0,0,0,0,liver_without_reference
medium,20260501_135548_PACIENTE 003_202605020017-converted.mp4,62,0.4,1,1,0.45090086706890653,1,0,0,0,0,,0,,0,0,0,0,liver_without_reference
medium,20260501_135548_PACIENTE 003_202605020017-converted.mp4,62,0.5,1,1,0.4393571076527245,1,0,0,0,0,,0,,0,0,0,0,liver_without_reference
medium,20260501_135548_PACIENTE 003_202605020017-converted.mp4,62,0.6,1,1,0.4354171022370897,1,0,0,0,0,,0,,0,0,0,0,liver_without_reference
medium,20260501_135548_PACIENTE 003_202605020017-converted.mp4,62,0.7,1,1,0.430658554254201,1,0,0,0,0,,0,,0,0,0,0,liver_without_reference
medium,20260501_135548_PACIENTE 003_202605020017-converted.mp4,62,0.8,1,1,0.4254102353079494,1,0,0,0,0,,0,,0,0,0,0,liver_without_reference
medium,20260501_135548_PACIENTE 003_202605020017-converted.mp4,62,0.9,1,1,0.41732880579031184,1,0,0,0,0,,0,,0,0,0,0,liver_without_reference
medium,20260501_135548_PACIENTE 003_202605020017-converted.mp4,63,0.1,1,1,0.4547758672100189,1,0,0,0,0,,0,,0,0,0,0,liver_without_reference
medium,20260501_135548_PACIENTE 003_202605020017-converted.mp4,63,0.2,1,1,0.4484976668231814,1,0,0,0,0,,0,,0,0,0,0,liver_without_reference
medium,20260501_135548_PACIENTE 003_202605020017-converted.mp4,63,0.3,1,1,0.44452499093851944,1,0,0,0,0,,0,,0,0,0,0,liver_without_reference
medium,20260501_135548_PACIENTE 003_202605020017-converted.mp4,63,0.4,1,1,0.4409857815159708,1,0,0,0,0,,0,,0,0,0,0,liver_without_reference
medium,20260501_135548_PACIENTE 003_202605020017-converted.mp4,63,0.5,1,1,0.43755455597181675,1,0,0,0,0,,0,,0,0,0,0,liver_without_reference
medium,20260501_135548_PACIENTE 003_202605020017-converted.mp4,63,0.6,1,1,0.4340869085298803,1,0,0,0,0,,0,,0,0,0,0,liver_without_reference
medium,20260501_135548_PACIENTE 003_202605020017-converted.mp4,63,0.7,1,1,0.43029706701279125,1,0,0,0,0,,0,,0,0,0,0,liver_without_reference
medium,20260501_135548_PACIENTE 003_202605020017-converted.mp4,63,0.8,1,1,0.4256648389019977,1,0,0,0,0,,0,,0,0,0,0,liver_without_reference
medium,20260501_135548_PACIENTE 003_202605020017-converted.mp4,63,0.9,1,1,0.4177391157823788,1,0,0,0,0,,0,,0,0,0,0,liver_without_reference
medium,20260501_135548_PACIENTE 003_202605020017-converted.mp4,64,0.1,1,1,0.4543583329536936,1,0,0,0,0,,0,,0,0,0,0,liver_without_reference
medium,20260501_135548_PACIENTE 003_202605020017-converted.mp4,64,0.2,1,1,0.4482695575934613,1,0,0,0,0,,0,,0,0,0,0,liver_without_reference
medium,20260501_135548_PACIENTE 003_202605020017-converted.mp4,64,0.3,1,1,0.4443370482241433,1,0,0,0,0,,0,,0,0,0,0,liver_without_reference
medium,20260501_135548_PACIENTE 003_202605020017-converted.mp4,64,0.4,1,1,0.44082073704456226,1,0,0,0,0,,0,,0,0,0,0,liver_without_reference
medium,20260501_135548_PACIENTE 003_202605020017-converted.mp4,64,0.5,1,1,0.43734860254932423,1,0,0,0,0,,0,,0,0,0,0,liver_without_reference
medium,20260501_135548_PACIENTE 003_202605020017-converted.mp4,64,0.6,1,1,0.43391784991554194,1,0,0,0,0,,0,,0,0,0,0,liver_without_reference
medium,20260501_135548_PACIENTE 003_202605020017-converted.mp4,64,0.7,1,1,0.43005723712583377,1,0,0,0,0,,0,,0,0,0,0,liver_without_reference
medium,20260501_135548_PACIENTE 003_202605020017-converted.mp4,64,0.8,1,1,0.42539353300050803,1,0,0,0,0,,0,,0,0,0,0,liver_without_reference
medium,20260501_135548_PACIENTE 003_202605020017-converted.mp4,64,0.9,1,1,0.41739830137170975,1,0,0,0,0,,0,,0,0,0,0,liver_without_reference
medium,20260501_135548_PACIENTE 003_202605020017-converted.mp4,65,0.1,1,1,0.4560315087158376,1,0,0,0,0,,0,,0,0,0,0,liver_without_reference
medium,20260501_135548_PACIENTE 003_202605020017-converted.mp4,65,0.2,1,1,0.4495418943344483,1,0,0,0,0,,0,,0,0,0,0,liver_without_reference
medium,20260501_135548_PACIENTE 003_202605020017-converted.mp4,65,0.3,1,1,0.44548647421288795,1,0,0,0,0,,0,,0,0,0,0,liver_without_reference
medium,20260501_135548_PACIENTE 003_202605020017-converted.mp4,65,0.4,1,1,0.4419346898246463,1,0,0,0,0,,0,,0,0,0,0,liver_without_reference
medium,20260501_135548_PACIENTE 003_202605020017-converted.mp4,65,0.5,1,1,0.4385353058616167,1,0,0,0,0,,0,,0,0,0,0,liver_without_reference
medium,20260501_135548_PACIENTE 003_202605020017-converted.mp4,65,0.6,1,1,0.4349916588969675,1,0,0,0,0,,0,,0,0,0,0,liver_without_reference
medium,20260501_135548_PACIENTE 003_202605020017-converted.mp4,65,0.7,1,1,0.4311178665192759,1,0,0,0,0,,0,,0,0,0,0,liver_without_reference
medium,20260501_135548_PACIENTE 003_202605020017-converted.mp4,65,0.8,1,1,0.4264739224264613,1,0,0,0,0,,0,,0,0,0,0,liver_without_reference
medium,20260501_135548_PACIENTE 003_202605020017-converted.mp4,65,0.9,1,1,0.4184146778168643,1,0,0,0,0,,0,,0,0,0,0,liver_without_reference
medium,20260501_135548_PACIENTE 003_202605020017-converted.mp4,66,0.1,1,1,0.4691749191320519,1,0,0,0,0,,0,,0,0,0,0,liver_without_reference
medium,20260501_135548_PACIENTE 003_202605020017-converted.mp4,66,0.2,1,1,0.4531881739419501,1,0,0,0,0,,0,,0,0,0,0,liver_without_reference
medium,20260501_135548_PACIENTE 003_202605020017-converted.mp4,66,0.3,1,1,0.44817859479098526,1,0,0,0,0,,0,,0,0,0,0,liver_without_reference
medium,20260501_135548_PACIENTE 003_202605020017-converted.mp4,66,0.4,1,1,0.4438408518166191,1,0,0,0,0,,0,,0,0,0,0,liver_without_reference
medium,20260501_135548_PACIENTE 003_202605020017-converted.mp4,66,0.5,1,1,0.4400623206506075,1,0,0,0,0,,0,,0,0,0,0,liver_without_reference
medium,20260501_135548_PACIENTE 003_202605020017-converted.mp4,66,0.6,1,1,0.43640005184835196,1,0,0,0,0,,0,,0,0,0,0,liver_without_reference
medium,20260501_135548_PACIENTE 003_202605020017-converted.mp4,66,0.7,1,1,0.4323825236376427,1,0,0,0,0,,0,,0,0,0,0,liver_without_reference
medium,20260501_135548_PACIENTE 003_202605020017-converted.mp4,66,0.8,1,1,0.4276686779111609,1,0,0,0,0,,0,,0,0,0,0,liver_without_reference
medium,20260501_135548_PACIENTE 003_202605020017-converted.mp4,66,0.9,1,1,0.4193616340012471,1,0,0,0,0,,0,,0,0,0,0,liver_without_reference
medium,20260501_135548_PACIENTE 003_202605020017-converted.mp4,67,0.1,1,1,0.4684106327813719,1,0,0,0,0,,0,,0,0,0,0,liver_without_reference
medium,20260501_135548_PACIENTE 003_202605020017-converted.mp4,67,0.2,1,1,0.45340009557250005,1,0,0,0,0,,0,,0,0,0,0,liver_without_reference
medium,20260501_135548_PACIENTE 003_202605020017-converted.mp4,67,0.3,1,1,0.4485892136928769,1,0,0,0,0,,0,,0,0,0,0,liver_without_reference
medium,20260501_135548_PACIENTE 003_202605020017-converted.mp4,67,0.4,1,1,0.44438881309117007,1,0,0,0,0,,0,,0,0,0,0,liver_without_reference
medium,20260501_135548_PACIENTE 003_202605020017-converted.mp4,67,0.5,1,1,0.440256116814662,1,0,0,0,0,,0,,0,0,0,0,liver_without_reference
medium,20260501_135548_PACIENTE 003_202605020017-converted.mp4,67,0.6,1,1,0.43645105991554123,1,0,0,0,0,,0,,0,0,0,0,liver_without_reference
medium,20260501_135548_PACIENTE 003_202605020017-converted.mp4,67,0.7,1,1,0.4320726590568392,1,0,0,0,0,,0,,0,0,0,0,liver_without_reference
medium,20260501_135548_PACIENTE 003_202605020017-converted.mp4,67,0.8,1,1,0.42677678455214574,1,0,0,0,0,,0,,0,0,0,0,liver_without_reference
medium,20260501_135548_PACIENTE 003_202605020017-converted.mp4,67,0.9,1,1,0.4183101261823008,1,0,0,0,0,,0,,0,0,0,0,liver_without_reference
medium,20260501_135548_PACIENTE 003_202605020017-converted.mp4,68,0.1,1,1,0.462290994487266,1,0,0,0,0,,0,,0,0,0,0,liver_without_reference
medium,20260501_135548_PACIENTE 003_202605020017-converted.mp4,68,0.2,1,1,0.45476947370608156,1,0,0,0,0,,0,,0,0,0,0,liver_without_reference
medium,20260501_135548_PACIENTE 003_202605020017-converted.mp4,68,0.3,1,1,0.45023957335111037,1,0,0,0,0,,0,,0,0,0,0,liver_without_reference
medium,20260501_135548_PACIENTE 003_202605020017-converted.mp4,68,0.4,1,1,0.4461241248091062,1,0,0,0,0,,0,,0,0,0,0,liver_without_reference
medium,20260501_135548_PACIENTE 003_202605020017-converted.mp4,68,0.5,1,1,0.441926807060337,1,0,0,0,0,,0,,0,0,0,0,liver_without_reference
medium,20260501_135548_PACIENTE 003_202605020017-converted.mp4,68,0.6,1,1,0.4378778882579717,1,0,0,0,0,,0,,0,0,0,0,liver_without_reference
medium,20260501_135548_PACIENTE 003_202605020017-converted.mp4,68,0.7,1,1,0.43363050496844735,1,0,0,0,0,,0,,0,0,0,0,liver_without_reference
medium,20260501_135548_PACIENTE 003_202605020017-converted.mp4,68,0.8,1,1,0.428808364124958,1,0,0,0,0,,0,,0,0,0,0,liver_without_reference
medium,20260501_135548_PACIENTE 003_202605020017-converted.mp4,68,0.9,1,1,0.42047053668483986,1,0,0,0,0,,0,,0,0,0,0,liver_without_reference
medium,20260501_135548_PACIENTE 003_202605020017-converted.mp4,69,0.1,1,1,0.4609458804623789,1,0,0,0,0,,0,,0,0,0,0,liver_without_reference
medium,20260501_135548_PACIENTE 003_202605020017-converted.mp4,69,0.2,1,1,0.4536770022189165,1,0,0,0,0,,0,,0,0,0,0,liver_without_reference
medium,20260501_135548_PACIENTE 003_202605020017-converted.mp4,69,0.3,1,1,0.44911359706685,1,0,0,0,0,,0,,0,0,0,0,liver_without_reference
medium,20260501_135548_PACIENTE 003_202605020017-converted.mp4,69,0.4,1,1,0.4448714097364776,1,0,0,0,0,,0,,0,0,0,0,liver_without_reference
medium,20260501_135548_PACIENTE 003_202605020017-converted.mp4,69,0.5,1,1,0.44074146781556867,1,0,0,0,0,,0,,0,0,0,0,liver_without_reference
medium,20260501_135548_PACIENTE 003_202605020017-converted.mp4,69,0.6,1,1,0.43694601465029936,1,0,0,0,0,,0,,0,0,0,0,liver_without_reference
medium,20260501_135548_PACIENTE 003_202605020017-converted.mp4,69,0.7,1,1,0.4327754491895536,1,0,0,0,0,,0,,0,0,0,0,liver_without_reference
medium,20260501_135548_PACIENTE 003_202605020017-converted.mp4,69,0.8,1,1,0.4280142082192701,1,0,0,0,0,,0,,0,0,0,0,liver_without_reference
medium,20260501_135548_PACIENTE 003_202605020017-converted.mp4,69,0.9,1,1,0.41993267865643785,1,0,0,0,0,,0,,0,0,0,0,liver_without_reference
medium,20260501_135548_PACIENTE 003_202605020017-converted.mp4,70,0.1,1,1,0.4719002000472161,1,0,0,0,0,,0,,0,0,0,0,liver_without_reference
medium,20260501_135548_PACIENTE 003_202605020017-converted.mp4,70,0.2,1,1,0.45617811315736984,1,0,0,0,0,,0,,0,0,0,0,liver_without_reference
medium,20260501_135548_PACIENTE 003_202605020017-converted.mp4,70,0.3,1,1,0.4512547237024661,1,0,0,0,0,,0,,0,0,0,0,liver_without_reference
medium,20260501_135548_PACIENTE 003_202605020017-converted.mp4,70,0.4,1,1,0.4471786912331648,1,0,0,0,0,,0,,0,0,0,0,liver_without_reference
medium,20260501_135548_PACIENTE 003_202605020017-converted.mp4,70,0.5,1,1,0.44315148882493727,1,0,0,0,0,,0,,0,0,0,0,liver_without_reference
medium,20260501_135548_PACIENTE 003_202605020017-converted.mp4,70,0.6,1,1,0.43917031809211626,1,0,0,0,0,,0,,0,0,0,0,liver_without_reference
medium,20260501_135548_PACIENTE 003_202605020017-converted.mp4,70,0.7,1,1,0.43415526720178205,1,0,0,0,0,,0,,0,0,0,0,liver_without_reference
medium,20260501_135548_PACIENTE 003_202605020017-converted.mp4,70,0.8,1,1,0.4292581956200457,1,0,0,0,0,,0,,0,0,0,0,liver_without_reference
medium,20260501_135548_PACIENTE 003_202605020017-converted.mp4,70,0.9,1,1,0.4213859000176945,1,0,0,0,0,,0,,0,0,0,0,liver_without_reference
medium,20260501_135548_PACIENTE 003_202605020017-converted.mp4,71,0.1,1,1,0.4870517392042607,1,0,0,0,0,,0,,0,0,0,0,liver_without_reference
medium,20260501_135548_PACIENTE 003_202605020017-converted.mp4,71,0.2,1,1,0.47931590406701347,1,0,0,0,0,,0,,0,0,0,0,liver_without_reference
medium,20260501_135548_PACIENTE 003_202605020017-converted.mp4,71,0.3,1,1,0.47407561712321633,1,0,0,0,0,,0,,0,0,0,0,liver_without_reference
medium,20260501_135548_PACIENTE 003_202605020017-converted.mp4,71,0.4,1,1,0.4694166190355002,1,0,0,0,0,,0,,0,0,0,0,liver_without_reference
medium,20260501_135548_PACIENTE 003_202605020017-converted.mp4,71,0.5,1,1,0.46479243848753043,1,0,0,0,0,,0,,0,0,0,0,liver_without_reference
medium,20260501_135548_PACIENTE 003_202605020017-converted.mp4,71,0.6,1,1,0.4588925402838054,1,0,0,0,0,,0,,0,0,0,0,liver_without_reference
medium,20260501_135548_PACIENTE 003_202605020017-converted.mp4,71,0.7,1,1,0.4524873236723876,1,0,0,0,0,,0,,0,0,0,0,liver_without_reference
medium,20260501_135548_PACIENTE 003_202605020017-converted.mp4,71,0.8,1,1,0.43720609969098484,1,0,0,0,0,,0,,0,0,0,0,liver_without_reference
medium,20260501_135548_PACIENTE 003_202605020017-converted.mp4,71,0.9,1,1,0.4270181232990976,1,0,0,0,0,,0,,0,0,0,0,liver_without_reference
medium,20260501_135548_PACIENTE 003_202605020017-converted.mp4,72,0.1,1,1,0.4868195993489524,1,163,163,1,0,13.816866231707635,1,4.478602783749117,1,1,0,0,liver_without_reference
medium,20260501_135548_PACIENTE 003_202605020017-converted.mp4,72,0.2,1,1,0.47971128314447065,1,139,139,1,0,13.694950876863109,1,4.506240663168745,1,1,0,0,liver_without_reference
medium,20260501_135548_PACIENTE 003_202605020017-converted.mp4,72,0.3,1,1,0.474643145816494,1,124,124,1,0,13.218625115645379,1,4.495067944258797,1,1,0,0,liver_without_reference
medium,20260501_135548_PACIENTE 003_202605020017-converted.mp4,72,0.4,1,1,0.4698992748120269,1,112,112,1,0,12.962748334660946,1,4.513800108690076,1,1,0,0,liver_without_reference
medium,20260501_135548_PACIENTE 003_202605020017-converted.mp4,72,0.5,1,1,0.46550715920672314,1,98,98,1,0,12.760770169166411,1,4.543639285531912,1,1,0,0,liver_without_reference
medium,20260501_135548_PACIENTE 003_202605020017-converted.mp4,72,0.6,1,1,0.4608430586277404,1,91,91,1,0,12.50500201815164,1,4.515575078839133,1,1,0,0,liver_without_reference
medium,20260501_135548_PACIENTE 003_202605020017-converted.mp4,72,0.7,1,1,0.45457628963975094,1,81,81,1,0,12.46768112771304,1,4.519500713491919,1,1,0,0,liver_without_reference
medium,20260501_135548_PACIENTE 003_202605020017-converted.mp4,72,0.8,1,1,0.44717096008901763,1,67,67,1,0,11.768389343823905,1,4.50552528061139,1,1,0,0,liver_without_reference
medium,20260501_135548_PACIENTE 003_202605020017-converted.mp4,72,0.9,1,1,0.42861295908522123,1,47,47,0,0,11.81581142911412,1,4.519068528625589,1,1,0,0,liver_without_reference
medium,20260501_135548_PACIENTE 003_202605020017-converted.mp4,73,0.1,1,1,0.48873500762043603,1,137,137,1,0,13.711588975223776,1,4.365204488123802,1,1,0,0,liver_without_reference
medium,20260501_135548_PACIENTE 003_202605020017-converted.mp4,73,0.2,1,1,0.4816223067173637,1,115,115,1,0,13.474770936674256,1,4.366807832603298,1,1,0,0,liver_without_reference
medium,20260501_135548_PACIENTE 003_202605020017-converted.mp4,73,0.3,1,1,0.47697236850876606,1,100,100,1,0,13.285612518811467,1,4.347267050812464,1,1,0,0,liver_without_reference
medium,20260501_135548_PACIENTE 003_202605020017-converted.mp4,73,0.4,1,1,0.47284994242034817,1,91,91,1,0,12.86221370839785,1,4.352054020797322,1,1,0,0,liver_without_reference
medium,20260501_135548_PACIENTE 003_202605020017-converted.mp4,73,0.5,1,1,0.4688113477073187,1,77,77,1,0,12.723323002290343,1,4.380685804373813,1,1,0,0,liver_without_reference
medium,20260501_135548_PACIENTE 003_202605020017-converted.mp4,73,0.6,1,1,0.46446805574720573,1,66,66,1,0,12.59601325999277,1,4.388203430850638,1,1,0,0,liver_without_reference
medium,20260501_135548_PACIENTE 003_202605020017-converted.mp4,73,0.7,1,1,0.4595514651079046,1,57,57,1,0,12.588963200352671,1,4.39422890132184,1,1,0,0,liver_without_reference
medium,20260501_135548_PACIENTE 003_202605020017-converted.mp4,73,0.8,1,1,0.45386259336857443,1,39,39,0,0,12.253137638398412,1,4.376450163715469,1,1,0,0,liver_without_reference
medium,20260501_135548_PACIENTE 003_202605020017-converted.mp4,73,0.9,1,1,0.44350123015739273,1,21,21,0,0,11.938808457810614,1,4.38168824262006,1,1,0,0,liver_without_reference
medium,20260501_135548_PACIENTE 003_202605020017-converted.mp4,74,0.1,1,1,0.48736617589198816,1,53,53,1,0,6.239437496896566,1,4.176595216168949,1,1,0,0,liver_without_reference
medium,20260501_135548_PACIENTE 003_202605020017-converted.mp4,74,0.2,1,1,0.48019297975873376,1,37,37,0,0,3.8685486129908946,1,4.141270129923194,1,1,0,0,liver_without_reference
medium,20260501_135548_PACIENTE 003_202605020017-converted.mp4,74,0.3,1,1,0.47565259057102977,1,25,25,0,0,3.125635935293808,1,4.069134186449845,1,1,0,0,liver_without_reference
medium,20260501_135548_PACIENTE 003_202605020017-converted.mp4,74,0.4,1,1,0.4715135078752477,1,17,17,0,0,2.6956327617387297,1,4.075460803120449,1,1,0,0,liver_without_reference
medium,20260501_135548_PACIENTE 003_202605020017-converted.mp4,74,0.5,1,1,0.4676621695000209,1,15,15,0,0,2.7030846576951055,1,4.0749035568743475,1,1,0,0,liver_without_reference
medium,20260501_135548_PACIENTE 003_202605020017-converted.mp4,74,0.6,1,1,0.4635060150784657,1,8,8,0,0,2.521780125229002,1,4.035922733700485,1,1,0,0,liver_without_reference
medium,20260501_135548_PACIENTE 003_202605020017-converted.mp4,74,0.7,1,1,0.4587007679488146,1,3,0,0,0,,0,,0,0,0,0,liver_without_reference
medium,20260501_135548_PACIENTE 003_202605020017-converted.mp4,74,0.8,1,1,0.45288469209097665,1,1,0,0,0,,0,,0,0,0,0,liver_without_reference
medium,20260501_135548_PACIENTE 003_202605020017-converted.mp4,74,0.9,1,1,0.442420948866365,1,0,0,0,0,,0,,0,0,0,0,liver_without_reference
medium,20260501_135548_PACIENTE 003_202605020017-converted.mp4,75,0.1,1,1,0.4861975704410565,1,6,0,0,0,,0,,0,0,0,0,liver_without_reference
medium,20260501_135548_PACIENTE 003_202605020017-converted.mp4,75,0.2,1,1,0.4793447500633724,1,0,0,0,0,,0,,0,0,0,0,liver_without_reference
medium,20260501_135548_PACIENTE 003_202605020017-converted.mp4,75,0.3,1,1,0.4748331236093634,1,0,0,0,0,,0,,0,0,0,0,liver_without_reference
medium,20260501_135548_PACIENTE 003_202605020017-converted.mp4,75,0.4,1,1,0.4707715802122972,1,0,0,0,0,,0,,0,0,0,0,liver_without_reference
medium,20260501_135548_PACIENTE 003_202605020017-converted.mp4,75,0.5,1,1,0.4668343051912249,1,0,0,0,0,,0,,0,0,0,0,liver_without_reference
medium,20260501_135548_PACIENTE 003_202605020017-converted.mp4,75,0.6,1,1,0.46292331239597534,1,0,0,0,0,,0,,0,0,0,0,liver_without_reference
medium,20260501_135548_PACIENTE 003_202605020017-converted.mp4,75,0.7,1,1,0.4584059160497136,1,0,0,0,0,,0,,0,0,0,0,liver_without_reference
medium,20260501_135548_PACIENTE 003_202605020017-converted.mp4,75,0.8,1,1,0.45285363969229736,1,0,0,0,0,,0,,0,0,0,0,liver_without_reference
medium,20260501_135548_PACIENTE 003_202605020017-converted.mp4,75,0.9,1,1,0.4432297393509683,1,0,0,0,0,,0,,0,0,0,0,liver_without_reference
medium,20260501_135548_PACIENTE 003_202605020017-converted.mp4,76,0.1,1,1,0.4844393270433479,1,0,0,0,0,,0,,0,0,0,0,liver_without_reference
medium,20260501_135548_PACIENTE 003_202605020017-converted.mp4,76,0.2,1,1,0.4774836170822824,1,0,0,0,0,,0,,0,0,0,0,liver_without_reference
medium,20260501_135548_PACIENTE 003_202605020017-converted.mp4,76,0.3,1,1,0.47300394169951415,1,0,0,0,0,,0,,0,0,0,0,liver_without_reference
medium,20260501_135548_PACIENTE 003_202605020017-converted.mp4,76,0.4,1,1,0.4689445399469266,1,0,0,0,0,,0,,0,0,0,0,liver_without_reference
medium,20260501_135548_PACIENTE 003_202605020017-converted.mp4,76,0.5,1,1,0.46497299510027107,1,0,0,0,0,,0,,0,0,0,0,liver_without_reference
medium,20260501_135548_PACIENTE 003_202605020017-converted.mp4,76,0.6,1,1,0.46101607028607033,1,0,0,0,0,,0,,0,0,0,0,liver_without_reference
medium,20260501_135548_PACIENTE 003_202605020017-converted.mp4,76,0.7,1,1,0.4564278864876409,1,0,0,0,0,,0,,0,0,0,0,liver_without_reference
medium,20260501_135548_PACIENTE 003_202605020017-converted.mp4,76,0.8,1,1,0.45103860058700773,1,0,0,0,0,,0,,0,0,0,0,liver_without_reference
medium,20260501_135548_PACIENTE 003_202605020017-converted.mp4,76,0.9,1,1,0.441475714412103,1,0,0,0,0,,0,,0,0,0,0,liver_without_reference
medium,20260501_135548_PACIENTE 003_202605020017-converted.mp4,77,0.1,1,1,0.4856683743409854,1,0,0,0,0,,0,,0,0,0,0,liver_without_reference
medium,20260501_135548_PACIENTE 003_202605020017-converted.mp4,77,0.2,1,1,0.47900175764450703,1,0,0,0,0,,0,,0,0,0,0,liver_without_reference
medium,20260501_135548_PACIENTE 003_202605020017-converted.mp4,77,0.3,1,1,0.47446766849005745,1,0,0,0,0,,0,,0,0,0,0,liver_without_reference
medium,20260501_135548_PACIENTE 003_202605020017-converted.mp4,77,0.4,1,1,0.4705465105605301,1,0,0,0,0,,0,,0,0,0,0,liver_without_reference
medium,20260501_135548_PACIENTE 003_202605020017-converted.mp4,77,0.5,1,1,0.46656614302481486,1,0,0,0,0,,0,,0,0,0,0,liver_without_reference
medium,20260501_135548_PACIENTE 003_202605020017-converted.mp4,77,0.6,1,1,0.4624159025242832,1,0,0,0,0,,0,,0,0,0,0,liver_without_reference
medium,20260501_135548_PACIENTE 003_202605020017-converted.mp4,77,0.7,1,1,0.45779177274554467,1,0,0,0,0,,0,,0,0,0,0,liver_without_reference
medium,20260501_135548_PACIENTE 003_202605020017-converted.mp4,77,0.8,1,1,0.4524040460024941,1,0,0,0,0,,0,,0,0,0,0,liver_without_reference
medium,20260501_135548_PACIENTE 003_202605020017-converted.mp4,77,0.9,1,1,0.4430266162258714,1,0,0,0,0,,0,,0,0,0,0,liver_without_reference
medium,20260501_135548_PACIENTE 003_202605020017-converted.mp4,78,0.1,1,1,0.4842485441396963,1,0,0,0,0,,0,,0,0,0,0,liver_without_reference
medium,20260501_135548_PACIENTE 003_202605020017-converted.mp4,78,0.2,1,1,0.477787704390102,1,0,0,0,0,,0,,0,0,0,0,liver_without_reference
medium,20260501_135548_PACIENTE 003_202605020017-converted.mp4,78,0.3,1,1,0.4734662416932275,1,0,0,0,0,,0,,0,0,0,0,liver_without_reference
medium,20260501_135548_PACIENTE 003_202605020017-converted.mp4,78,0.4,1,1,0.4696142740306778,1,0,0,0,0,,0,,0,0,0,0,liver_without_reference
medium,20260501_135548_PACIENTE 003_202605020017-converted.mp4,78,0.5,1,1,0.4651988488030643,1,0,0,0,0,,0,,0,0,0,0,liver_without_reference
medium,20260501_135548_PACIENTE 003_202605020017-converted.mp4,78,0.6,1,1,0.46062623356638677,1,0,0,0,0,,0,,0,0,0,0,liver_without_reference
medium,20260501_135548_PACIENTE 003_202605020017-converted.mp4,78,0.7,1,1,0.4556266043558917,1,0,0,0,0,,0,,0,0,0,0,liver_without_reference
medium,20260501_135548_PACIENTE 003_202605020017-converted.mp4,78,0.8,1,1,0.44895062609703457,1,0,0,0,0,,0,,0,0,0,0,liver_without_reference
medium,20260501_135548_PACIENTE 003_202605020017-converted.mp4,78,0.9,1,1,0.4376550881553725,1,0,0,0,0,,0,,0,0,0,0,liver_without_reference
medium,20260501_135548_PACIENTE 003_202605020017-converted.mp4,79,0.1,1,1,0.4857861124686276,1,0,0,0,0,,0,,0,0,0,0,liver_without_reference
medium,20260501_135548_PACIENTE 003_202605020017-converted.mp4,79,0.2,1,1,0.47931703627985056,1,0,0,0,0,,0,,0,0,0,0,liver_without_reference
medium,20260501_135548_PACIENTE 003_202605020017-converted.mp4,79,0.3,1,1,0.47492511071947874,1,0,0,0,0,,0,,0,0,0,0,liver_without_reference
medium,20260501_135548_PACIENTE 003_202605020017-converted.mp4,79,0.4,1,1,0.4705492112103675,1,0,0,0,0,,0,,0,0,0,0,liver_without_reference
medium,20260501_135548_PACIENTE 003_202605020017-converted.mp4,79,0.5,1,1,0.46650905567065426,1,0,0,0,0,,0,,0,0,0,0,liver_without_reference
medium,20260501_135548_PACIENTE 003_202605020017-converted.mp4,79,0.6,1,1,0.4615452158351591,1,0,0,0,0,,0,,0,0,0,0,liver_without_reference
medium,20260501_135548_PACIENTE 003_202605020017-converted.mp4,79,0.7,1,1,0.4562451844159325,1,0,0,0,0,,0,,0,0,0,0,liver_without_reference
medium,20260501_135548_PACIENTE 003_202605020017-converted.mp4,79,0.8,1,1,0.4494430144820434,1,0,0,0,0,,0,,0,0,0,0,liver_without_reference
medium,20260501_135548_PACIENTE 003_202605020017-converted.mp4,79,0.9,1,1,0.4381569025583129,1,0,0,0,0,,0,,0,0,0,0,liver_without_reference
medium,20260501_135548_PACIENTE 003_202605020017-converted.mp4,80,0.1,1,1,0.4853834110620532,1,0,0,0,0,,0,,0,0,0,0,liver_without_reference
medium,20260501_135548_PACIENTE 003_202605020017-converted.mp4,80,0.2,1,1,0.47862004770492755,1,0,0,0,0,,0,,0,0,0,0,liver_without_reference
medium,20260501_135548_PACIENTE 003_202605020017-converted.mp4,80,0.3,1,1,0.4739421009649839,1,0,0,0,0,,0,,0,0,0,0,liver_without_reference
medium,20260501_135548_PACIENTE 003_202605020017-converted.mp4,80,0.4,1,1,0.46968912998122264,1,0,0,0,0,,0,,0,0,0,0,liver_without_reference
medium,20260501_135548_PACIENTE 003_202605020017-converted.mp4,80,0.5,1,1,0.4650712026968883,1,0,0,0,0,,0,,0,0,0,0,liver_without_reference
medium,20260501_135548_PACIENTE 003_202605020017-converted.mp4,80,0.6,1,1,0.4601221863069377,1,0,0,0,0,,0,,0,0,0,0,liver_without_reference
medium,20260501_135548_PACIENTE 003_202605020017-converted.mp4,80,0.7,1,1,0.45435357968441153,1,0,0,0,0,,0,,0,0,0,0,liver_without_reference
medium,20260501_135548_PACIENTE 003_202605020017-converted.mp4,80,0.8,1,1,0.4474678760393046,1,0,0,0,0,,0,,0,0,0,0,liver_without_reference
medium,20260501_135548_PACIENTE 003_202605020017-converted.mp4,80,0.9,1,1,0.4367113406839717,1,0,0,0,0,,0,,0,0,0,0,liver_without_reference
medium,20260501_135548_PACIENTE 003_202605020017-converted.mp4,81,0.1,1,1,0.48005036594003303,1,0,0,0,0,,0,,0,0,0,0,liver_without_reference
medium,20260501_135548_PACIENTE 003_202605020017-converted.mp4,81,0.2,1,1,0.47289334363909874,1,0,0,0,0,,0,,0,0,0,0,liver_without_reference
medium,20260501_135548_PACIENTE 003_202605020017-converted.mp4,81,0.3,1,1,0.4677747314560955,1,0,0,0,0,,0,,0,0,0,0,liver_without_reference
medium,20260501_135548_PACIENTE 003_202605020017-converted.mp4,81,0.4,1,1,0.4630995155050891,1,0,0,0,0,,0,,0,0,0,0,liver_without_reference
medium,20260501_135548_PACIENTE 003_202605020017-converted.mp4,81,0.5,1,1,0.4579873005263598,1,0,0,0,0,,0,,0,0,0,0,liver_without_reference
medium,20260501_135548_PACIENTE 003_202605020017-converted.mp4,81,0.6,1,1,0.4524746471510716,1,0,0,0,0,,0,,0,0,0,0,liver_without_reference
medium,20260501_135548_PACIENTE 003_202605020017-converted.mp4,81,0.7,1,1,0.4466615856211997,1,0,0,0,0,,0,,0,0,0,0,liver_without_reference
medium,20260501_135548_PACIENTE 003_202605020017-converted.mp4,81,0.8,1,1,0.4397923788246558,1,0,0,0,0,,0,,0,0,0,0,liver_without_reference
medium,20260501_135548_PACIENTE 003_202605020017-converted.mp4,81,0.9,1,1,0.42746573524392967,1,0,0,0,0,,0,,0,0,0,0,liver_without_reference
medium,20260501_135548_PACIENTE 003_202605020017-converted.mp4,82,0.1,1,1,0.48268677982388564,1,0,0,0,0,,0,,0,0,0,0,liver_without_reference
medium,20260501_135548_PACIENTE 003_202605020017-converted.mp4,82,0.2,1,1,0.4761172569129882,1,0,0,0,0,,0,,0,0,0,0,liver_without_reference
medium,20260501_135548_PACIENTE 003_202605020017-converted.mp4,82,0.3,1,1,0.47149017728797316,1,0,0,0,0,,0,,0,0,0,0,liver_without_reference
medium,20260501_135548_PACIENTE 003_202605020017-converted.mp4,82,0.4,1,1,0.46697796305337524,1,0,0,0,0,,0,,0,0,0,0,liver_without_reference
medium,20260501_135548_PACIENTE 003_202605020017-converted.mp4,82,0.5,1,1,0.4623620428930681,1,0,0,0,0,,0,,0,0,0,0,liver_without_reference
medium,20260501_135548_PACIENTE 003_202605020017-converted.mp4,82,0.6,1,1,0.45694057033409585,1,0,0,0,0,,0,,0,0,0,0,liver_without_reference
medium,20260501_135548_PACIENTE 003_202605020017-converted.mp4,82,0.7,1,1,0.45114280689117997,1,0,0,0,0,,0,,0,0,0,0,liver_without_reference
medium,20260501_135548_PACIENTE 003_202605020017-converted.mp4,82,0.8,1,1,0.44433246408579935,1,0,0,0,0,,0,,0,0,0,0,liver_without_reference
medium,20260501_135548_PACIENTE 003_202605020017-converted.mp4,82,0.9,1,1,0.4327322519485991,1,0,0,0,0,,0,,0,0,0,0,liver_without_reference
medium,20260501_135548_PACIENTE 003_202605020017-converted.mp4,83,0.1,1,1,0.4802793159575393,1,0,0,0,0,,0,,0,0,0,0,liver_without_reference
medium,20260501_135548_PACIENTE 003_202605020017-converted.mp4,83,0.2,1,1,0.47315737424271387,1,0,0,0,0,,0,,0,0,0,0,liver_without_reference
medium,20260501_135548_PACIENTE 003_202605020017-converted.mp4,83,0.3,1,1,0.46803909804509775,1,0,0,0,0,,0,,0,0,0,0,liver_without_reference
medium,20260501_135548_PACIENTE 003_202605020017-converted.mp4,83,0.4,1,1,0.46311603666907286,1,0,0,0,0,,0,,0,0,0,0,liver_without_reference
medium,20260501_135548_PACIENTE 003_202605020017-converted.mp4,83,0.5,1,1,0.4579490392648287,1,0,0,0,0,,0,,0,0,0,0,liver_without_reference
medium,20260501_135548_PACIENTE 003_202605020017-converted.mp4,83,0.6,1,1,0.45267894105200657,1,0,0,0,0,,0,,0,0,0,0,liver_without_reference
medium,20260501_135548_PACIENTE 003_202605020017-converted.mp4,83,0.7,1,1,0.44636127627501887,1,0,0,0,0,,0,,0,0,0,0,liver_without_reference
medium,20260501_135548_PACIENTE 003_202605020017-converted.mp4,83,0.8,1,1,0.43907047836603064,1,0,0,0,0,,0,,0,0,0,0,liver_without_reference
medium,20260501_135548_PACIENTE 003_202605020017-converted.mp4,83,0.9,1,1,0.42505719136673675,1,0,0,0,0,,0,,0,0,0,0,liver_without_reference
medium,20260501_135548_PACIENTE 003_202605020017-converted.mp4,84,0.1,1,1,0.4782786970117418,1,0,0,0,0,,0,,0,0,0,0,liver_without_reference
medium,20260501_135548_PACIENTE 003_202605020017-converted.mp4,84,0.2,1,1,0.470856136064259,1,0,0,0,0,,0,,0,0,0,0,liver_without_reference
medium,20260501_135548_PACIENTE 003_202605020017-converted.mp4,84,0.3,1,1,0.4656758581035474,1,0,0,0,0,,0,,0,0,0,0,liver_without_reference
medium,20260501_135548_PACIENTE 003_202605020017-converted.mp4,84,0.4,1,1,0.4605986254897788,1,0,0,0,0,,0,,0,0,0,0,liver_without_reference
medium,20260501_135548_PACIENTE 003_202605020017-converted.mp4,84,0.5,1,1,0.45539190295577203,1,0,0,0,0,,0,,0,0,0,0,liver_without_reference
medium,20260501_135548_PACIENTE 003_202605020017-converted.mp4,84,0.6,1,1,0.4498597050251109,1,0,0,0,0,,0,,0,0,0,0,liver_without_reference
medium,20260501_135548_PACIENTE 003_202605020017-converted.mp4,84,0.7,1,1,0.44347574840144216,1,0,0,0,0,,0,,0,0,0,0,liver_without_reference
medium,20260501_135548_PACIENTE 003_202605020017-converted.mp4,84,0.8,1,1,0.4358749328137597,1,0,0,0,0,,0,,0,0,0,0,liver_without_reference
medium,20260501_135548_PACIENTE 003_202605020017-converted.mp4,84,0.9,1,1,0.42153760591211875,1,0,0,0,0,,0,,0,0,0,0,liver_without_reference
medium,20260501_135548_PACIENTE 003_202605020017-converted.mp4,85,0.1,1,1,0.47856196156394964,1,0,0,0,0,,0,,0,0,0,0,liver_without_reference
medium,20260501_135548_PACIENTE 003_202605020017-converted.mp4,85,0.2,1,1,0.4709592968896092,1,0,0,0,0,,0,,0,0,0,0,liver_without_reference
medium,20260501_135548_PACIENTE 003_202605020017-converted.mp4,85,0.3,1,1,0.4659550177912219,1,0,0,0,0,,0,,0,0,0,0,liver_without_reference
medium,20260501_135548_PACIENTE 003_202605020017-converted.mp4,85,0.4,1,1,0.4611420583755816,1,0,0,0,0,,0,,0,0,0,0,liver_without_reference
medium,20260501_135548_PACIENTE 003_202605020017-converted.mp4,85,0.5,1,1,0.45609103023062497,1,0,0,0,0,,0,,0,0,0,0,liver_without_reference
medium,20260501_135548_PACIENTE 003_202605020017-converted.mp4,85,0.6,1,1,0.45062118164597453,1,0,0,0,0,,0,,0,0,0,0,liver_without_reference
medium,20260501_135548_PACIENTE 003_202605020017-converted.mp4,85,0.7,1,1,0.44380608608625377,1,0,0,0,0,,0,,0,0,0,0,liver_without_reference
medium,20260501_135548_PACIENTE 003_202605020017-converted.mp4,85,0.8,1,1,0.4348286156985753,1,0,0,0,0,,0,,0,0,0,0,liver_without_reference
medium,20260501_135548_PACIENTE 003_202605020017-converted.mp4,85,0.9,1,1,0.4196630965121472,1,0,0,0,0,,0,,0,0,0,0,liver_without_reference
medium,20260501_135548_PACIENTE 003_202605020017-converted.mp4,86,0.1,1,1,0.48174840844796235,1,0,0,0,0,,0,,0,0,0,0,liver_without_reference
medium,20260501_135548_PACIENTE 003_202605020017-converted.mp4,86,0.2,1,1,0.4740853405143038,1,0,0,0,0,,0,,0,0,0,0,liver_without_reference
medium,20260501_135548_PACIENTE 003_202605020017-converted.mp4,86,0.3,1,1,0.4692394551643965,1,0,0,0,0,,0,,0,0,0,0,liver_without_reference
medium,20260501_135548_PACIENTE 003_202605020017-converted.mp4,86,0.4,1,1,0.46478585258378957,1,0,0,0,0,,0,,0,0,0,0,liver_without_reference
medium,20260501_135548_PACIENTE 003_202605020017-converted.mp4,86,0.5,1,1,0.4602826480184143,1,0,0,0,0,,0,,0,0,0,0,liver_without_reference
medium,20260501_135548_PACIENTE 003_202605020017-converted.mp4,86,0.6,1,1,0.45524987559536506,1,0,0,0,0,,0,,0,0,0,0,liver_without_reference
medium,20260501_135548_PACIENTE 003_202605020017-converted.mp4,86,0.7,1,1,0.4487467805766694,1,0,0,0,0,,0,,0,0,0,0,liver_without_reference
medium,20260501_135548_PACIENTE 003_202605020017-converted.mp4,86,0.8,1,1,0.4398345476305457,1,0,0,0,0,,0,,0,0,0,0,liver_without_reference
medium,20260501_135548_PACIENTE 003_202605020017-converted.mp4,86,0.9,1,1,0.42299313593709836,1,0,0,0,0,,0,,0,0,0,0,liver_without_reference
medium,20260501_135548_PACIENTE 003_202605020017-converted.mp4,87,0.1,1,1,0.4883095797247315,1,0,0,0,0,,0,,0,0,0,0,liver_without_reference
medium,20260501_135548_PACIENTE 003_202605020017-converted.mp4,87,0.2,1,1,0.48111517891648625,1,0,0,0,0,,0,,0,0,0,0,liver_without_reference
medium,20260501_135548_PACIENTE 003_202605020017-converted.mp4,87,0.3,1,1,0.4761710319080674,1,0,0,0,0,,0,,0,0,0,0,liver_without_reference
medium,20260501_135548_PACIENTE 003_202605020017-converted.mp4,87,0.4,1,1,0.4718093584918257,1,0,0,0,0,,0,,0,0,0,0,liver_without_reference
medium,20260501_135548_PACIENTE 003_202605020017-converted.mp4,87,0.5,1,1,0.4677842480345551,1,0,0,0,0,,0,,0,0,0,0,liver_without_reference
medium,20260501_135548_PACIENTE 003_202605020017-converted.mp4,87,0.6,1,1,0.463614542474094,1,0,0,0,0,,0,,0,0,0,0,liver_without_reference
medium,20260501_135548_PACIENTE 003_202605020017-converted.mp4,87,0.7,1,1,0.4587803713661147,1,0,0,0,0,,0,,0,0,0,0,liver_without_reference
medium,20260501_135548_PACIENTE 003_202605020017-converted.mp4,87,0.8,1,1,0.4529776351924482,1,0,0,0,0,,0,,0,0,0,0,liver_without_reference
medium,20260501_135548_PACIENTE 003_202605020017-converted.mp4,87,0.9,1,1,0.4410493228951604,1,0,0,0,0,,0,,0,0,0,0,liver_without_reference
medium,20260501_135548_PACIENTE 003_202605020017-converted.mp4,88,0.1,1,1,0.4888671680858818,1,0,0,0,0,,0,,0,0,0,0,liver_without_reference
medium,20260501_135548_PACIENTE 003_202605020017-converted.mp4,88,0.2,1,1,0.4813485088364478,1,0,0,0,0,,0,,0,0,0,0,liver_without_reference
medium,20260501_135548_PACIENTE 003_202605020017-converted.mp4,88,0.3,1,1,0.4764803426495342,1,0,0,0,0,,0,,0,0,0,0,liver_without_reference
medium,20260501_135548_PACIENTE 003_202605020017-converted.mp4,88,0.4,1,1,0.4719894851038972,1,0,0,0,0,,0,,0,0,0,0,liver_without_reference
medium,20260501_135548_PACIENTE 003_202605020017-converted.mp4,88,0.5,1,1,0.4676678223818873,1,0,0,0,0,,0,,0,0,0,0,liver_without_reference
medium,20260501_135548_PACIENTE 003_202605020017-converted.mp4,88,0.6,1,1,0.4632137092390168,1,0,0,0,0,,0,,0,0,0,0,liver_without_reference
medium,20260501_135548_PACIENTE 003_202605020017-converted.mp4,88,0.7,1,1,0.4585243903971056,1,0,0,0,0,,0,,0,0,0,0,liver_without_reference
medium,20260501_135548_PACIENTE 003_202605020017-converted.mp4,88,0.8,1,1,0.45296693975417923,1,0,0,0,0,,0,,0,0,0,0,liver_without_reference
medium,20260501_135548_PACIENTE 003_202605020017-converted.mp4,88,0.9,1,1,0.442040465496465,1,0,0,0,0,,0,,0,0,0,0,liver_without_reference
medium,20260501_135548_PACIENTE 003_202605020017-converted.mp4,89,0.1,1,1,0.4867120297855951,1,0,0,0,0,,0,,0,0,0,0,liver_without_reference
medium,20260501_135548_PACIENTE 003_202605020017-converted.mp4,89,0.2,1,1,0.4791774013928827,1,0,0,0,0,,0,,0,0,0,0,liver_without_reference
medium,20260501_135548_PACIENTE 003_202605020017-converted.mp4,89,0.3,1,1,0.47423964669610863,1,0,0,0,0,,0,,0,0,0,0,liver_without_reference
medium,20260501_135548_PACIENTE 003_202605020017-converted.mp4,89,0.4,1,1,0.46978174429326625,1,0,0,0,0,,0,,0,0,0,0,liver_without_reference
medium,20260501_135548_PACIENTE 003_202605020017-converted.mp4,89,0.5,1,1,0.4655784540586599,1,0,0,0,0,,0,,0,0,0,0,liver_without_reference
medium,20260501_135548_PACIENTE 003_202605020017-converted.mp4,89,0.6,1,1,0.4613007756151611,1,0,0,0,0,,0,,0,0,0,0,liver_without_reference
medium,20260501_135548_PACIENTE 003_202605020017-converted.mp4,89,0.7,1,1,0.45680165147372254,1,0,0,0,0,,0,,0,0,0,0,liver_without_reference
medium,20260501_135548_PACIENTE 003_202605020017-converted.mp4,89,0.8,1,1,0.4514175820484396,1,0,0,0,0,,0,,0,0,0,0,liver_without_reference
medium,20260501_135548_PACIENTE 003_202605020017-converted.mp4,89,0.9,1,1,0.44052173033821473,1,0,0,0,0,,0,,0,0,0,0,liver_without_reference
medium,20260501_135548_PACIENTE 003_202605020017-converted.mp4,90,0.1,1,1,0.4861601152909606,1,0,0,0,0,,0,,0,0,0,0,liver_without_reference
medium,20260501_135548_PACIENTE 003_202605020017-converted.mp4,90,0.2,1,1,0.4791877877312237,1,0,0,0,0,,0,,0,0,0,0,liver_without_reference
medium,20260501_135548_PACIENTE 003_202605020017-converted.mp4,90,0.3,1,1,0.47455953605992557,1,0,0,0,0,,0,,0,0,0,0,liver_without_reference
medium,20260501_135548_PACIENTE 003_202605020017-converted.mp4,90,0.4,1,1,0.47027534418022526,1,0,0,0,0,,0,,0,0,0,0,liver_without_reference
medium,20260501_135548_PACIENTE 003_202605020017-converted.mp4,90,0.5,1,1,0.4661476714125219,1,0,0,0,0,,0,,0,0,0,0,liver_without_reference
medium,20260501_135548_PACIENTE 003_202605020017-converted.mp4,90,0.6,1,1,0.4620398436356795,1,0,0,0,0,,0,,0,0,0,0,liver_without_reference
medium,20260501_135548_PACIENTE 003_202605020017-converted.mp4,90,0.7,1,1,0.4576801982851018,1,0,0,0,0,,0,,0,0,0,0,liver_without_reference
medium,20260501_135548_PACIENTE 003_202605020017-converted.mp4,90,0.8,1,1,0.45270383743387355,1,0,0,0,0,,0,,0,0,0,0,liver_without_reference
medium,20260501_135548_PACIENTE 003_202605020017-converted.mp4,90,0.9,1,1,0.44340492929565245,1,0,0,0,0,,0,,0,0,0,0,liver_without_reference
medium,20260501_135548_PACIENTE 003_202605020017-converted.mp4,91,0.1,1,1,0.4833298133585115,1,0,0,0,0,,0,,0,0,0,0,liver_without_reference
medium,20260501_135548_PACIENTE 003_202605020017-converted.mp4,91,0.2,1,1,0.47622608897974106,1,0,0,0,0,,0,,0,0,0,0,liver_without_reference
medium,20260501_135548_PACIENTE 003_202605020017-converted.mp4,91,0.3,1,1,0.4718566566266315,1,0,0,0,0,,0,,0,0,0,0,liver_without_reference
medium,20260501_135548_PACIENTE 003_202605020017-converted.mp4,91,0.4,1,1,0.4675255323409652,1,0,0,0,0,,0,,0,0,0,0,liver_without_reference
medium,20260501_135548_PACIENTE 003_202605020017-converted.mp4,91,0.5,1,1,0.4637186030388332,1,0,0,0,0,,0,,0,0,0,0,liver_without_reference
medium,20260501_135548_PACIENTE 003_202605020017-converted.mp4,91,0.6,1,1,0.4596622810868211,1,0,0,0,0,,0,,0,0,0,0,liver_without_reference
medium,20260501_135548_PACIENTE 003_202605020017-converted.mp4,91,0.7,1,1,0.4551658307446265,1,0,0,0,0,,0,,0,0,0,0,liver_without_reference
medium,20260501_135548_PACIENTE 003_202605020017-converted.mp4,91,0.8,1,1,0.4496066099602831,1,0,0,0,0,,0,,0,0,0,0,liver_without_reference
medium,20260501_135548_PACIENTE 003_202605020017-converted.mp4,91,0.9,1,1,0.43819396471837035,1,0,0,0,0,,0,,0,0,0,0,liver_without_reference
medium,20260501_135548_PACIENTE 003_202605020017-converted.mp4,92,0.1,1,1,0.48228166296024816,1,0,0,0,0,,0,,0,0,0,0,liver_without_reference
medium,20260501_135548_PACIENTE 003_202605020017-converted.mp4,92,0.2,1,1,0.47516775734912226,1,0,0,0,0,,0,,0,0,0,0,liver_without_reference
medium,20260501_135548_PACIENTE 003_202605020017-converted.mp4,92,0.3,1,1,0.47076835908695125,1,0,0,0,0,,0,,0,0,0,0,liver_without_reference
medium,20260501_135548_PACIENTE 003_202605020017-converted.mp4,92,0.4,1,1,0.4664602855402485,1,0,0,0,0,,0,,0,0,0,0,liver_without_reference
medium,20260501_135548_PACIENTE 003_202605020017-converted.mp4,92,0.5,1,1,0.4626545272302038,1,0,0,0,0,,0,,0,0,0,0,liver_without_reference
medium,20260501_135548_PACIENTE 003_202605020017-converted.mp4,92,0.6,1,1,0.4587747389192217,1,0,0,0,0,,0,,0,0,0,0,liver_without_reference
medium,20260501_135548_PACIENTE 003_202605020017-converted.mp4,92,0.7,1,1,0.45434754394852195,1,0,0,0,0,,0,,0,0,0,0,liver_without_reference
medium,20260501_135548_PACIENTE 003_202605020017-converted.mp4,92,0.8,1,1,0.449094229517832,1,0,0,0,0,,0,,0,0,0,0,liver_without_reference
medium,20260501_135548_PACIENTE 003_202605020017-converted.mp4,92,0.9,1,1,0.4385338258770803,1,0,0,0,0,,0,,0,0,0,0,liver_without_reference
medium,20260501_135548_PACIENTE 003_202605020017-converted.mp4,93,0.1,1,1,0.4812736563993407,1,0,0,0,0,,0,,0,0,0,0,liver_without_reference
medium,20260501_135548_PACIENTE 003_202605020017-converted.mp4,93,0.2,1,1,0.474706764667999,1,0,0,0,0,,0,,0,0,0,0,liver_without_reference
medium,20260501_135548_PACIENTE 003_202605020017-converted.mp4,93,0.3,1,1,0.47053848557441935,1,0,0,0,0,,0,,0,0,0,0,liver_without_reference
medium,20260501_135548_PACIENTE 003_202605020017-converted.mp4,93,0.4,1,1,0.4665320410385644,1,0,0,0,0,,0,,0,0,0,0,liver_without_reference
medium,20260501_135548_PACIENTE 003_202605020017-converted.mp4,93,0.5,1,1,0.46238050092508676,1,0,0,0,0,,0,,0,0,0,0,liver_without_reference
medium,20260501_135548_PACIENTE 003_202605020017-converted.mp4,93,0.6,1,1,0.45756965115890164,1,0,0,0,0,,0,,0,0,0,0,liver_without_reference
medium,20260501_135548_PACIENTE 003_202605020017-converted.mp4,93,0.7,1,1,0.45219324504808517,1,0,0,0,0,,0,,0,0,0,0,liver_without_reference
medium,20260501_135548_PACIENTE 003_202605020017-converted.mp4,93,0.8,1,1,0.4443548793390095,1,0,0,0,0,,0,,0,0,0,0,liver_without_reference
medium,20260501_135548_PACIENTE 003_202605020017-converted.mp4,93,0.9,1,1,0.43332940195277286,1,0,0,0,0,,0,,0,0,0,0,liver_without_reference
medium,20260501_135548_PACIENTE 003_202605020017-converted.mp4,94,0.1,1,1,0.4858421811074487,1,8,8,0,0,6.959705453537527,1,4.07098869401208,1,1,0,0,liver_without_reference
medium,20260501_135548_PACIENTE 003_202605020017-converted.mp4,94,0.2,1,1,0.4791185415385638,1,0,0,0,0,,0,,0,0,0,0,liver_without_reference
medium,20260501_135548_PACIENTE 003_202605020017-converted.mp4,94,0.3,1,1,0.47455183992467825,1,0,0,0,0,,0,,0,0,0,0,liver_without_reference
medium,20260501_135548_PACIENTE 003_202605020017-converted.mp4,94,0.4,1,1,0.470557803829947,1,0,0,0,0,,0,,0,0,0,0,liver_without_reference
medium,20260501_135548_PACIENTE 003_202605020017-converted.mp4,94,0.5,1,1,0.46650880555938373,1,0,0,0,0,,0,,0,0,0,0,liver_without_reference
medium,20260501_135548_PACIENTE 003_202605020017-converted.mp4,94,0.6,1,1,0.46157930382869133,1,0,0,0,0,,0,,0,0,0,0,liver_without_reference
medium,20260501_135548_PACIENTE 003_202605020017-converted.mp4,94,0.7,1,1,0.45615188177669863,1,0,0,0,0,,0,,0,0,0,0,liver_without_reference
medium,20260501_135548_PACIENTE 003_202605020017-converted.mp4,94,0.8,1,1,0.44814803931034775,1,0,0,0,0,,0,,0,0,0,0,liver_without_reference
medium,20260501_135548_PACIENTE 003_202605020017-converted.mp4,94,0.9,1,1,0.43659919301171735,1,0,0,0,0,,0,,0,0,0,0,liver_without_reference
medium,20260501_135548_PACIENTE 003_202605020017-converted.mp4,95,0.1,1,1,0.4861013917241893,1,38,38,0,0,10.132775049013267,1,4.142232124237228,1,1,0,0,liver_without_reference
medium,20260501_135548_PACIENTE 003_202605020017-converted.mp4,95,0.2,1,1,0.47934488618186805,1,25,25,0,0,8.830311432786502,1,4.09557176359038,1,1,0,0,liver_without_reference
medium,20260501_135548_PACIENTE 003_202605020017-converted.mp4,95,0.3,1,1,0.4741775431901784,1,18,18,0,0,9.013878188659973,1,4.128794742026133,1,1,0,0,liver_without_reference
medium,20260501_135548_PACIENTE 003_202605020017-converted.mp4,95,0.4,1,1,0.46955752655424743,1,15,15,0,0,8.533854150773065,1,4.092201936621887,1,1,0,0,liver_without_reference
medium,20260501_135548_PACIENTE 003_202605020017-converted.mp4,95,0.5,1,1,0.4645192813651056,1,12,12,0,0,8.973340143632878,1,4.120540563628635,1,1,0,0,liver_without_reference
medium,20260501_135548_PACIENTE 003_202605020017-converted.mp4,95,0.6,1,1,0.45832584311938496,1,10,10,0,0,7.733045971672482,1,4.117901994883607,1,1,0,0,liver_without_reference
medium,20260501_135548_PACIENTE 003_202605020017-converted.mp4,95,0.7,1,1,0.4521869819314433,1,4,0,0,0,,0,,0,0,0,0,liver_without_reference
medium,20260501_135548_PACIENTE 003_202605020017-converted.mp4,95,0.8,1,1,0.44521358766833463,1,2,0,0,0,,0,,0,0,0,0,liver_without_reference
medium,20260501_135548_PACIENTE 003_202605020017-converted.mp4,95,0.9,1,1,0.4298848928741403,1,0,0,0,0,,0,,0,0,0,0,liver_without_reference
medium,20260501_135548_PACIENTE 003_202605020017-converted.mp4,96,0.1,1,1,0.4851334285655135,1,49,49,0,0,10.115781214073982,1,4.105952628458343,1,1,0,0,liver_without_reference
medium,20260501_135548_PACIENTE 003_202605020017-converted.mp4,96,0.2,1,1,0.4782357633061367,1,37,37,0,0,9.689933628908484,1,4.12695789852731,1,1,0,0,liver_without_reference
medium,20260501_135548_PACIENTE 003_202605020017-converted.mp4,96,0.3,1,1,0.4729157814934226,1,32,32,0,0,9.363273916611647,1,4.126856276443705,1,1,0,0,liver_without_reference
medium,20260501_135548_PACIENTE 003_202605020017-converted.mp4,96,0.4,1,1,0.46778627355283303,1,24,24,0,0,8.729639008700314,1,4.081560859389158,1,1,0,0,liver_without_reference
medium,20260501_135548_PACIENTE 003_202605020017-converted.mp4,96,0.5,1,1,0.46216964468404065,1,21,21,0,0,8.835098013949805,1,4.085285802931997,1,1,0,0,liver_without_reference
medium,20260501_135548_PACIENTE 003_202605020017-converted.mp4,96,0.6,1,1,0.4559014104525655,1,17,17,0,0,9.1730762953179,1,4.115149678179934,1,1,0,0,liver_without_reference
medium,20260501_135548_PACIENTE 003_202605020017-converted.mp4,96,0.7,1,1,0.4498390411962442,1,13,13,0,0,8.046462709177089,1,4.087717068332217,1,1,0,0,liver_without_reference
medium,20260501_135548_PACIENTE 003_202605020017-converted.mp4,96,0.8,1,1,0.44280035428393927,1,9,9,0,0,7.874007874011811,1,4.120196666700033,1,1,0,0,liver_without_reference
medium,20260501_135548_PACIENTE 003_202605020017-converted.mp4,96,0.9,1,1,0.42830850611309756,1,2,0,0,0,,0,,0,0,0,0,liver_without_reference
medium,20260501_135548_PACIENTE 003_202605020017-converted.mp4,97,0.1,1,1,0.48571464063004643,1,58,58,1,0,10.855512525890346,1,4.138426248985451,1,1,0,0,liver_without_reference
medium,20260501_135548_PACIENTE 003_202605020017-converted.mp4,97,0.2,1,1,0.47868044766074824,1,47,47,0,0,10.360762769251414,1,4.141987985441385,1,1,0,0,liver_without_reference
medium,20260501_135548_PACIENTE 003_202605020017-converted.mp4,97,0.3,1,1,0.47339745325341254,1,37,37,0,0,9.825355907028554,1,4.159762971263716,1,1,0,0,liver_without_reference
medium,20260501_135548_PACIENTE 003_202605020017-converted.mp4,97,0.4,1,1,0.4684022158076519,1,30,30,0,0,9.35212394176971,1,4.154196646348202,1,1,0,0,liver_without_reference
medium,20260501_135548_PACIENTE 003_202605020017-converted.mp4,97,0.5,1,1,0.46268619320246046,1,28,28,0,0,9.304102671972846,1,4.155210056266297,1,1,0,0,liver_without_reference
medium,20260501_135548_PACIENTE 003_202605020017-converted.mp4,97,0.6,1,1,0.4564524017540266,1,19,19,0,0,8.80820569325138,1,4.154852168416517,1,1,0,0,liver_without_reference
medium,20260501_135548_PACIENTE 003_202605020017-converted.mp4,97,0.7,1,1,0.4505747511365254,1,16,16,0,0,8.32517830139391,1,4.1120677852566025,1,1,0,0,liver_without_reference
medium,20260501_135548_PACIENTE 003_202605020017-converted.mp4,97,0.8,1,1,0.4434664349665672,1,12,12,0,0,7.714974616506093,1,4.104313478181308,1,1,0,0,liver_without_reference
medium,20260501_135548_PACIENTE 003_202605020017-converted.mp4,97,0.9,1,1,0.43005327549537786,1,5,0,0,0,,0,,0,0,0,0,liver_without_reference
medium,20260501_135548_PACIENTE 003_202605020017-converted.mp4,98,0.1,1,1,0.48145985764152,1,20,20,0,0,7.2394751190953075,1,3.989362398323596,1,1,0,0,liver_without_reference
medium,20260501_135548_PACIENTE 003_202605020017-converted.mp4,98,0.2,1,1,0.47285333865091334,1,13,13,0,0,6.868158241707604,1,4.025436583658603,1,1,0,0,liver_without_reference
medium,20260501_135548_PACIENTE 003_202605020017-converted.mp4,98,0.3,1,1,0.4668638313825134,1,10,10,0,0,6.2681735776859275,1,4.0208139617220855,1,1,0,0,liver_without_reference
medium,20260501_135548_PACIENTE 003_202605020017-converted.mp4,98,0.4,1,1,0.46096953567242194,1,6,0,0,0,,0,,0,0,0,0,liver_without_reference
medium,20260501_135548_PACIENTE 003_202605020017-converted.mp4,98,0.5,1,1,0.45514905771471287,1,3,0,0,0,,0,,0,0,0,0,liver_without_reference
medium,20260501_135548_PACIENTE 003_202605020017-converted.mp4,98,0.6,1,1,0.4493882277205787,1,0,0,0,0,,0,,0,0,0,0,liver_without_reference
medium,20260501_135548_PACIENTE 003_202605020017-converted.mp4,98,0.7,1,1,0.44103832822625205,1,0,0,0,0,,0,,0,0,0,0,liver_without_reference
medium,20260501_135548_PACIENTE 003_202605020017-converted.mp4,98,0.8,1,1,0.43597417643305686,1,0,0,0,0,,0,,0,0,0,0,liver_without_reference
medium,20260501_135548_PACIENTE 003_202605020017-converted.mp4,98,0.9,1,1,0.42759195775039377,1,0,0,0,0,,0,,0,0,0,0,liver_without_reference
medium,20260501_135548_PACIENTE 003_202605020017-converted.mp4,99,0.1,1,1,0.4751197737446014,1,0,0,0,0,,0,,0,0,0,0,liver_without_reference
medium,20260501_135548_PACIENTE 003_202605020017-converted.mp4,99,0.2,1,1,0.4654395300822938,1,0,0,0,0,,0,,0,0,0,0,liver_without_reference
medium,20260501_135548_PACIENTE 003_202605020017-converted.mp4,99,0.3,1,1,0.45846211521639524,1,0,0,0,0,,0,,0,0,0,0,liver_without_reference
medium,20260501_135548_PACIENTE 003_202605020017-converted.mp4,99,0.4,1,1,0.45244004688627576,1,0,0,0,0,,0,,0,0,0,0,liver_without_reference
medium,20260501_135548_PACIENTE 003_202605020017-converted.mp4,99,0.5,1,1,0.44527821275707274,1,0,0,0,0,,0,,0,0,0,0,liver_without_reference
medium,20260501_135548_PACIENTE 003_202605020017-converted.mp4,99,0.6,1,1,0.441129871704297,1,0,0,0,0,,0,,0,0,0,0,liver_without_reference
medium,20260501_135548_PACIENTE 003_202605020017-converted.mp4,99,0.7,1,1,0.4368783281422687,1,0,0,0,0,,0,,0,0,0,0,liver_without_reference
medium,20260501_135548_PACIENTE 003_202605020017-converted.mp4,99,0.8,1,1,0.4317797339445305,1,0,0,0,0,,0,,0,0,0,0,liver_without_reference
medium,20260501_135548_PACIENTE 003_202605020017-converted.mp4,99,0.9,1,1,0.4227681993143935,1,0,0,0,0,,0,,0,0,0,0,liver_without_reference
medium,20260501_135548_PACIENTE 003_202605020017-converted.mp4,100,0.1,1,1,0.471559359511062,1,0,0,0,0,,0,,0,0,0,0,liver_without_reference
medium,20260501_135548_PACIENTE 003_202605020017-converted.mp4,100,0.2,1,1,0.4612729153425306,1,0,0,0,0,,0,,0,0,0,0,liver_without_reference
medium,20260501_135548_PACIENTE 003_202605020017-converted.mp4,100,0.3,1,1,0.4531762196925204,1,0,0,0,0,,0,,0,0,0,0,liver_without_reference
medium,20260501_135548_PACIENTE 003_202605020017-converted.mp4,100,0.4,1,1,0.4488516439053284,1,0,0,0,0,,0,,0,0,0,0,liver_without_reference
medium,20260501_135548_PACIENTE 003_202605020017-converted.mp4,100,0.5,1,1,0.44487687547239146,1,0,0,0,0,,0,,0,0,0,0,liver_without_reference
medium,20260501_135548_PACIENTE 003_202605020017-converted.mp4,100,0.6,1,1,0.4409024215898973,1,0,0,0,0,,0,,0,0,0,0,liver_without_reference
medium,20260501_135548_PACIENTE 003_202605020017-converted.mp4,100,0.7,1,1,0.4365170726398232,1,0,0,0,0,,0,,0,0,0,0,liver_without_reference
medium,20260501_135548_PACIENTE 003_202605020017-converted.mp4,100,0.8,1,1,0.4315146986596367,1,0,0,0,0,,0,,0,0,0,0,liver_without_reference
medium,20260501_135548_PACIENTE 003_202605020017-converted.mp4,100,0.9,1,1,0.4228819055480219,1,0,0,0,0,,0,,0,0,0,0,liver_without_reference
blurry,20260501_135548_PACIENTE 003_202605020018-converted.mp4,0,0.1,1,1,0.513580604455845,1,0,0,0,0,,0,,0,0,0,0,liver_without_reference
blurry,20260501_135548_PACIENTE 003_202605020018-converted.mp4,0,0.2,1,1,0.505755189632772,1,0,0,0,0,,0,,0,0,0,0,liver_without_reference
blurry,20260501_135548_PACIENTE 003_202605020018-converted.mp4,0,0.3,1,1,0.5008885356017696,1,0,0,0,0,,0,,0,0,0,0,liver_without_reference
blurry,20260501_135548_PACIENTE 003_202605020018-converted.mp4,0,0.4,1,1,0.49632398909700165,1,0,0,0,0,,0,,0,0,0,0,liver_without_reference
blurry,20260501_135548_PACIENTE 003_202605020018-converted.mp4,0,0.5,1,1,0.4918882379450203,1,0,0,0,0,,0,,0,0,0,0,liver_without_reference
blurry,20260501_135548_PACIENTE 003_202605020018-converted.mp4,0,0.6,1,1,0.48699342883043206,1,0,0,0,0,,0,,0,0,0,0,liver_without_reference
blurry,20260501_135548_PACIENTE 003_202605020018-converted.mp4,0,0.7,1,1,0.4812320101747105,1,0,0,0,0,,0,,0,0,0,0,liver_without_reference
blurry,20260501_135548_PACIENTE 003_202605020018-converted.mp4,0,0.8,1,1,0.47358089317847213,1,0,0,0,0,,0,,0,0,0,0,liver_without_reference
blurry,20260501_135548_PACIENTE 003_202605020018-converted.mp4,0,0.9,1,1,0.45755534977691725,1,0,0,0,0,,0,,0,0,0,0,liver_without_reference
blurry,20260501_135548_PACIENTE 003_202605020018-converted.mp4,1,0.1,1,1,0.5139726299498036,1,0,0,0,0,,0,,0,0,0,0,liver_without_reference
blurry,20260501_135548_PACIENTE 003_202605020018-converted.mp4,1,0.2,1,1,0.5063462472649065,1,0,0,0,0,,0,,0,0,0,0,liver_without_reference
blurry,20260501_135548_PACIENTE 003_202605020018-converted.mp4,1,0.3,1,1,0.5014778858322787,1,0,0,0,0,,0,,0,0,0,0,liver_without_reference
blurry,20260501_135548_PACIENTE 003_202605020018-converted.mp4,1,0.4,1,1,0.49680870134363886,1,0,0,0,0,,0,,0,0,0,0,liver_without_reference
blurry,20260501_135548_PACIENTE 003_202605020018-converted.mp4,1,0.5,1,1,0.4923577140758302,1,0,0,0,0,,0,,0,0,0,0,liver_without_reference
blurry,20260501_135548_PACIENTE 003_202605020018-converted.mp4,1,0.6,1,1,0.48752125752631337,1,0,0,0,0,,0,,0,0,0,0,liver_without_reference
blurry,20260501_135548_PACIENTE 003_202605020018-converted.mp4,1,0.7,1,1,0.4819073922959429,1,0,0,0,0,,0,,0,0,0,0,liver_without_reference
blurry,20260501_135548_PACIENTE 003_202605020018-converted.mp4,1,0.8,1,1,0.4741918971535983,1,0,0,0,0,,0,,0,0,0,0,liver_without_reference
blurry,20260501_135548_PACIENTE 003_202605020018-converted.mp4,1,0.9,1,1,0.4559825875359427,1,0,0,0,0,,0,,0,0,0,0,liver_without_reference
blurry,20260501_135548_PACIENTE 003_202605020018-converted.mp4,2,0.1,1,1,0.5136089189424068,1,0,0,0,0,,0,,0,0,0,0,liver_without_reference
blurry,20260501_135548_PACIENTE 003_202605020018-converted.mp4,2,0.2,1,1,0.5058585153998821,1,0,0,0,0,,0,,0,0,0,0,liver_without_reference
blurry,20260501_135548_PACIENTE 003_202605020018-converted.mp4,2,0.3,1,1,0.5008722079976685,1,0,0,0,0,,0,,0,0,0,0,liver_without_reference
blurry,20260501_135548_PACIENTE 003_202605020018-converted.mp4,2,0.4,1,1,0.4961768409115545,1,0,0,0,0,,0,,0,0,0,0,liver_without_reference
blurry,20260501_135548_PACIENTE 003_202605020018-converted.mp4,2,0.5,1,1,0.4914250416331028,1,0,0,0,0,,0,,0,0,0,0,liver_without_reference
blurry,20260501_135548_PACIENTE 003_202605020018-converted.mp4,2,0.6,1,1,0.48632758635098655,1,0,0,0,0,,0,,0,0,0,0,liver_without_reference
blurry,20260501_135548_PACIENTE 003_202605020018-converted.mp4,2,0.7,1,1,0.48055105687586575,1,0,0,0,0,,0,,0,0,0,0,liver_without_reference
blurry,20260501_135548_PACIENTE 003_202605020018-converted.mp4,2,0.8,1,1,0.4718203484273774,1,0,0,0,0,,0,,0,0,0,0,liver_without_reference
blurry,20260501_135548_PACIENTE 003_202605020018-converted.mp4,2,0.9,1,1,0.45031071590966504,1,0,0,0,0,,0,,0,0,0,0,liver_without_reference
blurry,20260501_135548_PACIENTE 003_202605020018-converted.mp4,3,0.1,1,1,0.5132020030625336,1,0,0,0,0,,0,,0,0,0,0,liver_without_reference
blurry,20260501_135548_PACIENTE 003_202605020018-converted.mp4,3,0.2,1,1,0.5055081033272847,1,0,0,0,0,,0,,0,0,0,0,liver_without_reference
blurry,20260501_135548_PACIENTE 003_202605020018-converted.mp4,3,0.3,1,1,0.5001956735332812,1,0,0,0,0,,0,,0,0,0,0,liver_without_reference
blurry,20260501_135548_PACIENTE 003_202605020018-converted.mp4,3,0.4,1,1,0.4953427284856571,1,0,0,0,0,,0,,0,0,0,0,liver_without_reference
blurry,20260501_135548_PACIENTE 003_202605020018-converted.mp4,3,0.5,1,1,0.490288972463508,1,0,0,0,0,,0,,0,0,0,0,liver_without_reference
blurry,20260501_135548_PACIENTE 003_202605020018-converted.mp4,3,0.6,1,1,0.4848752031891822,1,0,0,0,0,,0,,0,0,0,0,liver_without_reference
blurry,20260501_135548_PACIENTE 003_202605020018-converted.mp4,3,0.7,1,1,0.4788340413065768,1,0,0,0,0,,0,,0,0,0,0,liver_without_reference
blurry,20260501_135548_PACIENTE 003_202605020018-converted.mp4,3,0.8,1,1,0.4669201106089788,1,0,0,0,0,,0,,0,0,0,0,liver_without_reference
blurry,20260501_135548_PACIENTE 003_202605020018-converted.mp4,3,0.9,1,1,0.4418024952314384,1,0,0,0,0,,0,,0,0,0,0,liver_without_reference
blurry,20260501_135548_PACIENTE 003_202605020018-converted.mp4,4,0.1,1,1,0.51345825106892,1,0,0,0,0,,0,,0,0,0,0,liver_without_reference
blurry,20260501_135548_PACIENTE 003_202605020018-converted.mp4,4,0.2,1,1,0.5056127979268156,1,0,0,0,0,,0,,0,0,0,0,liver_without_reference
blurry,20260501_135548_PACIENTE 003_202605020018-converted.mp4,4,0.3,1,1,0.500243596737053,1,0,0,0,0,,0,,0,0,0,0,liver_without_reference
blurry,20260501_135548_PACIENTE 003_202605020018-converted.mp4,4,0.4,1,1,0.4953380536582518,1,0,0,0,0,,0,,0,0,0,0,liver_without_reference
blurry,20260501_135548_PACIENTE 003_202605020018-converted.mp4,4,0.5,1,1,0.49009121840232117,1,0,0,0,0,,0,,0,0,0,0,liver_without_reference
blurry,20260501_135548_PACIENTE 003_202605020018-converted.mp4,4,0.6,1,1,0.4846339353258575,1,0,0,0,0,,0,,0,0,0,0,liver_without_reference
blurry,20260501_135548_PACIENTE 003_202605020018-converted.mp4,4,0.7,1,1,0.4782237439673178,1,0,0,0,0,,0,,0,0,0,0,liver_without_reference
blurry,20260501_135548_PACIENTE 003_202605020018-converted.mp4,4,0.8,1,1,0.46428961129437046,1,0,0,0,0,,0,,0,0,0,0,liver_without_reference
blurry,20260501_135548_PACIENTE 003_202605020018-converted.mp4,4,0.9,1,1,0.44011303955963427,1,0,0,0,0,,0,,0,0,0,0,liver_without_reference
blurry,20260501_135548_PACIENTE 003_202605020018-converted.mp4,5,0.1,1,1,0.5137577851807403,1,0,0,0,0,,0,,0,0,0,0,liver_without_reference
blurry,20260501_135548_PACIENTE 003_202605020018-converted.mp4,5,0.2,1,1,0.5059186461226743,1,0,0,0,0,,0,,0,0,0,0,liver_without_reference
blurry,20260501_135548_PACIENTE 003_202605020018-converted.mp4,5,0.3,1,1,0.50043087119241,1,0,0,0,0,,0,,0,0,0,0,liver_without_reference
blurry,20260501_135548_PACIENTE 003_202605020018-converted.mp4,5,0.4,1,1,0.49563919554414165,1,0,0,0,0,,0,,0,0,0,0,liver_without_reference
blurry,20260501_135548_PACIENTE 003_202605020018-converted.mp4,5,0.5,1,1,0.4903961734949414,1,0,0,0,0,,0,,0,0,0,0,liver_without_reference
blurry,20260501_135548_PACIENTE 003_202605020018-converted.mp4,5,0.6,1,1,0.48498890620625684,1,0,0,0,0,,0,,0,0,0,0,liver_without_reference
blurry,20260501_135548_PACIENTE 003_202605020018-converted.mp4,5,0.7,1,1,0.4787128091392225,1,0,0,0,0,,0,,0,0,0,0,liver_without_reference
blurry,20260501_135548_PACIENTE 003_202605020018-converted.mp4,5,0.8,1,1,0.46450749374821676,1,0,0,0,0,,0,,0,0,0,0,liver_without_reference
blurry,20260501_135548_PACIENTE 003_202605020018-converted.mp4,5,0.9,1,1,0.4400181877889206,1,0,0,0,0,,0,,0,0,0,0,liver_without_reference
blurry,20260501_135548_PACIENTE 003_202605020018-converted.mp4,6,0.1,1,1,0.5135977161298331,1,0,0,0,0,,0,,0,0,0,0,liver_without_reference
blurry,20260501_135548_PACIENTE 003_202605020018-converted.mp4,6,0.2,1,1,0.5056999335768848,1,0,0,0,0,,0,,0,0,0,0,liver_without_reference
blurry,20260501_135548_PACIENTE 003_202605020018-converted.mp4,6,0.3,1,1,0.5002122806433352,1,0,0,0,0,,0,,0,0,0,0,liver_without_reference
blurry,20260501_135548_PACIENTE 003_202605020018-converted.mp4,6,0.4,1,1,0.4953271028037383,1,0,0,0,0,,0,,0,0,0,0,liver_without_reference
blurry,20260501_135548_PACIENTE 003_202605020018-converted.mp4,6,0.5,1,1,0.4902162074189066,1,0,0,0,0,,0,,0,0,0,0,liver_without_reference
blurry,20260501_135548_PACIENTE 003_202605020018-converted.mp4,6,0.6,1,1,0.4848521565465173,1,0,0,0,0,,0,,0,0,0,0,liver_without_reference
blurry,20260501_135548_PACIENTE 003_202605020018-converted.mp4,6,0.7,1,1,0.47848717766331794,1,0,0,0,0,,0,,0,0,0,0,liver_without_reference
blurry,20260501_135548_PACIENTE 003_202605020018-converted.mp4,6,0.8,1,1,0.46433351093509423,1,0,0,0,0,,0,,0,0,0,0,liver_without_reference
blurry,20260501_135548_PACIENTE 003_202605020018-converted.mp4,6,0.9,1,1,0.4405915585454362,1,0,0,0,0,,0,,0,0,0,0,liver_without_reference
blurry,20260501_135548_PACIENTE 003_202605020018-converted.mp4,7,0.1,1,1,0.5138795218609193,1,0,0,0,0,,0,,0,0,0,0,liver_without_reference
blurry,20260501_135548_PACIENTE 003_202605020018-converted.mp4,7,0.2,1,1,0.5061402416241126,1,0,0,0,0,,0,,0,0,0,0,liver_without_reference
blurry,20260501_135548_PACIENTE 003_202605020018-converted.mp4,7,0.3,1,1,0.5007929603436577,1,0,0,0,0,,0,,0,0,0,0,liver_without_reference
blurry,20260501_135548_PACIENTE 003_202605020018-converted.mp4,7,0.4,1,1,0.49571926373003433,1,0,0,0,0,,0,,0,0,0,0,liver_without_reference
blurry,20260501_135548_PACIENTE 003_202605020018-converted.mp4,7,0.5,1,1,0.4909880773034758,1,0,0,0,0,,0,,0,0,0,0,liver_without_reference
blurry,20260501_135548_PACIENTE 003_202605020018-converted.mp4,7,0.6,1,1,0.48534161127381964,1,0,0,0,0,,0,,0,0,0,0,liver_without_reference
blurry,20260501_135548_PACIENTE 003_202605020018-converted.mp4,7,0.7,1,1,0.47921304122244723,1,0,0,0,0,,0,,0,0,0,0,liver_without_reference
blurry,20260501_135548_PACIENTE 003_202605020018-converted.mp4,7,0.8,1,1,0.46619651539878254,1,0,0,0,0,,0,,0,0,0,0,liver_without_reference
blurry,20260501_135548_PACIENTE 003_202605020018-converted.mp4,7,0.9,1,1,0.44192233859832286,1,0,0,0,0,,0,,0,0,0,0,liver_without_reference
blurry,20260501_135548_PACIENTE 003_202605020018-converted.mp4,8,0.1,1,1,0.5140167580428261,1,0,0,0,0,,0,,0,0,0,0,liver_without_reference
blurry,20260501_135548_PACIENTE 003_202605020018-converted.mp4,8,0.2,1,1,0.506051258205008,1,0,0,0,0,,0,,0,0,0,0,liver_without_reference
blurry,20260501_135548_PACIENTE 003_202605020018-converted.mp4,8,0.3,1,1,0.5007784206801815,1,0,0,0,0,,0,,0,0,0,0,liver_without_reference
blurry,20260501_135548_PACIENTE 003_202605020018-converted.mp4,8,0.4,1,1,0.4956583000879595,1,0,0,0,0,,0,,0,0,0,0,liver_without_reference
blurry,20260501_135548_PACIENTE 003_202605020018-converted.mp4,8,0.5,1,1,0.49098497495826376,1,0,0,0,0,,0,,0,0,0,0,liver_without_reference
blurry,20260501_135548_PACIENTE 003_202605020018-converted.mp4,8,0.6,1,1,0.48538598140603784,1,0,0,0,0,,0,,0,0,0,0,liver_without_reference
blurry,20260501_135548_PACIENTE 003_202605020018-converted.mp4,8,0.7,1,1,0.4793108643070562,1,0,0,0,0,,0,,0,0,0,0,liver_without_reference
blurry,20260501_135548_PACIENTE 003_202605020018-converted.mp4,8,0.8,1,1,0.4676423200859291,1,0,0,0,0,,0,,0,0,0,0,liver_without_reference
blurry,20260501_135548_PACIENTE 003_202605020018-converted.mp4,8,0.9,1,1,0.4426903095977839,1,0,0,0,0,,0,,0,0,0,0,liver_without_reference
blurry,20260501_135548_PACIENTE 003_202605020018-converted.mp4,9,0.1,1,1,0.5135279392597802,1,0,0,0,0,,0,,0,0,0,0,liver_without_reference
blurry,20260501_135548_PACIENTE 003_202605020018-converted.mp4,9,0.2,1,1,0.5058636965573355,1,0,0,0,0,,0,,0,0,0,0,liver_without_reference
blurry,20260501_135548_PACIENTE 003_202605020018-converted.mp4,9,0.3,1,1,0.5005515157317261,1,0,0,0,0,,0,,0,0,0,0,liver_without_reference
blurry,20260501_135548_PACIENTE 003_202605020018-converted.mp4,9,0.4,1,1,0.49562734472696957,1,0,0,0,0,,0,,0,0,0,0,liver_without_reference
blurry,20260501_135548_PACIENTE 003_202605020018-converted.mp4,9,0.5,1,1,0.490940275088469,1,0,0,0,0,,0,,0,0,0,0,liver_without_reference
blurry,20260501_135548_PACIENTE 003_202605020018-converted.mp4,9,0.6,1,1,0.4858036915415403,1,0,0,0,0,,0,,0,0,0,0,liver_without_reference
blurry,20260501_135548_PACIENTE 003_202605020018-converted.mp4,9,0.7,1,1,0.479663775537955,1,0,0,0,0,,0,,0,0,0,0,liver_without_reference
blurry,20260501_135548_PACIENTE 003_202605020018-converted.mp4,9,0.8,1,1,0.4697687296280293,1,0,0,0,0,,0,,0,0,0,0,liver_without_reference
blurry,20260501_135548_PACIENTE 003_202605020018-converted.mp4,9,0.9,1,1,0.4425716775342339,1,0,0,0,0,,0,,0,0,0,0,liver_without_reference
blurry,20260501_135548_PACIENTE 003_202605020018-converted.mp4,10,0.1,1,1,0.5130492345883326,1,0,0,0,0,,0,,0,0,0,0,liver_without_reference
blurry,20260501_135548_PACIENTE 003_202605020018-converted.mp4,10,0.2,1,1,0.5054341508776008,1,0,0,0,0,,0,,0,0,0,0,liver_without_reference
blurry,20260501_135548_PACIENTE 003_202605020018-converted.mp4,10,0.3,1,1,0.5002081217428948,1,0,0,0,0,,0,,0,0,0,0,liver_without_reference
blurry,20260501_135548_PACIENTE 003_202605020018-converted.mp4,10,0.4,1,1,0.49508767980925944,1,0,0,0,0,,0,,0,0,0,0,liver_without_reference
blurry,20260501_135548_PACIENTE 003_202605020018-converted.mp4,10,0.5,1,1,0.49033919241490975,1,0,0,0,0,,0,,0,0,0,0,liver_without_reference
blurry,20260501_135548_PACIENTE 003_202605020018-converted.mp4,10,0.6,1,1,0.4850994138364675,1,0,0,0,0,,0,,0,0,0,0,liver_without_reference
blurry,20260501_135548_PACIENTE 003_202605020018-converted.mp4,10,0.7,1,1,0.4784555073488497,1,0,0,0,0,,0,,0,0,0,0,liver_without_reference
blurry,20260501_135548_PACIENTE 003_202605020018-converted.mp4,10,0.8,1,1,0.4669628287252027,1,0,0,0,0,,0,,0,0,0,0,liver_without_reference
blurry,20260501_135548_PACIENTE 003_202605020018-converted.mp4,10,0.9,1,1,0.4412224022898996,1,0,0,0,0,,0,,0,0,0,0,liver_without_reference
blurry,20260501_135548_PACIENTE 003_202605020018-converted.mp4,11,0.1,1,1,0.5129315873311405,1,0,0,0,0,,0,,0,0,0,0,liver_without_reference
blurry,20260501_135548_PACIENTE 003_202605020018-converted.mp4,11,0.2,1,1,0.5051557946648734,1,0,0,0,0,,0,,0,0,0,0,liver_without_reference
blurry,20260501_135548_PACIENTE 003_202605020018-converted.mp4,11,0.3,1,1,0.4998938583529314,1,0,0,0,0,,0,,0,0,0,0,liver_without_reference
blurry,20260501_135548_PACIENTE 003_202605020018-converted.mp4,11,0.4,1,1,0.49489791664929844,1,0,0,0,0,,0,,0,0,0,0,liver_without_reference
blurry,20260501_135548_PACIENTE 003_202605020018-converted.mp4,11,0.5,1,1,0.49006868464318204,1,0,0,0,0,,0,,0,0,0,0,liver_without_reference
blurry,20260501_135548_PACIENTE 003_202605020018-converted.mp4,11,0.6,1,1,0.48497382483319335,1,0,0,0,0,,0,,0,0,0,0,liver_without_reference
blurry,20260501_135548_PACIENTE 003_202605020018-converted.mp4,11,0.7,1,1,0.4784002142196672,1,0,0,0,0,,0,,0,0,0,0,liver_without_reference
blurry,20260501_135548_PACIENTE 003_202605020018-converted.mp4,11,0.8,1,1,0.4664152494735341,1,0,0,0,0,,0,,0,0,0,0,liver_without_reference
blurry,20260501_135548_PACIENTE 003_202605020018-converted.mp4,11,0.9,1,1,0.44087859169395777,1,0,0,0,0,,0,,0,0,0,0,liver_without_reference
blurry,20260501_135548_PACIENTE 003_202605020018-converted.mp4,12,0.1,1,1,0.5129415561311036,1,0,0,0,0,,0,,0,0,0,0,liver_without_reference
blurry,20260501_135548_PACIENTE 003_202605020018-converted.mp4,12,0.2,1,1,0.5052137383666387,1,0,0,0,0,,0,,0,0,0,0,liver_without_reference
blurry,20260501_135548_PACIENTE 003_202605020018-converted.mp4,12,0.3,1,1,0.499750264303612,1,0,0,0,0,,0,,0,0,0,0,liver_without_reference
blurry,20260501_135548_PACIENTE 003_202605020018-converted.mp4,12,0.4,1,1,0.4945876664652064,1,0,0,0,0,,0,,0,0,0,0,liver_without_reference
blurry,20260501_135548_PACIENTE 003_202605020018-converted.mp4,12,0.5,1,1,0.48963905695806387,1,0,0,0,0,,0,,0,0,0,0,liver_without_reference
blurry,20260501_135548_PACIENTE 003_202605020018-converted.mp4,12,0.6,1,1,0.484366513757635,1,0,0,0,0,,0,,0,0,0,0,liver_without_reference
blurry,20260501_135548_PACIENTE 003_202605020018-converted.mp4,12,0.7,1,1,0.47802620788914363,1,0,0,0,0,,0,,0,0,0,0,liver_without_reference
blurry,20260501_135548_PACIENTE 003_202605020018-converted.mp4,12,0.8,1,1,0.46604389335391533,1,0,0,0,0,,0,,0,0,0,0,liver_without_reference
blurry,20260501_135548_PACIENTE 003_202605020018-converted.mp4,12,0.9,1,1,0.4399545397146104,1,0,0,0,0,,0,,0,0,0,0,liver_without_reference
blurry,20260501_135548_PACIENTE 003_202605020018-converted.mp4,13,0.1,1,1,0.5139648397104447,1,0,0,0,0,,0,,0,0,0,0,liver_without_reference
blurry,20260501_135548_PACIENTE 003_202605020018-converted.mp4,13,0.2,1,1,0.5062185906187882,1,0,0,0,0,,0,,0,0,0,0,liver_without_reference
blurry,20260501_135548_PACIENTE 003_202605020018-converted.mp4,13,0.3,1,1,0.5008697171962648,1,0,0,0,0,,0,,0,0,0,0,liver_without_reference
blurry,20260501_135548_PACIENTE 003_202605020018-converted.mp4,13,0.4,1,1,0.4958910845703141,1,0,0,0,0,,0,,0,0,0,0,liver_without_reference
blurry,20260501_135548_PACIENTE 003_202605020018-converted.mp4,13,0.5,1,1,0.490982891898995,1,0,0,0,0,,0,,0,0,0,0,liver_without_reference
blurry,20260501_135548_PACIENTE 003_202605020018-converted.mp4,13,0.6,1,1,0.4858158398142192,1,0,0,0,0,,0,,0,0,0,0,liver_without_reference
blurry,20260501_135548_PACIENTE 003_202605020018-converted.mp4,13,0.7,1,1,0.47910959047352153,1,0,0,0,0,,0,,0,0,0,0,liver_without_reference
blurry,20260501_135548_PACIENTE 003_202605020018-converted.mp4,13,0.8,1,1,0.4644326546018831,1,0,0,0,0,,0,,0,0,0,0,liver_without_reference
blurry,20260501_135548_PACIENTE 003_202605020018-converted.mp4,13,0.9,1,1,0.44118154540213195,1,0,0,0,0,,0,,0,0,0,0,liver_without_reference
blurry,20260501_135548_PACIENTE 003_202605020018-converted.mp4,14,0.1,1,1,0.5145695720330395,1,0,0,0,0,,0,,0,0,0,0,liver_without_reference
blurry,20260501_135548_PACIENTE 003_202605020018-converted.mp4,14,0.2,1,1,0.5068573301851168,1,0,0,0,0,,0,,0,0,0,0,liver_without_reference
blurry,20260501_135548_PACIENTE 003_202605020018-converted.mp4,14,0.3,1,1,0.5015394985395568,1,0,0,0,0,,0,,0,0,0,0,liver_without_reference
blurry,20260501_135548_PACIENTE 003_202605020018-converted.mp4,14,0.4,1,1,0.4965936790349799,1,0,0,0,0,,0,,0,0,0,0,liver_without_reference
blurry,20260501_135548_PACIENTE 003_202605020018-converted.mp4,14,0.5,1,1,0.49189894961663927,1,0,0,0,0,,0,,0,0,0,0,liver_without_reference
blurry,20260501_135548_PACIENTE 003_202605020018-converted.mp4,14,0.6,1,1,0.4866318646899144,1,0,0,0,0,,0,,0,0,0,0,liver_without_reference
blurry,20260501_135548_PACIENTE 003_202605020018-converted.mp4,14,0.7,1,1,0.48021129146260366,1,0,0,0,0,,0,,0,0,0,0,liver_without_reference
blurry,20260501_135548_PACIENTE 003_202605020018-converted.mp4,14,0.8,1,1,0.4651813271604938,1,0,0,0,0,,0,,0,0,0,0,liver_without_reference
blurry,20260501_135548_PACIENTE 003_202605020018-converted.mp4,14,0.9,1,1,0.4419954133266006,1,0,0,0,0,,0,,0,0,0,0,liver_without_reference
blurry,20260501_135548_PACIENTE 003_202605020018-converted.mp4,15,0.1,1,1,0.5146311300816034,1,0,0,0,0,,0,,0,0,0,0,liver_without_reference
blurry,20260501_135548_PACIENTE 003_202605020018-converted.mp4,15,0.2,1,1,0.5066719776936865,1,0,0,0,0,,0,,0,0,0,0,liver_without_reference
blurry,20260501_135548_PACIENTE 003_202605020018-converted.mp4,15,0.3,1,1,0.501377123932833,1,0,0,0,0,,0,,0,0,0,0,liver_without_reference
blurry,20260501_135548_PACIENTE 003_202605020018-converted.mp4,15,0.4,1,1,0.49649391069575977,1,0,0,0,0,,0,,0,0,0,0,liver_without_reference
blurry,20260501_135548_PACIENTE 003_202605020018-converted.mp4,15,0.5,1,1,0.4917703197604091,1,0,0,0,0,,0,,0,0,0,0,liver_without_reference
blurry,20260501_135548_PACIENTE 003_202605020018-converted.mp4,15,0.6,1,1,0.486296421576611,1,0,0,0,0,,0,,0,0,0,0,liver_without_reference
blurry,20260501_135548_PACIENTE 003_202605020018-converted.mp4,15,0.7,1,1,0.47935111263523716,1,0,0,0,0,,0,,0,0,0,0,liver_without_reference
blurry,20260501_135548_PACIENTE 003_202605020018-converted.mp4,15,0.8,1,1,0.46365088749952826,1,0,0,0,0,,0,,0,0,0,0,liver_without_reference
blurry,20260501_135548_PACIENTE 003_202605020018-converted.mp4,15,0.9,1,1,0.4411050662896718,1,0,0,0,0,,0,,0,0,0,0,liver_without_reference
blurry,20260501_135548_PACIENTE 003_202605020018-converted.mp4,16,0.1,1,1,0.5150709183188077,1,0,0,0,0,,0,,0,0,0,0,liver_without_reference
blurry,20260501_135548_PACIENTE 003_202605020018-converted.mp4,16,0.2,1,1,0.507137403313083,1,0,0,0,0,,0,,0,0,0,0,liver_without_reference
blurry,20260501_135548_PACIENTE 003_202605020018-converted.mp4,16,0.3,1,1,0.5019390328137613,1,0,0,0,0,,0,,0,0,0,0,liver_without_reference
blurry,20260501_135548_PACIENTE 003_202605020018-converted.mp4,16,0.4,1,1,0.4971185218829824,1,0,0,0,0,,0,,0,0,0,0,liver_without_reference
blurry,20260501_135548_PACIENTE 003_202605020018-converted.mp4,16,0.5,1,1,0.4924119173362034,1,0,0,0,0,,0,,0,0,0,0,liver_without_reference
blurry,20260501_135548_PACIENTE 003_202605020018-converted.mp4,16,0.6,1,1,0.4867295074778338,1,0,0,0,0,,0,,0,0,0,0,liver_without_reference
blurry,20260501_135548_PACIENTE 003_202605020018-converted.mp4,16,0.7,1,1,0.47872202495221605,1,0,0,0,0,,0,,0,0,0,0,liver_without_reference
blurry,20260501_135548_PACIENTE 003_202605020018-converted.mp4,16,0.8,1,1,0.4624492004177204,1,0,0,0,0,,0,,0,0,0,0,liver_without_reference
blurry,20260501_135548_PACIENTE 003_202605020018-converted.mp4,16,0.9,1,1,0.44171954688525694,1,0,0,0,0,,0,,0,0,0,0,liver_without_reference
blurry,20260501_135548_PACIENTE 003_202605020018-converted.mp4,17,0.1,1,1,0.5153059536022768,1,0,0,0,0,,0,,0,0,0,0,liver_without_reference
blurry,20260501_135548_PACIENTE 003_202605020018-converted.mp4,17,0.2,1,1,0.5074515369962276,1,0,0,0,0,,0,,0,0,0,0,liver_without_reference
blurry,20260501_135548_PACIENTE 003_202605020018-converted.mp4,17,0.3,1,1,0.5022387562834981,1,0,0,0,0,,0,,0,0,0,0,liver_without_reference
blurry,20260501_135548_PACIENTE 003_202605020018-converted.mp4,17,0.4,1,1,0.49736823461261165,1,0,0,0,0,,0,,0,0,0,0,liver_without_reference
blurry,20260501_135548_PACIENTE 003_202605020018-converted.mp4,17,0.5,1,1,0.4927444926568758,1,0,0,0,0,,0,,0,0,0,0,liver_without_reference
blurry,20260501_135548_PACIENTE 003_202605020018-converted.mp4,17,0.6,1,1,0.48689299706784067,1,0,0,0,0,,0,,0,0,0,0,liver_without_reference
blurry,20260501_135548_PACIENTE 003_202605020018-converted.mp4,17,0.7,1,1,0.4793542962557047,1,0,0,0,0,,0,,0,0,0,0,liver_without_reference
blurry,20260501_135548_PACIENTE 003_202605020018-converted.mp4,17,0.8,1,1,0.4647270012498637,1,0,0,0,0,,0,,0,0,0,0,liver_without_reference
blurry,20260501_135548_PACIENTE 003_202605020018-converted.mp4,17,0.9,1,1,0.44359759946804483,1,0,0,0,0,,0,,0,0,0,0,liver_without_reference
blurry,20260501_135548_PACIENTE 003_202605020018-converted.mp4,18,0.1,1,1,0.5150687765022236,1,0,0,0,0,,0,,0,0,0,0,liver_without_reference
blurry,20260501_135548_PACIENTE 003_202605020018-converted.mp4,18,0.2,1,1,0.5071115224509954,1,0,0,0,0,,0,,0,0,0,0,liver_without_reference
blurry,20260501_135548_PACIENTE 003_202605020018-converted.mp4,18,0.3,1,1,0.5020017812107239,1,0,0,0,0,,0,,0,0,0,0,liver_without_reference
blurry,20260501_135548_PACIENTE 003_202605020018-converted.mp4,18,0.4,1,1,0.49712013736653027,1,0,0,0,0,,0,,0,0,0,0,liver_without_reference
blurry,20260501_135548_PACIENTE 003_202605020018-converted.mp4,18,0.5,1,1,0.492585576714455,1,0,0,0,0,,0,,0,0,0,0,liver_without_reference
blurry,20260501_135548_PACIENTE 003_202605020018-converted.mp4,18,0.6,1,1,0.4875631241933261,1,0,0,0,0,,0,,0,0,0,0,liver_without_reference
blurry,20260501_135548_PACIENTE 003_202605020018-converted.mp4,18,0.7,1,1,0.4804163128370097,1,0,0,0,0,,0,,0,0,0,0,liver_without_reference
blurry,20260501_135548_PACIENTE 003_202605020018-converted.mp4,18,0.8,1,1,0.4668498206908122,1,0,0,0,0,,0,,0,0,0,0,liver_without_reference
blurry,20260501_135548_PACIENTE 003_202605020018-converted.mp4,18,0.9,1,1,0.44445286195286193,1,0,0,0,0,,0,,0,0,0,0,liver_without_reference
blurry,20260501_135548_PACIENTE 003_202605020018-converted.mp4,19,0.1,1,1,0.5142634940596353,1,0,0,0,0,,0,,0,0,0,0,liver_without_reference
blurry,20260501_135548_PACIENTE 003_202605020018-converted.mp4,19,0.2,1,1,0.5061623371234127,1,0,0,0,0,,0,,0,0,0,0,liver_without_reference
blurry,20260501_135548_PACIENTE 003_202605020018-converted.mp4,19,0.3,1,1,0.5010070577268793,1,0,0,0,0,,0,,0,0,0,0,liver_without_reference
blurry,20260501_135548_PACIENTE 003_202605020018-converted.mp4,19,0.4,1,1,0.49610975208264746,1,0,0,0,0,,0,,0,0,0,0,liver_without_reference
blurry,20260501_135548_PACIENTE 003_202605020018-converted.mp4,19,0.5,1,1,0.4916452147211108,1,0,0,0,0,,0,,0,0,0,0,liver_without_reference
blurry,20260501_135548_PACIENTE 003_202605020018-converted.mp4,19,0.6,1,1,0.4866470082114426,1,0,0,0,0,,0,,0,0,0,0,liver_without_reference
blurry,20260501_135548_PACIENTE 003_202605020018-converted.mp4,19,0.7,1,1,0.4796784017134061,1,0,0,0,0,,0,,0,0,0,0,liver_without_reference
blurry,20260501_135548_PACIENTE 003_202605020018-converted.mp4,19,0.8,1,1,0.4670279202613776,1,0,0,0,0,,0,,0,0,0,0,liver_without_reference
blurry,20260501_135548_PACIENTE 003_202605020018-converted.mp4,19,0.9,1,1,0.44493964951265086,1,0,0,0,0,,0,,0,0,0,0,liver_without_reference
blurry,20260501_135548_PACIENTE 003_202605020018-converted.mp4,20,0.1,1,1,0.5138123603871928,1,0,0,0,0,,0,,0,0,0,0,liver_without_reference
blurry,20260501_135548_PACIENTE 003_202605020018-converted.mp4,20,0.2,1,1,0.5057952550700701,1,0,0,0,0,,0,,0,0,0,0,liver_without_reference
blurry,20260501_135548_PACIENTE 003_202605020018-converted.mp4,20,0.3,1,1,0.5005763796698197,1,0,0,0,0,,0,,0,0,0,0,liver_without_reference
blurry,20260501_135548_PACIENTE 003_202605020018-converted.mp4,20,0.4,1,1,0.49568877497864183,1,0,0,0,0,,0,,0,0,0,0,liver_without_reference
blurry,20260501_135548_PACIENTE 003_202605020018-converted.mp4,20,0.5,1,1,0.49121518723271096,1,0,0,0,0,,0,,0,0,0,0,liver_without_reference
blurry,20260501_135548_PACIENTE 003_202605020018-converted.mp4,20,0.6,1,1,0.48630677665239636,1,0,0,0,0,,0,,0,0,0,0,liver_without_reference
blurry,20260501_135548_PACIENTE 003_202605020018-converted.mp4,20,0.7,1,1,0.4795345121119714,1,0,0,0,0,,0,,0,0,0,0,liver_without_reference
blurry,20260501_135548_PACIENTE 003_202605020018-converted.mp4,20,0.8,1,1,0.46743529628868485,1,0,0,0,0,,0,,0,0,0,0,liver_without_reference
blurry,20260501_135548_PACIENTE 003_202605020018-converted.mp4,20,0.9,1,1,0.44502805099262216,1,0,0,0,0,,0,,0,0,0,0,liver_without_reference
blurry,20260501_135548_PACIENTE 003_202605020018-converted.mp4,21,0.1,1,1,0.5133684088615343,1,0,0,0,0,,0,,0,0,0,0,liver_without_reference
blurry,20260501_135548_PACIENTE 003_202605020018-converted.mp4,21,0.2,1,1,0.5053841078564404,1,0,0,0,0,,0,,0,0,0,0,liver_without_reference
blurry,20260501_135548_PACIENTE 003_202605020018-converted.mp4,21,0.3,1,1,0.5001352369142681,1,0,0,0,0,,0,,0,0,0,0,liver_without_reference
blurry,20260501_135548_PACIENTE 003_202605020018-converted.mp4,21,0.4,1,1,0.4950868858607326,1,0,0,0,0,,0,,0,0,0,0,liver_without_reference
blurry,20260501_135548_PACIENTE 003_202605020018-converted.mp4,21,0.5,1,1,0.49046985353318345,1,0,0,0,0,,0,,0,0,0,0,liver_without_reference
blurry,20260501_135548_PACIENTE 003_202605020018-converted.mp4,21,0.6,1,1,0.48569972769341285,1,0,0,0,0,,0,,0,0,0,0,liver_without_reference
blurry,20260501_135548_PACIENTE 003_202605020018-converted.mp4,21,0.7,1,1,0.4792872678601305,1,0,0,0,0,,0,,0,0,0,0,liver_without_reference
blurry,20260501_135548_PACIENTE 003_202605020018-converted.mp4,21,0.8,1,1,0.46638625507948955,1,0,0,0,0,,0,,0,0,0,0,liver_without_reference
blurry,20260501_135548_PACIENTE 003_202605020018-converted.mp4,21,0.9,1,1,0.4434063899269434,1,0,0,0,0,,0,,0,0,0,0,liver_without_reference
blurry,20260501_135548_PACIENTE 003_202605020018-converted.mp4,22,0.1,1,1,0.5137909924219861,1,0,0,0,0,,0,,0,0,0,0,liver_without_reference
blurry,20260501_135548_PACIENTE 003_202605020018-converted.mp4,22,0.2,1,1,0.5057809945136578,1,0,0,0,0,,0,,0,0,0,0,liver_without_reference
blurry,20260501_135548_PACIENTE 003_202605020018-converted.mp4,22,0.3,1,1,0.5005430689010866,1,0,0,0,0,,0,,0,0,0,0,liver_without_reference
blurry,20260501_135548_PACIENTE 003_202605020018-converted.mp4,22,0.4,1,1,0.49537006167694614,1,0,0,0,0,,0,,0,0,0,0,liver_without_reference
blurry,20260501_135548_PACIENTE 003_202605020018-converted.mp4,22,0.5,1,1,0.4908424144318542,1,0,0,0,0,,0,,0,0,0,0,liver_without_reference
blurry,20260501_135548_PACIENTE 003_202605020018-converted.mp4,22,0.6,1,1,0.48609544812837796,1,0,0,0,0,,0,,0,0,0,0,liver_without_reference
blurry,20260501_135548_PACIENTE 003_202605020018-converted.mp4,22,0.7,1,1,0.48048221396780777,1,0,0,0,0,,0,,0,0,0,0,liver_without_reference
blurry,20260501_135548_PACIENTE 003_202605020018-converted.mp4,22,0.8,1,1,0.4704093743840092,1,0,0,0,0,,0,,0,0,0,0,liver_without_reference
blurry,20260501_135548_PACIENTE 003_202605020018-converted.mp4,22,0.9,1,1,0.4456069322806412,1,0,0,0,0,,0,,0,0,0,0,liver_without_reference
blurry,20260501_135548_PACIENTE 003_202605020018-converted.mp4,23,0.1,1,1,0.5136961935254358,1,0,0,0,0,,0,,0,0,0,0,liver_without_reference
blurry,20260501_135548_PACIENTE 003_202605020018-converted.mp4,23,0.2,1,1,0.5056316868499905,1,0,0,0,0,,0,,0,0,0,0,liver_without_reference
blurry,20260501_135548_PACIENTE 003_202605020018-converted.mp4,23,0.3,1,1,0.5003079355832051,1,0,0,0,0,,0,,0,0,0,0,liver_without_reference
blurry,20260501_135548_PACIENTE 003_202605020018-converted.mp4,23,0.4,1,1,0.49524297698375985,1,0,0,0,0,,0,,0,0,0,0,liver_without_reference
blurry,20260501_135548_PACIENTE 003_202605020018-converted.mp4,23,0.5,1,1,0.4906563307062304,1,0,0,0,0,,0,,0,0,0,0,liver_without_reference
blurry,20260501_135548_PACIENTE 003_202605020018-converted.mp4,23,0.6,1,1,0.48596905214358804,1,0,0,0,0,,0,,0,0,0,0,liver_without_reference
blurry,20260501_135548_PACIENTE 003_202605020018-converted.mp4,23,0.7,1,1,0.48058879876852545,1,0,0,0,0,,0,,0,0,0,0,liver_without_reference
blurry,20260501_135548_PACIENTE 003_202605020018-converted.mp4,23,0.8,1,1,0.47179173150241377,1,0,0,0,0,,0,,0,0,0,0,liver_without_reference
blurry,20260501_135548_PACIENTE 003_202605020018-converted.mp4,23,0.9,1,1,0.4462265580283492,1,0,0,0,0,,0,,0,0,0,0,liver_without_reference
blurry,20260501_135548_PACIENTE 003_202605020018-converted.mp4,24,0.1,1,1,0.5134930517919716,1,0,0,0,0,,0,,0,0,0,0,liver_without_reference
blurry,20260501_135548_PACIENTE 003_202605020018-converted.mp4,24,0.2,1,1,0.5053210034366543,1,0,0,0,0,,0,,0,0,0,0,liver_without_reference
blurry,20260501_135548_PACIENTE 003_202605020018-converted.mp4,24,0.3,1,1,0.5000561860883246,1,0,0,0,0,,0,,0,0,0,0,liver_without_reference
blurry,20260501_135548_PACIENTE 003_202605020018-converted.mp4,24,0.4,1,1,0.49504665769216344,1,0,0,0,0,,0,,0,0,0,0,liver_without_reference
blurry,20260501_135548_PACIENTE 003_202605020018-converted.mp4,24,0.5,1,1,0.49032150382842005,1,0,0,0,0,,0,,0,0,0,0,liver_without_reference
blurry,20260501_135548_PACIENTE 003_202605020018-converted.mp4,24,0.6,1,1,0.48559577960728295,1,0,0,0,0,,0,,0,0,0,0,liver_without_reference
blurry,20260501_135548_PACIENTE 003_202605020018-converted.mp4,24,0.7,1,1,0.4803328480345399,1,0,0,0,0,,0,,0,0,0,0,liver_without_reference
blurry,20260501_135548_PACIENTE 003_202605020018-converted.mp4,24,0.8,1,1,0.471651419631135,1,0,0,0,0,,0,,0,0,0,0,liver_without_reference
blurry,20260501_135548_PACIENTE 003_202605020018-converted.mp4,24,0.9,1,1,0.44531996481081604,1,0,0,0,0,,0,,0,0,0,0,liver_without_reference
blurry,20260501_135548_PACIENTE 003_202605020018-converted.mp4,25,0.1,1,1,0.5138238554575688,1,0,0,0,0,,0,,0,0,0,0,liver_without_reference
blurry,20260501_135548_PACIENTE 003_202605020018-converted.mp4,25,0.2,1,1,0.5058869424835136,1,0,0,0,0,,0,,0,0,0,0,liver_without_reference
blurry,20260501_135548_PACIENTE 003_202605020018-converted.mp4,25,0.3,1,1,0.5007760905841278,1,0,0,0,0,,0,,0,0,0,0,liver_without_reference
blurry,20260501_135548_PACIENTE 003_202605020018-converted.mp4,25,0.4,1,1,0.49584710339108073,1,0,0,0,0,,0,,0,0,0,0,liver_without_reference
blurry,20260501_135548_PACIENTE 003_202605020018-converted.mp4,25,0.5,1,1,0.4909835107980907,1,0,0,0,0,,0,,0,0,0,0,liver_without_reference
blurry,20260501_135548_PACIENTE 003_202605020018-converted.mp4,25,0.6,1,1,0.486333411300832,1,0,0,0,0,,0,,0,0,0,0,liver_without_reference
blurry,20260501_135548_PACIENTE 003_202605020018-converted.mp4,25,0.7,1,1,0.4811291550580223,1,0,0,0,0,,0,,0,0,0,0,liver_without_reference
blurry,20260501_135548_PACIENTE 003_202605020018-converted.mp4,25,0.8,1,1,0.473593262423246,1,0,0,0,0,,0,,0,0,0,0,liver_without_reference
blurry,20260501_135548_PACIENTE 003_202605020018-converted.mp4,25,0.9,1,1,0.44774234822721304,1,0,0,0,0,,0,,0,0,0,0,liver_without_reference
blurry,20260501_135548_PACIENTE 003_202605020018-converted.mp4,26,0.1,1,1,0.514516195755595,1,0,0,0,0,,0,,0,0,0,0,liver_without_reference
blurry,20260501_135548_PACIENTE 003_202605020018-converted.mp4,26,0.2,1,1,0.5064792754501457,1,0,0,0,0,,0,,0,0,0,0,liver_without_reference
blurry,20260501_135548_PACIENTE 003_202605020018-converted.mp4,26,0.3,1,1,0.5012547181981997,1,0,0,0,0,,0,,0,0,0,0,liver_without_reference
blurry,20260501_135548_PACIENTE 003_202605020018-converted.mp4,26,0.4,1,1,0.4965008148787269,1,0,0,0,0,,0,,0,0,0,0,liver_without_reference
blurry,20260501_135548_PACIENTE 003_202605020018-converted.mp4,26,0.5,1,1,0.491683913609507,1,0,0,0,0,,0,,0,0,0,0,liver_without_reference
blurry,20260501_135548_PACIENTE 003_202605020018-converted.mp4,26,0.6,1,1,0.48690239979949457,1,0,0,0,0,,0,,0,0,0,0,liver_without_reference
blurry,20260501_135548_PACIENTE 003_202605020018-converted.mp4,26,0.7,1,1,0.4818403557876152,1,0,0,0,0,,0,,0,0,0,0,liver_without_reference
blurry,20260501_135548_PACIENTE 003_202605020018-converted.mp4,26,0.8,1,1,0.47458849980704376,1,0,0,0,0,,0,,0,0,0,0,liver_without_reference
blurry,20260501_135548_PACIENTE 003_202605020018-converted.mp4,26,0.9,1,1,0.4492444332196826,1,0,0,0,0,,0,,0,0,0,0,liver_without_reference
blurry,20260501_135548_PACIENTE 003_202605020018-converted.mp4,27,0.1,1,1,0.5146581826004931,1,0,0,0,0,,0,,0,0,0,0,liver_without_reference
blurry,20260501_135548_PACIENTE 003_202605020018-converted.mp4,27,0.2,1,1,0.5066540476368376,1,0,0,0,0,,0,,0,0,0,0,liver_without_reference
blurry,20260501_135548_PACIENTE 003_202605020018-converted.mp4,27,0.3,1,1,0.501392189587504,1,0,0,0,0,,0,,0,0,0,0,liver_without_reference
blurry,20260501_135548_PACIENTE 003_202605020018-converted.mp4,27,0.4,1,1,0.4964820140886166,1,0,0,0,0,,0,,0,0,0,0,liver_without_reference
blurry,20260501_135548_PACIENTE 003_202605020018-converted.mp4,27,0.5,1,1,0.4917271395724402,1,0,0,0,0,,0,,0,0,0,0,liver_without_reference
blurry,20260501_135548_PACIENTE 003_202605020018-converted.mp4,27,0.6,1,1,0.48704290900583624,1,0,0,0,0,,0,,0,0,0,0,liver_without_reference
blurry,20260501_135548_PACIENTE 003_202605020018-converted.mp4,27,0.7,1,1,0.4819598736375238,1,0,0,0,0,,0,,0,0,0,0,liver_without_reference
blurry,20260501_135548_PACIENTE 003_202605020018-converted.mp4,27,0.8,1,1,0.47482590821377635,1,0,0,0,0,,0,,0,0,0,0,liver_without_reference
blurry,20260501_135548_PACIENTE 003_202605020018-converted.mp4,27,0.9,1,1,0.4490538236470415,1,0,0,0,0,,0,,0,0,0,0,liver_without_reference
blurry,20260501_135548_PACIENTE 003_202605020018-converted.mp4,28,0.1,1,1,0.5153201613737457,1,0,0,0,0,,0,,0,0,0,0,liver_without_reference
blurry,20260501_135548_PACIENTE 003_202605020018-converted.mp4,28,0.2,1,1,0.5074418044663281,1,0,0,0,0,,0,,0,0,0,0,liver_without_reference
blurry,20260501_135548_PACIENTE 003_202605020018-converted.mp4,28,0.3,1,1,0.5021958032060808,1,0,0,0,0,,0,,0,0,0,0,liver_without_reference
blurry,20260501_135548_PACIENTE 003_202605020018-converted.mp4,28,0.4,1,1,0.4973674227422992,1,0,0,0,0,,0,,0,0,0,0,liver_without_reference
blurry,20260501_135548_PACIENTE 003_202605020018-converted.mp4,28,0.5,1,1,0.49264819428967327,1,0,0,0,0,,0,,0,0,0,0,liver_without_reference
blurry,20260501_135548_PACIENTE 003_202605020018-converted.mp4,28,0.6,1,1,0.4878368779509464,1,0,0,0,0,,0,,0,0,0,0,liver_without_reference
blurry,20260501_135548_PACIENTE 003_202605020018-converted.mp4,28,0.7,1,1,0.48266886505442264,1,0,0,0,0,,0,,0,0,0,0,liver_without_reference
blurry,20260501_135548_PACIENTE 003_202605020018-converted.mp4,28,0.8,1,1,0.47597049493983185,1,0,0,0,0,,0,,0,0,0,0,liver_without_reference
blurry,20260501_135548_PACIENTE 003_202605020018-converted.mp4,28,0.9,1,1,0.4506547092753989,1,0,0,0,0,,0,,0,0,0,0,liver_without_reference
blurry,20260501_135548_PACIENTE 003_202605020018-converted.mp4,29,0.1,1,1,0.5151606683272785,1,0,0,0,0,,0,,0,0,0,0,liver_without_reference
blurry,20260501_135548_PACIENTE 003_202605020018-converted.mp4,29,0.2,1,1,0.507150833814207,1,0,0,0,0,,0,,0,0,0,0,liver_without_reference
blurry,20260501_135548_PACIENTE 003_202605020018-converted.mp4,29,0.3,1,1,0.501989759813512,1,0,0,0,0,,0,,0,0,0,0,liver_without_reference
blurry,20260501_135548_PACIENTE 003_202605020018-converted.mp4,29,0.4,1,1,0.4971778731918796,1,0,0,0,0,,0,,0,0,0,0,liver_without_reference
blurry,20260501_135548_PACIENTE 003_202605020018-converted.mp4,29,0.5,1,1,0.492351868314406,1,0,0,0,0,,0,,0,0,0,0,liver_without_reference
blurry,20260501_135548_PACIENTE 003_202605020018-converted.mp4,29,0.6,1,1,0.48750130564666067,1,0,0,0,0,,0,,0,0,0,0,liver_without_reference
blurry,20260501_135548_PACIENTE 003_202605020018-converted.mp4,29,0.7,1,1,0.4820922690658019,1,0,0,0,0,,0,,0,0,0,0,liver_without_reference
blurry,20260501_135548_PACIENTE 003_202605020018-converted.mp4,29,0.8,1,1,0.473584842331381,1,0,0,0,0,,0,,0,0,0,0,liver_without_reference
blurry,20260501_135548_PACIENTE 003_202605020018-converted.mp4,29,0.9,1,1,0.44733695423350595,1,0,0,0,0,,0,,0,0,0,0,liver_without_reference
blurry,20260501_135548_PACIENTE 003_202605020018-converted.mp4,30,0.1,1,1,0.5155013260843481,1,0,0,0,0,,0,,0,0,0,0,liver_without_reference
blurry,20260501_135548_PACIENTE 003_202605020018-converted.mp4,30,0.2,1,1,0.5074115737608289,1,0,0,0,0,,0,,0,0,0,0,liver_without_reference
blurry,20260501_135548_PACIENTE 003_202605020018-converted.mp4,30,0.3,1,1,0.5020333578918013,1,0,0,0,0,,0,,0,0,0,0,liver_without_reference
blurry,20260501_135548_PACIENTE 003_202605020018-converted.mp4,30,0.4,1,1,0.49721336418016215,1,0,0,0,0,,0,,0,0,0,0,liver_without_reference
blurry,20260501_135548_PACIENTE 003_202605020018-converted.mp4,30,0.5,1,1,0.4923569350955018,1,0,0,0,0,,0,,0,0,0,0,liver_without_reference
blurry,20260501_135548_PACIENTE 003_202605020018-converted.mp4,30,0.6,1,1,0.4874912263110398,1,0,0,0,0,,0,,0,0,0,0,liver_without_reference
blurry,20260501_135548_PACIENTE 003_202605020018-converted.mp4,30,0.7,1,1,0.481849220495569,1,0,0,0,0,,0,,0,0,0,0,liver_without_reference
blurry,20260501_135548_PACIENTE 003_202605020018-converted.mp4,30,0.8,1,1,0.47088783909647,1,0,0,0,0,,0,,0,0,0,0,liver_without_reference
blurry,20260501_135548_PACIENTE 003_202605020018-converted.mp4,30,0.9,1,1,0.4464671384726789,1,0,0,0,0,,0,,0,0,0,0,liver_without_reference
blurry,20260501_135548_PACIENTE 003_202605020018-converted.mp4,31,0.1,1,1,0.5157012277122841,1,0,0,0,0,,0,,0,0,0,0,liver_without_reference
blurry,20260501_135548_PACIENTE 003_202605020018-converted.mp4,31,0.2,1,1,0.5075496215848185,1,0,0,0,0,,0,,0,0,0,0,liver_without_reference
blurry,20260501_135548_PACIENTE 003_202605020018-converted.mp4,31,0.3,1,1,0.5021583931730669,1,0,0,0,0,,0,,0,0,0,0,liver_without_reference
blurry,20260501_135548_PACIENTE 003_202605020018-converted.mp4,31,0.4,1,1,0.4973110659018143,1,0,0,0,0,,0,,0,0,0,0,liver_without_reference
blurry,20260501_135548_PACIENTE 003_202605020018-converted.mp4,31,0.5,1,1,0.492507972018632,1,0,0,0,0,,0,,0,0,0,0,liver_without_reference
blurry,20260501_135548_PACIENTE 003_202605020018-converted.mp4,31,0.6,1,1,0.48743168485618305,1,0,0,0,0,,0,,0,0,0,0,liver_without_reference
blurry,20260501_135548_PACIENTE 003_202605020018-converted.mp4,31,0.7,1,1,0.48146350241252756,1,0,0,0,0,,0,,0,0,0,0,liver_without_reference
blurry,20260501_135548_PACIENTE 003_202605020018-converted.mp4,31,0.8,1,1,0.46694303300871476,1,0,0,0,0,,0,,0,0,0,0,liver_without_reference
blurry,20260501_135548_PACIENTE 003_202605020018-converted.mp4,31,0.9,1,1,0.44306382477031,1,0,0,0,0,,0,,0,0,0,0,liver_without_reference
blurry,20260501_135548_PACIENTE 003_202605020018-converted.mp4,32,0.1,1,1,0.5154034270297558,1,0,0,0,0,,0,,0,0,0,0,liver_without_reference
blurry,20260501_135548_PACIENTE 003_202605020018-converted.mp4,32,0.2,1,1,0.5072569061002848,1,0,0,0,0,,0,,0,0,0,0,liver_without_reference
blurry,20260501_135548_PACIENTE 003_202605020018-converted.mp4,32,0.3,1,1,0.5018295043479347,1,0,0,0,0,,0,,0,0,0,0,liver_without_reference
blurry,20260501_135548_PACIENTE 003_202605020018-converted.mp4,32,0.4,1,1,0.497035943870532,1,0,0,0,0,,0,,0,0,0,0,liver_without_reference
blurry,20260501_135548_PACIENTE 003_202605020018-converted.mp4,32,0.5,1,1,0.49222640060435824,1,0,0,0,0,,0,,0,0,0,0,liver_without_reference
blurry,20260501_135548_PACIENTE 003_202605020018-converted.mp4,32,0.6,1,1,0.487200056823642,1,0,0,0,0,,0,,0,0,0,0,liver_without_reference
blurry,20260501_135548_PACIENTE 003_202605020018-converted.mp4,32,0.7,1,1,0.48118359438750957,1,0,0,0,0,,0,,0,0,0,0,liver_without_reference
blurry,20260501_135548_PACIENTE 003_202605020018-converted.mp4,32,0.8,1,1,0.4672179984223688,1,0,0,0,0,,0,,0,0,0,0,liver_without_reference
blurry,20260501_135548_PACIENTE 003_202605020018-converted.mp4,32,0.9,1,1,0.4427410526315789,1,0,0,0,0,,0,,0,0,0,0,liver_without_reference
blurry,20260501_135548_PACIENTE 003_202605020018-converted.mp4,33,0.1,1,1,0.5145733508776286,1,0,0,0,0,,0,,0,0,0,0,liver_without_reference
blurry,20260501_135548_PACIENTE 003_202605020018-converted.mp4,33,0.2,1,1,0.5063623267226025,1,0,0,0,0,,0,,0,0,0,0,liver_without_reference
blurry,20260501_135548_PACIENTE 003_202605020018-converted.mp4,33,0.3,1,1,0.5006930944481678,1,0,0,0,0,,0,,0,0,0,0,liver_without_reference
blurry,20260501_135548_PACIENTE 003_202605020018-converted.mp4,33,0.4,1,1,0.49591255664266864,1,0,0,0,0,,0,,0,0,0,0,liver_without_reference
blurry,20260501_135548_PACIENTE 003_202605020018-converted.mp4,33,0.5,1,1,0.49096843124488737,1,0,0,0,0,,0,,0,0,0,0,liver_without_reference
blurry,20260501_135548_PACIENTE 003_202605020018-converted.mp4,33,0.6,1,1,0.4856196261604151,1,0,0,0,0,,0,,0,0,0,0,liver_without_reference
blurry,20260501_135548_PACIENTE 003_202605020018-converted.mp4,33,0.7,1,1,0.47802544972194444,1,0,0,0,0,,0,,0,0,0,0,liver_without_reference
blurry,20260501_135548_PACIENTE 003_202605020018-converted.mp4,33,0.8,1,1,0.4635063294857109,1,0,0,0,0,,0,,0,0,0,0,liver_without_reference
blurry,20260501_135548_PACIENTE 003_202605020018-converted.mp4,33,0.9,1,1,0.4399964633216988,1,0,0,0,0,,0,,0,0,0,0,liver_without_reference
blurry,20260501_135548_PACIENTE 003_202605020018-converted.mp4,34,0.1,1,1,0.5133115405304755,1,0,0,0,0,,0,,0,0,0,0,liver_without_reference
blurry,20260501_135548_PACIENTE 003_202605020018-converted.mp4,34,0.2,1,1,0.5048386895890331,1,0,0,0,0,,0,,0,0,0,0,liver_without_reference
blurry,20260501_135548_PACIENTE 003_202605020018-converted.mp4,34,0.3,1,1,0.4992735795253498,1,0,0,0,0,,0,,0,0,0,0,liver_without_reference
blurry,20260501_135548_PACIENTE 003_202605020018-converted.mp4,34,0.4,1,1,0.4942553652720572,1,0,0,0,0,,0,,0,0,0,0,liver_without_reference
blurry,20260501_135548_PACIENTE 003_202605020018-converted.mp4,34,0.5,1,1,0.4891530262180413,1,0,0,0,0,,0,,0,0,0,0,liver_without_reference
blurry,20260501_135548_PACIENTE 003_202605020018-converted.mp4,34,0.6,1,1,0.48332783234663734,1,0,0,0,0,,0,,0,0,0,0,liver_without_reference
blurry,20260501_135548_PACIENTE 003_202605020018-converted.mp4,34,0.7,1,1,0.4745420157166649,1,0,0,0,0,,0,,0,0,0,0,liver_without_reference
blurry,20260501_135548_PACIENTE 003_202605020018-converted.mp4,34,0.8,1,1,0.4596593841389988,1,0,0,0,0,,0,,0,0,0,0,liver_without_reference
blurry,20260501_135548_PACIENTE 003_202605020018-converted.mp4,34,0.9,1,1,0.43861303604658014,1,0,0,0,0,,0,,0,0,0,0,liver_without_reference
blurry,20260501_135548_PACIENTE 003_202605020018-converted.mp4,35,0.1,1,1,0.5110338691990979,1,0,0,0,0,,0,,0,0,0,0,liver_without_reference
blurry,20260501_135548_PACIENTE 003_202605020018-converted.mp4,35,0.2,1,1,0.5024702326585516,1,0,0,0,0,,0,,0,0,0,0,liver_without_reference
blurry,20260501_135548_PACIENTE 003_202605020018-converted.mp4,35,0.3,1,1,0.496775697627463,1,0,0,0,0,,0,,0,0,0,0,liver_without_reference
blurry,20260501_135548_PACIENTE 003_202605020018-converted.mp4,35,0.4,1,1,0.49157849096563855,1,0,0,0,0,,0,,0,0,0,0,liver_without_reference
blurry,20260501_135548_PACIENTE 003_202605020018-converted.mp4,35,0.5,1,1,0.48594144529538197,1,0,0,0,0,,0,,0,0,0,0,liver_without_reference
blurry,20260501_135548_PACIENTE 003_202605020018-converted.mp4,35,0.6,1,1,0.4785122792944106,1,0,0,0,0,,0,,0,0,0,0,liver_without_reference
blurry,20260501_135548_PACIENTE 003_202605020018-converted.mp4,35,0.7,1,1,0.4678232633265963,1,0,0,0,0,,0,,0,0,0,0,liver_without_reference
blurry,20260501_135548_PACIENTE 003_202605020018-converted.mp4,35,0.8,1,1,0.4543665612124162,1,0,0,0,0,,0,,0,0,0,0,liver_without_reference
blurry,20260501_135548_PACIENTE 003_202605020018-converted.mp4,35,0.9,1,1,0.43552400560825577,1,0,0,0,0,,0,,0,0,0,0,liver_without_reference
blurry,20260501_135548_PACIENTE 003_202605020018-converted.mp4,36,0.1,1,1,0.510523484378233,1,0,0,0,0,,0,,0,0,0,0,liver_without_reference
blurry,20260501_135548_PACIENTE 003_202605020018-converted.mp4,36,0.2,1,1,0.5020488825597954,1,0,0,0,0,,0,,0,0,0,0,liver_without_reference
blurry,20260501_135548_PACIENTE 003_202605020018-converted.mp4,36,0.3,1,1,0.4965030889381047,1,0,0,0,0,,0,,0,0,0,0,liver_without_reference
blurry,20260501_135548_PACIENTE 003_202605020018-converted.mp4,36,0.4,1,1,0.49130092181461144,1,0,0,0,0,,0,,0,0,0,0,liver_without_reference
blurry,20260501_135548_PACIENTE 003_202605020018-converted.mp4,36,0.5,1,1,0.4859364500335989,1,0,0,0,0,,0,,0,0,0,0,liver_without_reference
blurry,20260501_135548_PACIENTE 003_202605020018-converted.mp4,36,0.6,1,1,0.47827794700796844,1,0,0,0,0,,0,,0,0,0,0,liver_without_reference
blurry,20260501_135548_PACIENTE 003_202605020018-converted.mp4,36,0.7,1,1,0.4677438929971918,1,0,0,0,0,,0,,0,0,0,0,liver_without_reference
blurry,20260501_135548_PACIENTE 003_202605020018-converted.mp4,36,0.8,1,1,0.45445199731453506,1,0,0,0,0,,0,,0,0,0,0,liver_without_reference
blurry,20260501_135548_PACIENTE 003_202605020018-converted.mp4,36,0.9,1,1,0.43518612093649994,1,0,0,0,0,,0,,0,0,0,0,liver_without_reference
blurry,20260501_135548_PACIENTE 003_202605020018-converted.mp4,37,0.1,1,1,0.5086257194996296,1,0,0,0,0,,0,,0,0,0,0,liver_without_reference
blurry,20260501_135548_PACIENTE 003_202605020018-converted.mp4,37,0.2,1,1,0.500170219125987,1,0,0,0,0,,0,,0,0,0,0,liver_without_reference
blurry,20260501_135548_PACIENTE 003_202605020018-converted.mp4,37,0.3,1,1,0.49462374543653187,1,0,0,0,0,,0,,0,0,0,0,liver_without_reference
blurry,20260501_135548_PACIENTE 003_202605020018-converted.mp4,37,0.4,1,1,0.489566352163236,1,0,0,0,0,,0,,0,0,0,0,liver_without_reference
blurry,20260501_135548_PACIENTE 003_202605020018-converted.mp4,37,0.5,1,1,0.4833453671281244,1,0,0,0,0,,0,,0,0,0,0,liver_without_reference
blurry,20260501_135548_PACIENTE 003_202605020018-converted.mp4,37,0.6,1,1,0.47489481183121424,1,0,0,0,0,,0,,0,0,0,0,liver_without_reference
blurry,20260501_135548_PACIENTE 003_202605020018-converted.mp4,37,0.7,1,1,0.4636454183266932,1,0,0,0,0,,0,,0,0,0,0,liver_without_reference
blurry,20260501_135548_PACIENTE 003_202605020018-converted.mp4,37,0.8,1,1,0.45036463884389766,1,0,0,0,0,,0,,0,0,0,0,liver_without_reference
blurry,20260501_135548_PACIENTE 003_202605020018-converted.mp4,37,0.9,1,1,0.4326876921133521,1,0,0,0,0,,0,,0,0,0,0,liver_without_reference
blurry,20260501_135548_PACIENTE 003_202605020018-converted.mp4,38,0.1,1,1,0.5076713643773947,1,0,0,0,0,,0,,0,0,0,0,liver_without_reference
blurry,20260501_135548_PACIENTE 003_202605020018-converted.mp4,38,0.2,1,1,0.49902233071376084,1,0,0,0,0,,0,,0,0,0,0,liver_without_reference
blurry,20260501_135548_PACIENTE 003_202605020018-converted.mp4,38,0.3,1,1,0.4933172386522092,1,0,0,0,0,,0,,0,0,0,0,liver_without_reference
blurry,20260501_135548_PACIENTE 003_202605020018-converted.mp4,38,0.4,1,1,0.4861492669220732,1,0,0,0,0,,0,,0,0,0,0,liver_without_reference
blurry,20260501_135548_PACIENTE 003_202605020018-converted.mp4,38,0.5,1,1,0.47883932409366536,1,0,0,0,0,,0,,0,0,0,0,liver_without_reference
blurry,20260501_135548_PACIENTE 003_202605020018-converted.mp4,38,0.6,1,1,0.470223024408179,1,0,0,0,0,,0,,0,0,0,0,liver_without_reference
blurry,20260501_135548_PACIENTE 003_202605020018-converted.mp4,38,0.7,1,1,0.4587819319204134,1,0,0,0,0,,0,,0,0,0,0,liver_without_reference
blurry,20260501_135548_PACIENTE 003_202605020018-converted.mp4,38,0.8,1,1,0.4474043056680247,1,0,0,0,0,,0,,0,0,0,0,liver_without_reference
blurry,20260501_135548_PACIENTE 003_202605020018-converted.mp4,38,0.9,1,1,0.43090752163021284,1,0,0,0,0,,0,,0,0,0,0,liver_without_reference
blurry,20260501_135548_PACIENTE 003_202605020018-converted.mp4,39,0.1,1,1,0.5084184000695154,1,0,0,0,0,,0,,0,0,0,0,liver_without_reference
blurry,20260501_135548_PACIENTE 003_202605020018-converted.mp4,39,0.2,1,1,0.49967203859150955,1,0,0,0,0,,0,,0,0,0,0,liver_without_reference
blurry,20260501_135548_PACIENTE 003_202605020018-converted.mp4,39,0.3,1,1,0.4922183604237341,1,0,0,0,0,,0,,0,0,0,0,liver_without_reference
blurry,20260501_135548_PACIENTE 003_202605020018-converted.mp4,39,0.4,1,1,0.4842235589850052,1,0,0,0,0,,0,,0,0,0,0,liver_without_reference
blurry,20260501_135548_PACIENTE 003_202605020018-converted.mp4,39,0.5,1,1,0.47712873849133147,1,0,0,0,0,,0,,0,0,0,0,liver_without_reference
blurry,20260501_135548_PACIENTE 003_202605020018-converted.mp4,39,0.6,1,1,0.4677941600411112,1,0,0,0,0,,0,,0,0,0,0,liver_without_reference
blurry,20260501_135548_PACIENTE 003_202605020018-converted.mp4,39,0.7,1,1,0.4576686808496393,1,0,0,0,0,,0,,0,0,0,0,liver_without_reference
blurry,20260501_135548_PACIENTE 003_202605020018-converted.mp4,39,0.8,1,1,0.4471181078574935,1,0,0,0,0,,0,,0,0,0,0,liver_without_reference
blurry,20260501_135548_PACIENTE 003_202605020018-converted.mp4,39,0.9,1,1,0.4312931299445495,1,0,0,0,0,,0,,0,0,0,0,liver_without_reference
blurry,20260501_135548_PACIENTE 003_202605020018-converted.mp4,40,0.1,1,1,0.5090496052435572,1,0,0,0,0,,0,,0,0,0,0,liver_without_reference
blurry,20260501_135548_PACIENTE 003_202605020018-converted.mp4,40,0.2,1,1,0.5003736300232481,1,0,0,0,0,,0,,0,0,0,0,liver_without_reference
blurry,20260501_135548_PACIENTE 003_202605020018-converted.mp4,40,0.3,1,1,0.4932003513255881,1,0,0,0,0,,0,,0,0,0,0,liver_without_reference
blurry,20260501_135548_PACIENTE 003_202605020018-converted.mp4,40,0.4,1,1,0.4850704577670308,1,0,0,0,0,,0,,0,0,0,0,liver_without_reference
blurry,20260501_135548_PACIENTE 003_202605020018-converted.mp4,40,0.5,1,1,0.4779970284302432,1,0,0,0,0,,0,,0,0,0,0,liver_without_reference
blurry,20260501_135548_PACIENTE 003_202605020018-converted.mp4,40,0.6,1,1,0.4688236375486739,1,0,0,0,0,,0,,0,0,0,0,liver_without_reference
blurry,20260501_135548_PACIENTE 003_202605020018-converted.mp4,40,0.7,1,1,0.4586836169776502,1,0,0,0,0,,0,,0,0,0,0,liver_without_reference
blurry,20260501_135548_PACIENTE 003_202605020018-converted.mp4,40,0.8,1,1,0.4477316974925313,1,0,0,0,0,,0,,0,0,0,0,liver_without_reference
blurry,20260501_135548_PACIENTE 003_202605020018-converted.mp4,40,0.9,1,1,0.43153617818572243,1,0,0,0,0,,0,,0,0,0,0,liver_without_reference
blurry,20260501_135548_PACIENTE 003_202605020018-converted.mp4,41,0.1,1,1,0.5096635647816751,1,0,0,0,0,,0,,0,0,0,0,liver_without_reference
blurry,20260501_135548_PACIENTE 003_202605020018-converted.mp4,41,0.2,1,1,0.5006849656271795,1,0,0,0,0,,0,,0,0,0,0,liver_without_reference
blurry,20260501_135548_PACIENTE 003_202605020018-converted.mp4,41,0.3,1,1,0.4945992632520968,1,0,0,0,0,,0,,0,0,0,0,liver_without_reference
blurry,20260501_135548_PACIENTE 003_202605020018-converted.mp4,41,0.4,1,1,0.48551120375195417,1,0,0,0,0,,0,,0,0,0,0,liver_without_reference
blurry,20260501_135548_PACIENTE 003_202605020018-converted.mp4,41,0.5,1,1,0.4783835213994792,1,0,0,0,0,,0,,0,0,0,0,liver_without_reference
blurry,20260501_135548_PACIENTE 003_202605020018-converted.mp4,41,0.6,1,1,0.4692260129178887,1,0,0,0,0,,0,,0,0,0,0,liver_without_reference
blurry,20260501_135548_PACIENTE 003_202605020018-converted.mp4,41,0.7,1,1,0.460215242733884,1,0,0,0,0,,0,,0,0,0,0,liver_without_reference
blurry,20260501_135548_PACIENTE 003_202605020018-converted.mp4,41,0.8,1,1,0.44764985504327726,1,0,0,0,0,,0,,0,0,0,0,liver_without_reference
blurry,20260501_135548_PACIENTE 003_202605020018-converted.mp4,41,0.9,1,1,0.4311083043890117,1,0,0,0,0,,0,,0,0,0,0,liver_without_reference
blurry,20260501_135548_PACIENTE 003_202605020018-converted.mp4,42,0.1,1,1,0.5097489117301421,1,0,0,0,0,,0,,0,0,0,0,liver_without_reference
blurry,20260501_135548_PACIENTE 003_202605020018-converted.mp4,42,0.2,1,1,0.5007617932654984,1,0,0,0,0,,0,,0,0,0,0,liver_without_reference
blurry,20260501_135548_PACIENTE 003_202605020018-converted.mp4,42,0.3,1,1,0.49468645284825274,1,0,0,0,0,,0,,0,0,0,0,liver_without_reference
blurry,20260501_135548_PACIENTE 003_202605020018-converted.mp4,42,0.4,1,1,0.484966606355215,1,0,0,0,0,,0,,0,0,0,0,liver_without_reference
blurry,20260501_135548_PACIENTE 003_202605020018-converted.mp4,42,0.5,1,1,0.47701180604532956,1,0,0,0,0,,0,,0,0,0,0,liver_without_reference
blurry,20260501_135548_PACIENTE 003_202605020018-converted.mp4,42,0.6,1,1,0.46851615868307256,1,0,0,0,0,,0,,0,0,0,0,liver_without_reference
blurry,20260501_135548_PACIENTE 003_202605020018-converted.mp4,42,0.7,1,1,0.45940313995916043,1,0,0,0,0,,0,,0,0,0,0,liver_without_reference
blurry,20260501_135548_PACIENTE 003_202605020018-converted.mp4,42,0.8,1,1,0.44837178857797416,1,0,0,0,0,,0,,0,0,0,0,liver_without_reference
blurry,20260501_135548_PACIENTE 003_202605020018-converted.mp4,42,0.9,1,1,0.43160336646752473,1,0,0,0,0,,0,,0,0,0,0,liver_without_reference
blurry,20260501_135548_PACIENTE 003_202605020018-converted.mp4,43,0.1,1,1,0.5095749611043067,1,0,0,0,0,,0,,0,0,0,0,liver_without_reference
blurry,20260501_135548_PACIENTE 003_202605020018-converted.mp4,43,0.2,1,1,0.5006974485009009,1,0,0,0,0,,0,,0,0,0,0,liver_without_reference
blurry,20260501_135548_PACIENTE 003_202605020018-converted.mp4,43,0.3,1,1,0.4948258781021837,1,0,0,0,0,,0,,0,0,0,0,liver_without_reference
blurry,20260501_135548_PACIENTE 003_202605020018-converted.mp4,43,0.4,1,1,0.48670382397938977,1,0,0,0,0,,0,,0,0,0,0,liver_without_reference
blurry,20260501_135548_PACIENTE 003_202605020018-converted.mp4,43,0.5,1,1,0.47759387702297784,1,0,0,0,0,,0,,0,0,0,0,liver_without_reference
blurry,20260501_135548_PACIENTE 003_202605020018-converted.mp4,43,0.6,1,1,0.4693996924928137,1,0,0,0,0,,0,,0,0,0,0,liver_without_reference
blurry,20260501_135548_PACIENTE 003_202605020018-converted.mp4,43,0.7,1,1,0.46046172966594273,1,0,0,0,0,,0,,0,0,0,0,liver_without_reference
blurry,20260501_135548_PACIENTE 003_202605020018-converted.mp4,43,0.8,1,1,0.45009293719291915,1,0,0,0,0,,0,,0,0,0,0,liver_without_reference
blurry,20260501_135548_PACIENTE 003_202605020018-converted.mp4,43,0.9,1,1,0.43178995322282526,1,0,0,0,0,,0,,0,0,0,0,liver_without_reference
blurry,20260501_135548_PACIENTE 003_202605020018-converted.mp4,44,0.1,1,1,0.5119382051526047,1,0,0,0,0,,0,,0,0,0,0,liver_without_reference
blurry,20260501_135548_PACIENTE 003_202605020018-converted.mp4,44,0.2,1,1,0.5034207052298598,1,0,0,0,0,,0,,0,0,0,0,liver_without_reference
blurry,20260501_135548_PACIENTE 003_202605020018-converted.mp4,44,0.3,1,1,0.49758373673760753,1,0,0,0,0,,0,,0,0,0,0,liver_without_reference
blurry,20260501_135548_PACIENTE 003_202605020018-converted.mp4,44,0.4,1,1,0.4926134658351953,1,0,0,0,0,,0,,0,0,0,0,liver_without_reference
blurry,20260501_135548_PACIENTE 003_202605020018-converted.mp4,44,0.5,1,1,0.487878876401681,1,0,0,0,0,,0,,0,0,0,0,liver_without_reference
blurry,20260501_135548_PACIENTE 003_202605020018-converted.mp4,44,0.6,1,1,0.4804936538574019,1,0,0,0,0,,0,,0,0,0,0,liver_without_reference
blurry,20260501_135548_PACIENTE 003_202605020018-converted.mp4,44,0.7,1,1,0.46682315726049406,1,0,0,0,0,,0,,0,0,0,0,liver_without_reference
blurry,20260501_135548_PACIENTE 003_202605020018-converted.mp4,44,0.8,1,1,0.45608867854865237,1,0,0,0,0,,0,,0,0,0,0,liver_without_reference
blurry,20260501_135548_PACIENTE 003_202605020018-converted.mp4,44,0.9,1,1,0.4358033007746716,1,0,0,0,0,,0,,0,0,0,0,liver_without_reference
blurry,20260501_135548_PACIENTE 003_202605020018-converted.mp4,45,0.1,1,1,0.5126110212507188,1,0,0,0,0,,0,,0,0,0,0,liver_without_reference
blurry,20260501_135548_PACIENTE 003_202605020018-converted.mp4,45,0.2,1,1,0.5044203343682034,1,0,0,0,0,,0,,0,0,0,0,liver_without_reference
blurry,20260501_135548_PACIENTE 003_202605020018-converted.mp4,45,0.3,1,1,0.49910522548317826,1,0,0,0,0,,0,,0,0,0,0,liver_without_reference
blurry,20260501_135548_PACIENTE 003_202605020018-converted.mp4,45,0.4,1,1,0.49434427800978603,1,0,0,0,0,,0,,0,0,0,0,liver_without_reference
blurry,20260501_135548_PACIENTE 003_202605020018-converted.mp4,45,0.5,1,1,0.4897461895046043,1,0,0,0,0,,0,,0,0,0,0,liver_without_reference
blurry,20260501_135548_PACIENTE 003_202605020018-converted.mp4,45,0.6,1,1,0.48481582662890466,1,0,0,0,0,,0,,0,0,0,0,liver_without_reference
blurry,20260501_135548_PACIENTE 003_202605020018-converted.mp4,45,0.7,1,1,0.4790544158495365,1,0,0,0,0,,0,,0,0,0,0,liver_without_reference
blurry,20260501_135548_PACIENTE 003_202605020018-converted.mp4,45,0.8,1,1,0.4622622118752491,1,0,0,0,0,,0,,0,0,0,0,liver_without_reference
blurry,20260501_135548_PACIENTE 003_202605020018-converted.mp4,45,0.9,1,1,0.44118984081017604,1,0,0,0,0,,0,,0,0,0,0,liver_without_reference
blurry,20260501_135548_PACIENTE 003_202605020018-converted.mp4,46,0.1,1,1,0.5133115714480756,1,0,0,0,0,,0,,0,0,0,0,liver_without_reference
blurry,20260501_135548_PACIENTE 003_202605020018-converted.mp4,46,0.2,1,1,0.5053217986184909,1,0,0,0,0,,0,,0,0,0,0,liver_without_reference
blurry,20260501_135548_PACIENTE 003_202605020018-converted.mp4,46,0.3,1,1,0.500249731538596,1,0,0,0,0,,0,,0,0,0,0,liver_without_reference
blurry,20260501_135548_PACIENTE 003_202605020018-converted.mp4,46,0.4,1,1,0.4957004530884627,1,0,0,0,0,,0,,0,0,0,0,liver_without_reference
blurry,20260501_135548_PACIENTE 003_202605020018-converted.mp4,46,0.5,1,1,0.49117455601548937,1,0,0,0,0,,0,,0,0,0,0,liver_without_reference
blurry,20260501_135548_PACIENTE 003_202605020018-converted.mp4,46,0.6,1,1,0.4863730167350383,1,0,0,0,0,,0,,0,0,0,0,liver_without_reference
blurry,20260501_135548_PACIENTE 003_202605020018-converted.mp4,46,0.7,1,1,0.4810003179863099,1,0,0,0,0,,0,,0,0,0,0,liver_without_reference
blurry,20260501_135548_PACIENTE 003_202605020018-converted.mp4,46,0.8,1,1,0.47261750935543956,1,0,0,0,0,,0,,0,0,0,0,liver_without_reference
blurry,20260501_135548_PACIENTE 003_202605020018-converted.mp4,46,0.9,1,1,0.44600061461003837,1,0,0,0,0,,0,,0,0,0,0,liver_without_reference
blurry,20260501_135548_PACIENTE 003_202605020018-converted.mp4,47,0.1,1,1,0.5143668172865253,1,0,0,0,0,,0,,0,0,0,0,liver_without_reference
blurry,20260501_135548_PACIENTE 003_202605020018-converted.mp4,47,0.2,1,1,0.5064599161373355,1,0,0,0,0,,0,,0,0,0,0,liver_without_reference
blurry,20260501_135548_PACIENTE 003_202605020018-converted.mp4,47,0.3,1,1,0.5015631569526141,1,0,0,0,0,,0,,0,0,0,0,liver_without_reference
blurry,20260501_135548_PACIENTE 003_202605020018-converted.mp4,47,0.4,1,1,0.49696727154487813,1,0,0,0,0,,0,,0,0,0,0,liver_without_reference
blurry,20260501_135548_PACIENTE 003_202605020018-converted.mp4,47,0.5,1,1,0.49260053753568267,1,0,0,0,0,,0,,0,0,0,0,liver_without_reference
blurry,20260501_135548_PACIENTE 003_202605020018-converted.mp4,47,0.6,1,1,0.4880086905657224,1,0,0,0,0,,0,,0,0,0,0,liver_without_reference
blurry,20260501_135548_PACIENTE 003_202605020018-converted.mp4,47,0.7,1,1,0.4828019081094652,1,0,0,0,0,,0,,0,0,0,0,liver_without_reference
blurry,20260501_135548_PACIENTE 003_202605020018-converted.mp4,47,0.8,1,1,0.4751872443092416,1,0,0,0,0,,0,,0,0,0,0,liver_without_reference
blurry,20260501_135548_PACIENTE 003_202605020018-converted.mp4,47,0.9,1,1,0.4546124404734336,1,0,0,0,0,,0,,0,0,0,0,liver_without_reference
blurry,20260501_135548_PACIENTE 003_202605020018-converted.mp4,48,0.1,1,1,0.5148203797295452,1,0,0,0,0,,0,,0,0,0,0,liver_without_reference
blurry,20260501_135548_PACIENTE 003_202605020018-converted.mp4,48,0.2,1,1,0.5070620237131169,1,0,0,0,0,,0,,0,0,0,0,liver_without_reference
blurry,20260501_135548_PACIENTE 003_202605020018-converted.mp4,48,0.3,1,1,0.5022487069934788,1,0,0,0,0,,0,,0,0,0,0,liver_without_reference
blurry,20260501_135548_PACIENTE 003_202605020018-converted.mp4,48,0.4,1,1,0.4977022518765638,1,0,0,0,0,,0,,0,0,0,0,liver_without_reference
blurry,20260501_135548_PACIENTE 003_202605020018-converted.mp4,48,0.5,1,1,0.4933368402595125,1,0,0,0,0,,0,,0,0,0,0,liver_without_reference
blurry,20260501_135548_PACIENTE 003_202605020018-converted.mp4,48,0.6,1,1,0.48881049314083647,1,0,0,0,0,,0,,0,0,0,0,liver_without_reference
blurry,20260501_135548_PACIENTE 003_202605020018-converted.mp4,48,0.7,1,1,0.4835849759519793,1,0,0,0,0,,0,,0,0,0,0,liver_without_reference
blurry,20260501_135548_PACIENTE 003_202605020018-converted.mp4,48,0.8,1,1,0.4760811440420075,1,0,0,0,0,,0,,0,0,0,0,liver_without_reference
blurry,20260501_135548_PACIENTE 003_202605020018-converted.mp4,48,0.9,1,1,0.4598161072525177,1,0,0,0,0,,0,,0,0,0,0,liver_without_reference
blurry,20260501_135548_PACIENTE 003_202605020018-converted.mp4,49,0.1,1,1,0.5138840594108589,1,0,0,0,0,,0,,0,0,0,0,liver_without_reference
blurry,20260501_135548_PACIENTE 003_202605020018-converted.mp4,49,0.2,1,1,0.5063527203100144,1,0,0,0,0,,0,,0,0,0,0,liver_without_reference
blurry,20260501_135548_PACIENTE 003_202605020018-converted.mp4,49,0.3,1,1,0.5013222720590379,1,0,0,0,0,,0,,0,0,0,0,liver_without_reference
blurry,20260501_135548_PACIENTE 003_202605020018-converted.mp4,49,0.4,1,1,0.4968615887659475,1,0,0,0,0,,0,,0,0,0,0,liver_without_reference
blurry,20260501_135548_PACIENTE 003_202605020018-converted.mp4,49,0.5,1,1,0.49252210800564494,1,0,0,0,0,,0,,0,0,0,0,liver_without_reference
blurry,20260501_135548_PACIENTE 003_202605020018-converted.mp4,49,0.6,1,1,0.4879109119486339,1,0,0,0,0,,0,,0,0,0,0,liver_without_reference
blurry,20260501_135548_PACIENTE 003_202605020018-converted.mp4,49,0.7,1,1,0.4828387453318373,1,0,0,0,0,,0,,0,0,0,0,liver_without_reference
blurry,20260501_135548_PACIENTE 003_202605020018-converted.mp4,49,0.8,1,1,0.47498530769876585,1,0,0,0,0,,0,,0,0,0,0,liver_without_reference
blurry,20260501_135548_PACIENTE 003_202605020018-converted.mp4,49,0.9,1,1,0.4580151063892528,1,0,0,0,0,,0,,0,0,0,0,liver_without_reference
blurry,20260501_135548_PACIENTE 003_202605020018-converted.mp4,50,0.1,1,1,0.5142212563386112,1,0,0,0,0,,0,,0,0,0,0,liver_without_reference
blurry,20260501_135548_PACIENTE 003_202605020018-converted.mp4,50,0.2,1,1,0.506640917019686,1,0,0,0,0,,0,,0,0,0,0,liver_without_reference
blurry,20260501_135548_PACIENTE 003_202605020018-converted.mp4,50,0.3,1,1,0.5015803742092924,1,0,0,0,0,,0,,0,0,0,0,liver_without_reference
blurry,20260501_135548_PACIENTE 003_202605020018-converted.mp4,50,0.4,1,1,0.49718904310689976,1,0,0,0,0,,0,,0,0,0,0,liver_without_reference
blurry,20260501_135548_PACIENTE 003_202605020018-converted.mp4,50,0.5,1,1,0.4927478143240061,1,0,0,0,0,,0,,0,0,0,0,liver_without_reference
blurry,20260501_135548_PACIENTE 003_202605020018-converted.mp4,50,0.6,1,1,0.488109719139402,1,0,0,0,0,,0,,0,0,0,0,liver_without_reference
blurry,20260501_135548_PACIENTE 003_202605020018-converted.mp4,50,0.7,1,1,0.4829353250494022,1,0,0,0,0,,0,,0,0,0,0,liver_without_reference
blurry,20260501_135548_PACIENTE 003_202605020018-converted.mp4,50,0.8,1,1,0.4751191050853149,1,0,0,0,0,,0,,0,0,0,0,liver_without_reference
blurry,20260501_135548_PACIENTE 003_202605020018-converted.mp4,50,0.9,1,1,0.45969216252874917,1,0,0,0,0,,0,,0,0,0,0,liver_without_reference
blurry,20260501_135548_PACIENTE 003_202605020018-converted.mp4,51,0.1,1,1,0.514840541793615,1,0,0,0,0,,0,,0,0,0,0,liver_without_reference
blurry,20260501_135548_PACIENTE 003_202605020018-converted.mp4,51,0.2,1,1,0.5072309673132035,1,0,0,0,0,,0,,0,0,0,0,liver_without_reference
blurry,20260501_135548_PACIENTE 003_202605020018-converted.mp4,51,0.3,1,1,0.5022363073027718,1,0,0,0,0,,0,,0,0,0,0,liver_without_reference
blurry,20260501_135548_PACIENTE 003_202605020018-converted.mp4,51,0.4,1,1,0.4977353485811521,1,0,0,0,0,,0,,0,0,0,0,liver_without_reference
blurry,20260501_135548_PACIENTE 003_202605020018-converted.mp4,51,0.5,1,1,0.4932528913197779,1,0,0,0,0,,0,,0,0,0,0,liver_without_reference
blurry,20260501_135548_PACIENTE 003_202605020018-converted.mp4,51,0.6,1,1,0.48850284032721236,1,0,0,0,0,,0,,0,0,0,0,liver_without_reference
blurry,20260501_135548_PACIENTE 003_202605020018-converted.mp4,51,0.7,1,1,0.48340192503338875,1,0,0,0,0,,0,,0,0,0,0,liver_without_reference
blurry,20260501_135548_PACIENTE 003_202605020018-converted.mp4,51,0.8,1,1,0.4755552384030626,1,0,0,0,0,,0,,0,0,0,0,liver_without_reference
blurry,20260501_135548_PACIENTE 003_202605020018-converted.mp4,51,0.9,1,1,0.4602546767256812,1,0,0,0,0,,0,,0,0,0,0,liver_without_reference
blurry,20260501_135548_PACIENTE 003_202605020018-converted.mp4,52,0.1,1,1,0.5151379660104742,1,0,0,0,0,,0,,0,0,0,0,liver_without_reference
blurry,20260501_135548_PACIENTE 003_202605020018-converted.mp4,52,0.2,1,1,0.5074666544818619,1,0,0,0,0,,0,,0,0,0,0,liver_without_reference
blurry,20260501_135548_PACIENTE 003_202605020018-converted.mp4,52,0.3,1,1,0.5025762138611551,1,0,0,0,0,,0,,0,0,0,0,liver_without_reference
blurry,20260501_135548_PACIENTE 003_202605020018-converted.mp4,52,0.4,1,1,0.497964495461826,1,0,0,0,0,,0,,0,0,0,0,liver_without_reference
blurry,20260501_135548_PACIENTE 003_202605020018-converted.mp4,52,0.5,1,1,0.4934399532320027,1,0,0,0,0,,0,,0,0,0,0,liver_without_reference
blurry,20260501_135548_PACIENTE 003_202605020018-converted.mp4,52,0.6,1,1,0.4887081939799331,1,0,0,0,0,,0,,0,0,0,0,liver_without_reference
blurry,20260501_135548_PACIENTE 003_202605020018-converted.mp4,52,0.7,1,1,0.48359622639929317,1,0,0,0,0,,0,,0,0,0,0,liver_without_reference
blurry,20260501_135548_PACIENTE 003_202605020018-converted.mp4,52,0.8,1,1,0.4759675733315421,1,0,0,0,0,,0,,0,0,0,0,liver_without_reference
blurry,20260501_135548_PACIENTE 003_202605020018-converted.mp4,52,0.9,1,1,0.4612386770591953,1,0,0,0,0,,0,,0,0,0,0,liver_without_reference
blurry,20260501_135548_PACIENTE 003_202605020018-converted.mp4,53,0.1,1,1,0.5150377340525503,1,0,0,0,0,,0,,0,0,0,0,liver_without_reference
blurry,20260501_135548_PACIENTE 003_202605020018-converted.mp4,53,0.2,1,1,0.507461570730208,1,0,0,0,0,,0,,0,0,0,0,liver_without_reference
blurry,20260501_135548_PACIENTE 003_202605020018-converted.mp4,53,0.3,1,1,0.5024820716135964,1,0,0,0,0,,0,,0,0,0,0,liver_without_reference
blurry,20260501_135548_PACIENTE 003_202605020018-converted.mp4,53,0.4,1,1,0.49794789659400884,1,0,0,0,0,,0,,0,0,0,0,liver_without_reference
blurry,20260501_135548_PACIENTE 003_202605020018-converted.mp4,53,0.5,1,1,0.49344055581999313,1,0,0,0,0,,0,,0,0,0,0,liver_without_reference
blurry,20260501_135548_PACIENTE 003_202605020018-converted.mp4,53,0.6,1,1,0.48875948901448013,1,0,0,0,0,,0,,0,0,0,0,liver_without_reference
blurry,20260501_135548_PACIENTE 003_202605020018-converted.mp4,53,0.7,1,1,0.4836876878888619,1,0,0,0,0,,0,,0,0,0,0,liver_without_reference
blurry,20260501_135548_PACIENTE 003_202605020018-converted.mp4,53,0.8,1,1,0.4761476978876314,1,0,0,0,0,,0,,0,0,0,0,liver_without_reference
blurry,20260501_135548_PACIENTE 003_202605020018-converted.mp4,53,0.9,1,1,0.46143120131771287,1,0,0,0,0,,0,,0,0,0,0,liver_without_reference
blurry,20260501_135548_PACIENTE 003_202605020018-converted.mp4,54,0.1,1,1,0.5155916893998038,1,0,0,0,0,,0,,0,0,0,0,liver_without_reference
blurry,20260501_135548_PACIENTE 003_202605020018-converted.mp4,54,0.2,1,1,0.5080967035887979,1,0,0,0,0,,0,,0,0,0,0,liver_without_reference
blurry,20260501_135548_PACIENTE 003_202605020018-converted.mp4,54,0.3,1,1,0.5031797263811091,1,0,0,0,0,,0,,0,0,0,0,liver_without_reference
blurry,20260501_135548_PACIENTE 003_202605020018-converted.mp4,54,0.4,1,1,0.4985319019377226,1,0,0,0,0,,0,,0,0,0,0,liver_without_reference
blurry,20260501_135548_PACIENTE 003_202605020018-converted.mp4,54,0.5,1,1,0.4939023117357014,1,0,0,0,0,,0,,0,0,0,0,liver_without_reference
blurry,20260501_135548_PACIENTE 003_202605020018-converted.mp4,54,0.6,1,1,0.4891942280038792,1,0,0,0,0,,0,,0,0,0,0,liver_without_reference
blurry,20260501_135548_PACIENTE 003_202605020018-converted.mp4,54,0.7,1,1,0.48398805960151225,1,0,0,0,0,,0,,0,0,0,0,liver_without_reference
blurry,20260501_135548_PACIENTE 003_202605020018-converted.mp4,54,0.8,1,1,0.477137160247665,1,0,0,0,0,,0,,0,0,0,0,liver_without_reference
blurry,20260501_135548_PACIENTE 003_202605020018-converted.mp4,54,0.9,1,1,0.4614153260288053,1,0,0,0,0,,0,,0,0,0,0,liver_without_reference
blurry,20260501_135548_PACIENTE 003_202605020018-converted.mp4,55,0.1,1,1,0.5162297464606772,1,0,0,0,0,,0,,0,0,0,0,liver_without_reference
blurry,20260501_135548_PACIENTE 003_202605020018-converted.mp4,55,0.2,1,1,0.5086575770416345,1,0,0,0,0,,0,,0,0,0,0,liver_without_reference
blurry,20260501_135548_PACIENTE 003_202605020018-converted.mp4,55,0.3,1,1,0.5037511611728783,1,0,0,0,0,,0,,0,0,0,0,liver_without_reference
blurry,20260501_135548_PACIENTE 003_202605020018-converted.mp4,55,0.4,1,1,0.49904466304556416,1,0,0,0,0,,0,,0,0,0,0,liver_without_reference
blurry,20260501_135548_PACIENTE 003_202605020018-converted.mp4,55,0.5,1,1,0.49451224096023255,1,0,0,0,0,,0,,0,0,0,0,liver_without_reference
blurry,20260501_135548_PACIENTE 003_202605020018-converted.mp4,55,0.6,1,1,0.48979131038346874,1,0,0,0,0,,0,,0,0,0,0,liver_without_reference
blurry,20260501_135548_PACIENTE 003_202605020018-converted.mp4,55,0.7,1,1,0.48469214695203916,1,0,0,0,0,,0,,0,0,0,0,liver_without_reference
blurry,20260501_135548_PACIENTE 003_202605020018-converted.mp4,55,0.8,1,1,0.47802864569117914,1,0,0,0,0,,0,,0,0,0,0,liver_without_reference
blurry,20260501_135548_PACIENTE 003_202605020018-converted.mp4,55,0.9,1,1,0.46307571090896066,1,0,0,0,0,,0,,0,0,0,0,liver_without_reference
blurry,20260501_135548_PACIENTE 003_202605020018-converted.mp4,56,0.1,1,1,0.5159599572745113,1,0,0,0,0,,0,,0,0,0,0,liver_without_reference
blurry,20260501_135548_PACIENTE 003_202605020018-converted.mp4,56,0.2,1,1,0.5083718592547363,1,0,0,0,0,,0,,0,0,0,0,liver_without_reference
blurry,20260501_135548_PACIENTE 003_202605020018-converted.mp4,56,0.3,1,1,0.5034090956421053,1,0,0,0,0,,0,,0,0,0,0,liver_without_reference
blurry,20260501_135548_PACIENTE 003_202605020018-converted.mp4,56,0.4,1,1,0.4988383587698699,1,0,0,0,0,,0,,0,0,0,0,liver_without_reference
blurry,20260501_135548_PACIENTE 003_202605020018-converted.mp4,56,0.5,1,1,0.4943291908866172,1,0,0,0,0,,0,,0,0,0,0,liver_without_reference
blurry,20260501_135548_PACIENTE 003_202605020018-converted.mp4,56,0.6,1,1,0.48957989306064775,1,0,0,0,0,,0,,0,0,0,0,liver_without_reference
blurry,20260501_135548_PACIENTE 003_202605020018-converted.mp4,56,0.7,1,1,0.48439030926281057,1,0,0,0,0,,0,,0,0,0,0,liver_without_reference
blurry,20260501_135548_PACIENTE 003_202605020018-converted.mp4,56,0.8,1,1,0.47788595154430996,1,0,0,0,0,,0,,0,0,0,0,liver_without_reference
blurry,20260501_135548_PACIENTE 003_202605020018-converted.mp4,56,0.9,1,1,0.4627637837405156,1,0,0,0,0,,0,,0,0,0,0,liver_without_reference
blurry,20260501_135548_PACIENTE 003_202605020018-converted.mp4,57,0.1,1,1,0.5161107385606305,1,50,41,0,0,13.767898415146005,1,4.27029357837587,1,1,0,0,liver_without_reference
blurry,20260501_135548_PACIENTE 003_202605020018-converted.mp4,57,0.2,1,1,0.508698487057133,1,30,28,0,0,12.144957801491119,1,4.228709157295558,1,1,0,0,liver_without_reference
blurry,20260501_135548_PACIENTE 003_202605020018-converted.mp4,57,0.3,1,1,0.5037665998992242,1,25,25,0,0,12.213173215835432,1,4.24270674399331,1,1,0,0,liver_without_reference
blurry,20260501_135548_PACIENTE 003_202605020018-converted.mp4,57,0.4,1,1,0.4991159004470541,1,20,20,0,0,10.049378090210359,1,4.250601739741413,1,1,0,0,liver_without_reference
blurry,20260501_135548_PACIENTE 003_202605020018-converted.mp4,57,0.5,1,1,0.4945580247738251,1,15,15,0,0,9.620810776644554,1,4.298486747479817,1,1,0,0,liver_without_reference
blurry,20260501_135548_PACIENTE 003_202605020018-converted.mp4,57,0.6,1,1,0.49016108403621256,1,11,11,0,0,7.97102189701199,1,4.307828815845312,1,1,0,0,liver_without_reference
blurry,20260501_135548_PACIENTE 003_202605020018-converted.mp4,57,0.7,1,1,0.48488400324841135,1,8,8,0,0,6.744210480108105,1,4.298999787271069,1,1,0,0,liver_without_reference
blurry,20260501_135548_PACIENTE 003_202605020018-converted.mp4,57,0.8,1,1,0.4781677992352539,1,5,0,0,0,,0,,0,0,0,0,liver_without_reference
blurry,20260501_135548_PACIENTE 003_202605020018-converted.mp4,57,0.9,1,1,0.46399524906602874,1,0,0,0,0,,0,,0,0,0,0,liver_without_reference
blurry,20260501_135548_PACIENTE 003_202605020018-converted.mp4,58,0.1,1,1,0.5165592519465038,1,37,35,0,0,12.8577777621015,1,4.267749373646792,1,1,0,0,liver_without_reference
blurry,20260501_135548_PACIENTE 003_202605020018-converted.mp4,58,0.2,1,1,0.5091157513538656,1,25,25,0,0,12.213173215835432,1,4.24270674399331,1,1,0,0,liver_without_reference
blurry,20260501_135548_PACIENTE 003_202605020018-converted.mp4,58,0.3,1,1,0.5041785513522516,1,20,20,0,0,10.049378090210359,1,4.250601739741413,1,1,0,0,liver_without_reference
blurry,20260501_135548_PACIENTE 003_202605020018-converted.mp4,58,0.4,1,1,0.4994203502919099,1,15,15,0,0,9.620810776644554,1,4.298486747479817,1,1,0,0,liver_without_reference
blurry,20260501_135548_PACIENTE 003_202605020018-converted.mp4,58,0.5,1,1,0.4950798455276067,1,11,11,0,0,7.97102189701199,1,4.307828815845312,1,1,0,0,liver_without_reference
blurry,20260501_135548_PACIENTE 003_202605020018-converted.mp4,58,0.6,1,1,0.49065641261415643,1,8,8,0,0,6.744210480108105,1,4.298999787271069,1,1,0,0,liver_without_reference
blurry,20260501_135548_PACIENTE 003_202605020018-converted.mp4,58,0.7,1,1,0.4853907656243459,1,6,0,0,0,,0,,0,0,0,0,liver_without_reference
blurry,20260501_135548_PACIENTE 003_202605020018-converted.mp4,58,0.8,1,1,0.47865687303252885,1,2,0,0,0,,0,,0,0,0,0,liver_without_reference
blurry,20260501_135548_PACIENTE 003_202605020018-converted.mp4,58,0.9,1,1,0.46438168080392866,1,0,0,0,0,,0,,0,0,0,0,liver_without_reference
blurry,20260501_135548_PACIENTE 003_202605020018-converted.mp4,59,0.1,1,1,0.5168434689392277,1,44,39,0,0,13.698548467329251,1,4.275576946001645,1,1,0,0,liver_without_reference
blurry,20260501_135548_PACIENTE 003_202605020018-converted.mp4,59,0.2,1,1,0.50937849072117,1,26,26,0,0,12.331227497602708,1,4.237419636822586,1,1,0,0,liver_without_reference
blurry,20260501_135548_PACIENTE 003_202605020018-converted.mp4,59,0.3,1,1,0.5045488044034925,1,22,22,0,0,11.19474493008156,1,4.251219520000234,1,1,0,0,liver_without_reference
blurry,20260501_135548_PACIENTE 003_202605020018-converted.mp4,59,0.4,1,1,0.4997998432105149,1,20,20,0,0,10.049378090210359,1,4.250601739741413,1,1,0,0,liver_without_reference
blurry,20260501_135548_PACIENTE 003_202605020018-converted.mp4,59,0.5,1,1,0.495495946769521,1,13,13,0,0,8.598885299988996,1,4.302231271852548,1,1,0,0,liver_without_reference
blurry,20260501_135548_PACIENTE 003_202605020018-converted.mp4,59,0.6,1,1,0.49108568276230996,1,10,10,0,0,7.6870020163910455,1,4.342552748185307,1,1,0,0,liver_without_reference
blurry,20260501_135548_PACIENTE 003_202605020018-converted.mp4,59,0.7,1,1,0.48567482158926817,1,7,0,0,0,,0,,0,0,0,0,liver_without_reference
blurry,20260501_135548_PACIENTE 003_202605020018-converted.mp4,59,0.8,1,1,0.4790716219335614,1,4,0,0,0,,0,,0,0,0,0,liver_without_reference
blurry,20260501_135548_PACIENTE 003_202605020018-converted.mp4,59,0.9,1,1,0.4649186348168862,1,0,0,0,0,,0,,0,0,0,0,liver_without_reference
blurry,20260501_135548_PACIENTE 003_202605020018-converted.mp4,60,0.1,1,1,0.5172734949334393,1,49,42,0,0,14.024759447171292,1,4.267327273553041,1,1,0,0,liver_without_reference
blurry,20260501_135548_PACIENTE 003_202605020018-converted.mp4,60,0.2,1,1,0.5098243617591235,1,32,31,0,0,12.496159659811342,1,4.272766292005647,1,1,0,0,liver_without_reference
blurry,20260501_135548_PACIENTE 003_202605020018-converted.mp4,60,0.3,1,1,0.5049243134070419,1,25,25,0,0,12.213173215835432,1,4.24270674399331,1,1,0,0,liver_without_reference
blurry,20260501_135548_PACIENTE 003_202605020018-converted.mp4,60,0.4,1,1,0.5001980908215139,1,22,22,0,0,11.19474493008156,1,4.251219520000234,1,1,0,0,liver_without_reference
blurry,20260501_135548_PACIENTE 003_202605020018-converted.mp4,60,0.5,1,1,0.495881432000835,1,18,18,0,0,10.0414265377774,1,4.261222758347726,1,1,0,0,liver_without_reference
blurry,20260501_135548_PACIENTE 003_202605020018-converted.mp4,60,0.6,1,1,0.4914525984936511,1,13,13,0,0,8.598885299988996,1,4.302231271852548,1,1,0,0,liver_without_reference
blurry,20260501_135548_PACIENTE 003_202605020018-converted.mp4,60,0.7,1,1,0.4860916340498566,1,10,10,0,0,7.6870020163910455,1,4.342552748185307,1,1,0,0,liver_without_reference
blurry,20260501_135548_PACIENTE 003_202605020018-converted.mp4,60,0.8,1,1,0.47940548095851715,1,6,0,0,0,,0,,0,0,0,0,liver_without_reference
blurry,20260501_135548_PACIENTE 003_202605020018-converted.mp4,60,0.9,1,1,0.46522392900315473,1,0,0,0,0,,0,,0,0,0,0,liver_without_reference
blurry,20260501_135548_PACIENTE 003_202605020018-converted.mp4,61,0.1,1,1,0.5170970946113732,1,51,40,0,0,13.446096087712597,1,4.291706100022869,1,1,0,0,liver_without_reference
blurry,20260501_135548_PACIENTE 003_202605020018-converted.mp4,61,0.2,1,1,0.5097877182200222,1,30,28,0,0,11.899665575818782,1,4.245877829173111,1,1,0,0,liver_without_reference
blurry,20260501_135548_PACIENTE 003_202605020018-converted.mp4,61,0.3,1,1,0.5049526799432076,1,25,25,0,0,11.98999582985749,1,4.259718579610663,1,1,0,0,liver_without_reference
blurry,20260501_135548_PACIENTE 003_202605020018-converted.mp4,61,0.4,1,1,0.5002105544043395,1,20,20,0,0,9.9673216061287,1,4.266324154829226,1,1,0,0,liver_without_reference
blurry,20260501_135548_PACIENTE 003_202605020018-converted.mp4,61,0.5,1,1,0.4958779454427817,1,16,16,0,0,9.615864170733694,1,4.2697845471019145,1,1,0,0,liver_without_reference
blurry,20260501_135548_PACIENTE 003_202605020018-converted.mp4,61,0.6,1,1,0.49141295536408236,1,12,12,0,0,7.58836829188814,1,4.30785266017925,1,1,0,0,liver_without_reference
blurry,20260501_135548_PACIENTE 003_202605020018-converted.mp4,61,0.7,1,1,0.48591732023134937,1,9,9,0,0,7.908426510788553,1,4.206729394097048,1,1,0,0,liver_without_reference
blurry,20260501_135548_PACIENTE 003_202605020018-converted.mp4,61,0.8,1,1,0.4792409758881438,1,5,0,0,0,,0,,0,0,0,0,liver_without_reference
blurry,20260501_135548_PACIENTE 003_202605020018-converted.mp4,61,0.9,1,1,0.46440827841758425,1,0,0,0,0,,0,,0,0,0,0,liver_without_reference
blurry,20260501_135548_PACIENTE 003_202605020018-converted.mp4,62,0.1,1,1,0.5171547528391219,1,32,25,0,0,11.429785649783637,1,4.246166820154959,1,1,0,0,liver_without_reference
blurry,20260501_135548_PACIENTE 003_202605020018-converted.mp4,62,0.2,1,1,0.509766792904126,1,17,17,0,0,8.662051827858807,1,4.36152278731263,1,1,0,0,liver_without_reference
blurry,20260501_135548_PACIENTE 003_202605020018-converted.mp4,62,0.3,1,1,0.5047734038345442,1,13,13,0,0,8.269856863596775,1,4.299236363206372,1,1,0,0,liver_without_reference
blurry,20260501_135548_PACIENTE 003_202605020018-converted.mp4,62,0.4,1,1,0.50005003460727,1,9,9,0,0,6.701759488888988,1,4.357017382228377,1,1,0,0,liver_without_reference
blurry,20260501_135548_PACIENTE 003_202605020018-converted.mp4,62,0.5,1,1,0.49566099402682295,1,7,0,0,0,,0,,0,0,0,0,liver_without_reference
blurry,20260501_135548_PACIENTE 003_202605020018-converted.mp4,62,0.6,1,1,0.490998972027446,1,5,0,0,0,,0,,0,0,0,0,liver_without_reference
blurry,20260501_135548_PACIENTE 003_202605020018-converted.mp4,62,0.7,1,1,0.48548435021699193,1,2,0,0,0,,0,,0,0,0,0,liver_without_reference
blurry,20260501_135548_PACIENTE 003_202605020018-converted.mp4,62,0.8,1,1,0.47864675347564634,1,0,0,0,0,,0,,0,0,0,0,liver_without_reference
blurry,20260501_135548_PACIENTE 003_202605020018-converted.mp4,62,0.9,1,1,0.4618312735541192,1,0,0,0,0,,0,,0,0,0,0,liver_without_reference
blurry,20260501_135548_PACIENTE 003_202605020018-converted.mp4,63,0.1,1,1,0.5168109656165676,1,0,0,0,0,,0,,0,0,0,0,liver_without_reference
blurry,20260501_135548_PACIENTE 003_202605020018-converted.mp4,63,0.2,1,1,0.5092985114907929,1,0,0,0,0,,0,,0,0,0,0,liver_without_reference
blurry,20260501_135548_PACIENTE 003_202605020018-converted.mp4,63,0.3,1,1,0.5042692699985429,1,0,0,0,0,,0,,0,0,0,0,liver_without_reference
blurry,20260501_135548_PACIENTE 003_202605020018-converted.mp4,63,0.4,1,1,0.4996164301319147,1,0,0,0,0,,0,,0,0,0,0,liver_without_reference
blurry,20260501_135548_PACIENTE 003_202605020018-converted.mp4,63,0.5,1,1,0.4950811598195243,1,0,0,0,0,,0,,0,0,0,0,liver_without_reference
blurry,20260501_135548_PACIENTE 003_202605020018-converted.mp4,63,0.6,1,1,0.490524961034294,1,0,0,0,0,,0,,0,0,0,0,liver_without_reference
blurry,20260501_135548_PACIENTE 003_202605020018-converted.mp4,63,0.7,1,1,0.4850029504450778,1,0,0,0,0,,0,,0,0,0,0,liver_without_reference
blurry,20260501_135548_PACIENTE 003_202605020018-converted.mp4,63,0.8,1,1,0.4778585785681615,1,0,0,0,0,,0,,0,0,0,0,liver_without_reference
blurry,20260501_135548_PACIENTE 003_202605020018-converted.mp4,63,0.9,1,1,0.45954811109426846,1,0,0,0,0,,0,,0,0,0,0,liver_without_reference
blurry,20260501_135548_PACIENTE 003_202605020018-converted.mp4,64,0.1,1,1,0.5162744302707715,1,0,0,0,0,,0,,0,0,0,0,liver_without_reference
blurry,20260501_135548_PACIENTE 003_202605020018-converted.mp4,64,0.2,1,1,0.5087432261279405,1,0,0,0,0,,0,,0,0,0,0,liver_without_reference
blurry,20260501_135548_PACIENTE 003_202605020018-converted.mp4,64,0.3,1,1,0.5037429325605989,1,0,0,0,0,,0,,0,0,0,0,liver_without_reference
blurry,20260501_135548_PACIENTE 003_202605020018-converted.mp4,64,0.4,1,1,0.49889289660780184,1,0,0,0,0,,0,,0,0,0,0,liver_without_reference
blurry,20260501_135548_PACIENTE 003_202605020018-converted.mp4,64,0.5,1,1,0.4945210454471453,1,0,0,0,0,,0,,0,0,0,0,liver_without_reference
blurry,20260501_135548_PACIENTE 003_202605020018-converted.mp4,64,0.6,1,1,0.48994926573222003,1,0,0,0,0,,0,,0,0,0,0,liver_without_reference
blurry,20260501_135548_PACIENTE 003_202605020018-converted.mp4,64,0.7,1,1,0.4843880796919471,1,0,0,0,0,,0,,0,0,0,0,liver_without_reference
blurry,20260501_135548_PACIENTE 003_202605020018-converted.mp4,64,0.8,1,1,0.47676682894074196,1,0,0,0,0,,0,,0,0,0,0,liver_without_reference
blurry,20260501_135548_PACIENTE 003_202605020018-converted.mp4,64,0.9,1,1,0.45797363877542424,1,0,0,0,0,,0,,0,0,0,0,liver_without_reference
blurry,20260501_135548_PACIENTE 003_202605020018-converted.mp4,65,0.1,1,1,0.5154476188111231,1,0,0,0,0,,0,,0,0,0,0,liver_without_reference
blurry,20260501_135548_PACIENTE 003_202605020018-converted.mp4,65,0.2,1,1,0.5078281381074594,1,0,0,0,0,,0,,0,0,0,0,liver_without_reference
blurry,20260501_135548_PACIENTE 003_202605020018-converted.mp4,65,0.3,1,1,0.5026895374495192,1,0,0,0,0,,0,,0,0,0,0,liver_without_reference
blurry,20260501_135548_PACIENTE 003_202605020018-converted.mp4,65,0.4,1,1,0.497794178967559,1,0,0,0,0,,0,,0,0,0,0,liver_without_reference
blurry,20260501_135548_PACIENTE 003_202605020018-converted.mp4,65,0.5,1,1,0.49338158866917964,1,0,0,0,0,,0,,0,0,0,0,liver_without_reference
blurry,20260501_135548_PACIENTE 003_202605020018-converted.mp4,65,0.6,1,1,0.4888147804537609,1,0,0,0,0,,0,,0,0,0,0,liver_without_reference
blurry,20260501_135548_PACIENTE 003_202605020018-converted.mp4,65,0.7,1,1,0.4832093691008861,1,0,0,0,0,,0,,0,0,0,0,liver_without_reference
blurry,20260501_135548_PACIENTE 003_202605020018-converted.mp4,65,0.8,1,1,0.4752188546536515,1,0,0,0,0,,0,,0,0,0,0,liver_without_reference
blurry,20260501_135548_PACIENTE 003_202605020018-converted.mp4,65,0.9,1,1,0.45525021475854405,1,0,0,0,0,,0,,0,0,0,0,liver_without_reference
blurry,20260501_135548_PACIENTE 003_202605020018-converted.mp4,66,0.1,1,1,0.5147214047113462,1,0,0,0,0,,0,,0,0,0,0,liver_without_reference
blurry,20260501_135548_PACIENTE 003_202605020018-converted.mp4,66,0.2,1,1,0.5069376092761713,1,0,0,0,0,,0,,0,0,0,0,liver_without_reference
blurry,20260501_135548_PACIENTE 003_202605020018-converted.mp4,66,0.3,1,1,0.5018093084652318,1,0,0,0,0,,0,,0,0,0,0,liver_without_reference
blurry,20260501_135548_PACIENTE 003_202605020018-converted.mp4,66,0.4,1,1,0.4966640535085817,1,0,0,0,0,,0,,0,0,0,0,liver_without_reference
blurry,20260501_135548_PACIENTE 003_202605020018-converted.mp4,66,0.5,1,1,0.49215380954567656,1,0,0,0,0,,0,,0,0,0,0,liver_without_reference
blurry,20260501_135548_PACIENTE 003_202605020018-converted.mp4,66,0.6,1,1,0.48753035388132626,1,0,0,0,0,,0,,0,0,0,0,liver_without_reference
blurry,20260501_135548_PACIENTE 003_202605020018-converted.mp4,66,0.7,1,1,0.4819977646334878,1,0,0,0,0,,0,,0,0,0,0,liver_without_reference
blurry,20260501_135548_PACIENTE 003_202605020018-converted.mp4,66,0.8,1,1,0.47375202504763586,1,0,0,0,0,,0,,0,0,0,0,liver_without_reference
blurry,20260501_135548_PACIENTE 003_202605020018-converted.mp4,66,0.9,1,1,0.4511049246747558,1,0,0,0,0,,0,,0,0,0,0,liver_without_reference
blurry,20260501_135548_PACIENTE 003_202605020018-converted.mp4,67,0.1,1,1,0.5140218637592254,1,4,0,0,0,,0,,0,0,0,0,liver_without_reference
blurry,20260501_135548_PACIENTE 003_202605020018-converted.mp4,67,0.2,1,1,0.506149047427202,1,0,0,0,0,,0,,0,0,0,0,liver_without_reference
blurry,20260501_135548_PACIENTE 003_202605020018-converted.mp4,67,0.3,1,1,0.5009161093668019,1,0,0,0,0,,0,,0,0,0,0,liver_without_reference
blurry,20260501_135548_PACIENTE 003_202605020018-converted.mp4,67,0.4,1,1,0.49584433240336456,1,0,0,0,0,,0,,0,0,0,0,liver_without_reference
blurry,20260501_135548_PACIENTE 003_202605020018-converted.mp4,67,0.5,1,1,0.49131369642819867,1,0,0,0,0,,0,,0,0,0,0,liver_without_reference
blurry,20260501_135548_PACIENTE 003_202605020018-converted.mp4,67,0.6,1,1,0.48657663418977043,1,0,0,0,0,,0,,0,0,0,0,liver_without_reference
blurry,20260501_135548_PACIENTE 003_202605020018-converted.mp4,67,0.7,1,1,0.48069878721150744,1,0,0,0,0,,0,,0,0,0,0,liver_without_reference
blurry,20260501_135548_PACIENTE 003_202605020018-converted.mp4,67,0.8,1,1,0.47219458960313965,1,0,0,0,0,,0,,0,0,0,0,liver_without_reference
blurry,20260501_135548_PACIENTE 003_202605020018-converted.mp4,67,0.9,1,1,0.44782896205474665,1,0,0,0,0,,0,,0,0,0,0,liver_without_reference
blurry,20260501_135548_PACIENTE 003_202605020018-converted.mp4,68,0.1,1,1,0.5137145956419673,1,18,9,0,0,6.579053930261094,1,4.36705016482216,1,1,0,0,liver_without_reference
blurry,20260501_135548_PACIENTE 003_202605020018-converted.mp4,68,0.2,1,1,0.5058551803495246,1,6,0,0,0,,0,,0,0,0,0,liver_without_reference
blurry,20260501_135548_PACIENTE 003_202605020018-converted.mp4,68,0.3,1,1,0.5005851947803125,1,2,0,0,0,,0,,0,0,0,0,liver_without_reference
blurry,20260501_135548_PACIENTE 003_202605020018-converted.mp4,68,0.4,1,1,0.4954305616384075,1,0,0,0,0,,0,,0,0,0,0,liver_without_reference
blurry,20260501_135548_PACIENTE 003_202605020018-converted.mp4,68,0.5,1,1,0.4909511520891272,1,0,0,0,0,,0,,0,0,0,0,liver_without_reference
blurry,20260501_135548_PACIENTE 003_202605020018-converted.mp4,68,0.6,1,1,0.4861811933796817,1,0,0,0,0,,0,,0,0,0,0,liver_without_reference
blurry,20260501_135548_PACIENTE 003_202605020018-converted.mp4,68,0.7,1,1,0.480230128588955,1,0,0,0,0,,0,,0,0,0,0,liver_without_reference
blurry,20260501_135548_PACIENTE 003_202605020018-converted.mp4,68,0.8,1,1,0.47160171451841093,1,0,0,0,0,,0,,0,0,0,0,liver_without_reference
blurry,20260501_135548_PACIENTE 003_202605020018-converted.mp4,68,0.9,1,1,0.44614218009478673,1,0,0,0,0,,0,,0,0,0,0,liver_without_reference
blurry,20260501_135548_PACIENTE 003_202605020018-converted.mp4,69,0.1,1,1,0.5137150499124307,1,18,12,0,0,7.632168761236874,1,4.2605151842453655,1,1,0,0,liver_without_reference
blurry,20260501_135548_PACIENTE 003_202605020018-converted.mp4,69,0.2,1,1,0.5058365597115368,1,8,8,0,0,7.131575912797956,1,4.213574278249181,1,1,0,0,liver_without_reference
blurry,20260501_135548_PACIENTE 003_202605020018-converted.mp4,69,0.3,1,1,0.5006435435297842,1,4,0,0,0,,0,,0,0,0,0,liver_without_reference
blurry,20260501_135548_PACIENTE 003_202605020018-converted.mp4,69,0.4,1,1,0.4955657709218024,1,0,0,0,0,,0,,0,0,0,0,liver_without_reference
blurry,20260501_135548_PACIENTE 003_202605020018-converted.mp4,69,0.5,1,1,0.490942498016453,1,0,0,0,0,,0,,0,0,0,0,liver_without_reference
blurry,20260501_135548_PACIENTE 003_202605020018-converted.mp4,69,0.6,1,1,0.486092936725266,1,0,0,0,0,,0,,0,0,0,0,liver_without_reference
blurry,20260501_135548_PACIENTE 003_202605020018-converted.mp4,69,0.7,1,1,0.480204673832484,1,0,0,0,0,,0,,0,0,0,0,liver_without_reference
blurry,20260501_135548_PACIENTE 003_202605020018-converted.mp4,69,0.8,1,1,0.47027210855792123,1,0,0,0,0,,0,,0,0,0,0,liver_without_reference
blurry,20260501_135548_PACIENTE 003_202605020018-converted.mp4,69,0.9,1,1,0.443744655036588,1,0,0,0,0,,0,,0,0,0,0,liver_without_reference
blurry,20260501_135548_PACIENTE 003_202605020018-converted.mp4,70,0.1,1,1,0.5140965222504742,1,15,15,0,0,8.144254962173573,1,4.296495849627041,1,1,0,0,liver_without_reference
blurry,20260501_135548_PACIENTE 003_202605020018-converted.mp4,70,0.2,1,1,0.5064696545362375,1,9,9,0,0,7.272474743090476,1,4.248164891267332,1,1,0,0,liver_without_reference
blurry,20260501_135548_PACIENTE 003_202605020018-converted.mp4,70,0.3,1,1,0.5013665072408219,1,7,0,0,0,,0,,0,0,0,0,liver_without_reference
blurry,20260501_135548_PACIENTE 003_202605020018-converted.mp4,70,0.4,1,1,0.4962720039386998,1,3,0,0,0,,0,,0,0,0,0,liver_without_reference
blurry,20260501_135548_PACIENTE 003_202605020018-converted.mp4,70,0.5,1,1,0.4916857762239515,1,0,0,0,0,,0,,0,0,0,0,liver_without_reference
blurry,20260501_135548_PACIENTE 003_202605020018-converted.mp4,70,0.6,1,1,0.4868277996152881,1,0,0,0,0,,0,,0,0,0,0,liver_without_reference
blurry,20260501_135548_PACIENTE 003_202605020018-converted.mp4,70,0.7,1,1,0.481004175688863,1,0,0,0,0,,0,,0,0,0,0,liver_without_reference
blurry,20260501_135548_PACIENTE 003_202605020018-converted.mp4,70,0.8,1,1,0.47231519315323334,1,0,0,0,0,,0,,0,0,0,0,liver_without_reference
blurry,20260501_135548_PACIENTE 003_202605020018-converted.mp4,70,0.9,1,1,0.446382747418054,1,0,0,0,0,,0,,0,0,0,0,liver_without_reference
blurry,20260501_135548_PACIENTE 003_202605020018-converted.mp4,71,0.1,1,1,0.5143438125095771,1,30,29,0,0,10.57682387720292,1,4.350083673050717,1,1,0,0,liver_without_reference
blurry,20260501_135548_PACIENTE 003_202605020018-converted.mp4,71,0.2,1,1,0.5067463401052986,1,19,19,0,0,8.38082496815286,1,4.398670465967925,1,1,0,0,liver_without_reference
blurry,20260501_135548_PACIENTE 003_202605020018-converted.mp4,71,0.3,1,1,0.5016978529971793,1,15,15,0,0,8.196476207628631,1,4.3273036123350686,1,1,0,0,liver_without_reference
blurry,20260501_135548_PACIENTE 003_202605020018-converted.mp4,71,0.4,1,1,0.49661410850707843,1,10,10,0,0,7.002856560004639,1,4.4013279493511455,1,1,0,0,liver_without_reference
blurry,20260501_135548_PACIENTE 003_202605020018-converted.mp4,71,0.5,1,1,0.4920738355117232,1,8,8,0,0,6.5752851649187045,1,4.367398619533105,1,1,0,0,liver_without_reference
blurry,20260501_135548_PACIENTE 003_202605020018-converted.mp4,71,0.6,1,1,0.48727566193319616,1,6,0,0,0,,0,,0,0,0,0,liver_without_reference
blurry,20260501_135548_PACIENTE 003_202605020018-converted.mp4,71,0.7,1,1,0.4813542709463393,1,2,0,0,0,,0,,0,0,0,0,liver_without_reference
blurry,20260501_135548_PACIENTE 003_202605020018-converted.mp4,71,0.8,1,1,0.47216774524090493,1,0,0,0,0,,0,,0,0,0,0,liver_without_reference
blurry,20260501_135548_PACIENTE 003_202605020018-converted.mp4,71,0.9,1,1,0.447871013417841,1,0,0,0,0,,0,,0,0,0,0,liver_without_reference
blurry,20260501_135548_PACIENTE 003_202605020018-converted.mp4,72,0.1,1,1,0.5139459557970775,1,35,31,0,0,11.443386413639217,1,4.381327396527338,1,1,0,0,liver_without_reference
blurry,20260501_135548_PACIENTE 003_202605020018-converted.mp4,72,0.2,1,1,0.5063294295617192,1,21,21,0,0,10.00748019553102,1,4.418085410938785,1,1,0,0,liver_without_reference
blurry,20260501_135548_PACIENTE 003_202605020018-converted.mp4,72,0.3,1,1,0.5012771312257543,1,18,18,0,0,8.1908184067796,1,4.419095426351277,1,1,0,0,liver_without_reference
blurry,20260501_135548_PACIENTE 003_202605020018-converted.mp4,72,0.4,1,1,0.4962319106674901,1,14,14,0,0,7.944000431592564,1,4.387918056783521,1,1,0,0,liver_without_reference
blurry,20260501_135548_PACIENTE 003_202605020018-converted.mp4,72,0.5,1,1,0.4916238459288967,1,10,10,0,0,6.925315877272314,1,4.434150217724472,1,1,0,0,liver_without_reference
blurry,20260501_135548_PACIENTE 003_202605020018-converted.mp4,72,0.6,1,1,0.4867823999531602,1,8,8,0,0,6.098155458825234,1,4.40068942481876,1,1,0,0,liver_without_reference
blurry,20260501_135548_PACIENTE 003_202605020018-converted.mp4,72,0.7,1,1,0.48081361498217706,1,6,0,0,0,,0,,0,0,0,0,liver_without_reference
blurry,20260501_135548_PACIENTE 003_202605020018-converted.mp4,72,0.8,1,1,0.4716797285151492,1,0,0,0,0,,0,,0,0,0,0,liver_without_reference
blurry,20260501_135548_PACIENTE 003_202605020018-converted.mp4,72,0.9,1,1,0.44773074961754206,1,0,0,0,0,,0,,0,0,0,0,liver_without_reference
blurry,20260501_135548_PACIENTE 003_202605020018-converted.mp4,73,0.1,1,1,0.5150687995493443,1,5,0,0,0,,0,,0,0,0,0,liver_without_reference
blurry,20260501_135548_PACIENTE 003_202605020018-converted.mp4,73,0.2,1,1,0.5075518278997856,1,0,0,0,0,,0,,0,0,0,0,liver_without_reference
blurry,20260501_135548_PACIENTE 003_202605020018-converted.mp4,73,0.3,1,1,0.5025190543857383,1,0,0,0,0,,0,,0,0,0,0,liver_without_reference
blurry,20260501_135548_PACIENTE 003_202605020018-converted.mp4,73,0.4,1,1,0.49761708023470297,1,0,0,0,0,,0,,0,0,0,0,liver_without_reference
blurry,20260501_135548_PACIENTE 003_202605020018-converted.mp4,73,0.5,1,1,0.4931671102161207,1,0,0,0,0,,0,,0,0,0,0,liver_without_reference
blurry,20260501_135548_PACIENTE 003_202605020018-converted.mp4,73,0.6,1,1,0.48849125184562425,1,0,0,0,0,,0,,0,0,0,0,liver_without_reference
blurry,20260501_135548_PACIENTE 003_202605020018-converted.mp4,73,0.7,1,1,0.4829819409593787,1,0,0,0,0,,0,,0,0,0,0,liver_without_reference
blurry,20260501_135548_PACIENTE 003_202605020018-converted.mp4,73,0.8,1,1,0.47499842493227207,1,0,0,0,0,,0,,0,0,0,0,liver_without_reference
blurry,20260501_135548_PACIENTE 003_202605020018-converted.mp4,73,0.9,1,1,0.4533633988030009,1,0,0,0,0,,0,,0,0,0,0,liver_without_reference
blurry,20260501_135548_PACIENTE 003_202605020018-converted.mp4,74,0.1,1,1,0.5156111502298802,1,6,0,0,0,,0,,0,0,0,0,liver_without_reference
blurry,20260501_135548_PACIENTE 003_202605020018-converted.mp4,74,0.2,1,1,0.5081432412552103,1,0,0,0,0,,0,,0,0,0,0,liver_without_reference
blurry,20260501_135548_PACIENTE 003_202605020018-converted.mp4,74,0.3,1,1,0.5031564472779548,1,0,0,0,0,,0,,0,0,0,0,liver_without_reference
blurry,20260501_135548_PACIENTE 003_202605020018-converted.mp4,74,0.4,1,1,0.4984748909891302,1,0,0,0,0,,0,,0,0,0,0,liver_without_reference
blurry,20260501_135548_PACIENTE 003_202605020018-converted.mp4,74,0.5,1,1,0.49390271923264917,1,0,0,0,0,,0,,0,0,0,0,liver_without_reference
blurry,20260501_135548_PACIENTE 003_202605020018-converted.mp4,74,0.6,1,1,0.4892416683046375,1,0,0,0,0,,0,,0,0,0,0,liver_without_reference
blurry,20260501_135548_PACIENTE 003_202605020018-converted.mp4,74,0.7,1,1,0.4839759566046034,1,0,0,0,0,,0,,0,0,0,0,liver_without_reference
blurry,20260501_135548_PACIENTE 003_202605020018-converted.mp4,74,0.8,1,1,0.47710340425174497,1,0,0,0,0,,0,,0,0,0,0,liver_without_reference
blurry,20260501_135548_PACIENTE 003_202605020018-converted.mp4,74,0.9,1,1,0.45819144273239154,1,0,0,0,0,,0,,0,0,0,0,liver_without_reference
blurry,20260501_135548_PACIENTE 003_202605020018-converted.mp4,75,0.1,1,1,0.5147321946289823,1,6,0,0,0,,0,,0,0,0,0,liver_without_reference
blurry,20260501_135548_PACIENTE 003_202605020018-converted.mp4,75,0.2,1,1,0.5072201791019967,1,0,0,0,0,,0,,0,0,0,0,liver_without_reference
blurry,20260501_135548_PACIENTE 003_202605020018-converted.mp4,75,0.3,1,1,0.5022334077802594,1,0,0,0,0,,0,,0,0,0,0,liver_without_reference
blurry,20260501_135548_PACIENTE 003_202605020018-converted.mp4,75,0.4,1,1,0.4975590827158021,1,0,0,0,0,,0,,0,0,0,0,liver_without_reference
blurry,20260501_135548_PACIENTE 003_202605020018-converted.mp4,75,0.5,1,1,0.49279182558348406,1,0,0,0,0,,0,,0,0,0,0,liver_without_reference
blurry,20260501_135548_PACIENTE 003_202605020018-converted.mp4,75,0.6,1,1,0.48801836765419293,1,0,0,0,0,,0,,0,0,0,0,liver_without_reference
blurry,20260501_135548_PACIENTE 003_202605020018-converted.mp4,75,0.7,1,1,0.4826631481946888,1,0,0,0,0,,0,,0,0,0,0,liver_without_reference
blurry,20260501_135548_PACIENTE 003_202605020018-converted.mp4,75,0.8,1,1,0.4755051819998992,1,0,0,0,0,,0,,0,0,0,0,liver_without_reference
blurry,20260501_135548_PACIENTE 003_202605020018-converted.mp4,75,0.9,1,1,0.4551400648171171,1,0,0,0,0,,0,,0,0,0,0,liver_without_reference
blurry,20260501_135548_PACIENTE 003_202605020018-converted.mp4,76,0.1,1,1,0.515209999461593,1,3,0,0,0,,0,,0,0,0,0,liver_without_reference
blurry,20260501_135548_PACIENTE 003_202605020018-converted.mp4,76,0.2,1,1,0.5075916230366492,1,0,0,0,0,,0,,0,0,0,0,liver_without_reference
blurry,20260501_135548_PACIENTE 003_202605020018-converted.mp4,76,0.3,1,1,0.5026436508630926,1,0,0,0,0,,0,,0,0,0,0,liver_without_reference
blurry,20260501_135548_PACIENTE 003_202605020018-converted.mp4,76,0.4,1,1,0.49805165004797863,1,0,0,0,0,,0,,0,0,0,0,liver_without_reference
blurry,20260501_135548_PACIENTE 003_202605020018-converted.mp4,76,0.5,1,1,0.49319743520123643,1,0,0,0,0,,0,,0,0,0,0,liver_without_reference
blurry,20260501_135548_PACIENTE 003_202605020018-converted.mp4,76,0.6,1,1,0.48844366942245526,1,0,0,0,0,,0,,0,0,0,0,liver_without_reference
blurry,20260501_135548_PACIENTE 003_202605020018-converted.mp4,76,0.7,1,1,0.4830847459046949,1,0,0,0,0,,0,,0,0,0,0,liver_without_reference
blurry,20260501_135548_PACIENTE 003_202605020018-converted.mp4,76,0.8,1,1,0.4760247080511126,1,0,0,0,0,,0,,0,0,0,0,liver_without_reference
blurry,20260501_135548_PACIENTE 003_202605020018-converted.mp4,76,0.9,1,1,0.4563693905157628,1,0,0,0,0,,0,,0,0,0,0,liver_without_reference
blurry,20260501_135548_PACIENTE 003_202605020018-converted.mp4,77,0.1,1,1,0.5153536834345869,1,0,0,0,0,,0,,0,0,0,0,liver_without_reference
blurry,20260501_135548_PACIENTE 003_202605020018-converted.mp4,77,0.2,1,1,0.5078855310061738,1,0,0,0,0,,0,,0,0,0,0,liver_without_reference
blurry,20260501_135548_PACIENTE 003_202605020018-converted.mp4,77,0.3,1,1,0.5029662217334067,1,0,0,0,0,,0,,0,0,0,0,liver_without_reference
blurry,20260501_135548_PACIENTE 003_202605020018-converted.mp4,77,0.4,1,1,0.49828955712044853,1,0,0,0,0,,0,,0,0,0,0,liver_without_reference
blurry,20260501_135548_PACIENTE 003_202605020018-converted.mp4,77,0.5,1,1,0.49352851504583706,1,0,0,0,0,,0,,0,0,0,0,liver_without_reference
blurry,20260501_135548_PACIENTE 003_202605020018-converted.mp4,77,0.6,1,1,0.4888024753303228,1,0,0,0,0,,0,,0,0,0,0,liver_without_reference
blurry,20260501_135548_PACIENTE 003_202605020018-converted.mp4,77,0.7,1,1,0.4833075086896436,1,0,0,0,0,,0,,0,0,0,0,liver_without_reference
blurry,20260501_135548_PACIENTE 003_202605020018-converted.mp4,77,0.8,1,1,0.4762562560881395,1,0,0,0,0,,0,,0,0,0,0,liver_without_reference
blurry,20260501_135548_PACIENTE 003_202605020018-converted.mp4,77,0.9,1,1,0.45752892499304787,1,0,0,0,0,,0,,0,0,0,0,liver_without_reference
blurry,20260501_135548_PACIENTE 003_202605020018-converted.mp4,78,0.1,1,1,0.5146383384067424,1,8,8,0,0,5.337075510052299,1,4.395750520228229,1,1,0,0,liver_without_reference
blurry,20260501_135548_PACIENTE 003_202605020018-converted.mp4,78,0.2,1,1,0.5071638714824727,1,2,0,0,0,,0,,0,0,0,0,liver_without_reference
blurry,20260501_135548_PACIENTE 003_202605020018-converted.mp4,78,0.3,1,1,0.5021332088961478,1,0,0,0,0,,0,,0,0,0,0,liver_without_reference
blurry,20260501_135548_PACIENTE 003_202605020018-converted.mp4,78,0.4,1,1,0.49750494421589325,1,0,0,0,0,,0,,0,0,0,0,liver_without_reference
blurry,20260501_135548_PACIENTE 003_202605020018-converted.mp4,78,0.5,1,1,0.49261505559593327,1,0,0,0,0,,0,,0,0,0,0,liver_without_reference
blurry,20260501_135548_PACIENTE 003_202605020018-converted.mp4,78,0.6,1,1,0.48785811960808095,1,0,0,0,0,,0,,0,0,0,0,liver_without_reference
blurry,20260501_135548_PACIENTE 003_202605020018-converted.mp4,78,0.7,1,1,0.48212954509284933,1,0,0,0,0,,0,,0,0,0,0,liver_without_reference
blurry,20260501_135548_PACIENTE 003_202605020018-converted.mp4,78,0.8,1,1,0.4747624466213464,1,0,0,0,0,,0,,0,0,0,0,liver_without_reference
blurry,20260501_135548_PACIENTE 003_202605020018-converted.mp4,78,0.9,1,1,0.45421600438245335,1,0,0,0,0,,0,,0,0,0,0,liver_without_reference
blurry,20260501_135548_PACIENTE 003_202605020018-converted.mp4,79,0.1,1,1,0.5144023888707119,1,8,8,0,0,4.892596447695231,1,4.489523506541886,1,1,0,0,liver_without_reference
blurry,20260501_135548_PACIENTE 003_202605020018-converted.mp4,79,0.2,1,1,0.506918531692277,1,2,0,0,0,,0,,0,0,0,0,liver_without_reference
blurry,20260501_135548_PACIENTE 003_202605020018-converted.mp4,79,0.3,1,1,0.5019728262454638,1,0,0,0,0,,0,,0,0,0,0,liver_without_reference
blurry,20260501_135548_PACIENTE 003_202605020018-converted.mp4,79,0.4,1,1,0.4972984474939189,1,0,0,0,0,,0,,0,0,0,0,liver_without_reference
blurry,20260501_135548_PACIENTE 003_202605020018-converted.mp4,79,0.5,1,1,0.4925610652587964,1,0,0,0,0,,0,,0,0,0,0,liver_without_reference
blurry,20260501_135548_PACIENTE 003_202605020018-converted.mp4,79,0.6,1,1,0.4877934547157661,1,0,0,0,0,,0,,0,0,0,0,liver_without_reference
blurry,20260501_135548_PACIENTE 003_202605020018-converted.mp4,79,0.7,1,1,0.48224927652766786,1,0,0,0,0,,0,,0,0,0,0,liver_without_reference
blurry,20260501_135548_PACIENTE 003_202605020018-converted.mp4,79,0.8,1,1,0.4747065047614249,1,0,0,0,0,,0,,0,0,0,0,liver_without_reference
blurry,20260501_135548_PACIENTE 003_202605020018-converted.mp4,79,0.9,1,1,0.4521799955334005,1,0,0,0,0,,0,,0,0,0,0,liver_without_reference
blurry,20260501_135548_PACIENTE 003_202605020018-converted.mp4,80,0.1,1,1,0.5145676107792864,1,6,0,0,0,,0,,0,0,0,0,liver_without_reference
blurry,20260501_135548_PACIENTE 003_202605020018-converted.mp4,80,0.2,1,1,0.5070214737822034,1,0,0,0,0,,0,,0,0,0,0,liver_without_reference
blurry,20260501_135548_PACIENTE 003_202605020018-converted.mp4,80,0.3,1,1,0.5020251687640637,1,0,0,0,0,,0,,0,0,0,0,liver_without_reference
blurry,20260501_135548_PACIENTE 003_202605020018-converted.mp4,80,0.4,1,1,0.49729826713566244,1,0,0,0,0,,0,,0,0,0,0,liver_without_reference
blurry,20260501_135548_PACIENTE 003_202605020018-converted.mp4,80,0.5,1,1,0.4924996553726362,1,0,0,0,0,,0,,0,0,0,0,liver_without_reference
blurry,20260501_135548_PACIENTE 003_202605020018-converted.mp4,80,0.6,1,1,0.4877124598501071,1,0,0,0,0,,0,,0,0,0,0,liver_without_reference
blurry,20260501_135548_PACIENTE 003_202605020018-converted.mp4,80,0.7,1,1,0.4822295477487968,1,0,0,0,0,,0,,0,0,0,0,liver_without_reference
blurry,20260501_135548_PACIENTE 003_202605020018-converted.mp4,80,0.8,1,1,0.4745258772740253,1,0,0,0,0,,0,,0,0,0,0,liver_without_reference
blurry,20260501_135548_PACIENTE 003_202605020018-converted.mp4,80,0.9,1,1,0.45174573470901613,1,0,0,0,0,,0,,0,0,0,0,liver_without_reference
blurry,20260501_135548_PACIENTE 003_202605020018-converted.mp4,81,0.1,1,1,0.5143137555335616,1,12,12,0,0,6.168918507773916,1,4.470065731357016,1,1,0,0,liver_without_reference
blurry,20260501_135548_PACIENTE 003_202605020018-converted.mp4,81,0.2,1,1,0.5066894912662667,1,8,8,0,0,4.993746088859544,1,4.454218544285544,1,1,0,0,liver_without_reference
blurry,20260501_135548_PACIENTE 003_202605020018-converted.mp4,81,0.3,1,1,0.501568508188321,1,3,0,0,0,,0,,0,0,0,0,liver_without_reference
blurry,20260501_135548_PACIENTE 003_202605020018-converted.mp4,81,0.4,1,1,0.4967958613208728,1,1,0,0,0,,0,,0,0,0,0,liver_without_reference
blurry,20260501_135548_PACIENTE 003_202605020018-converted.mp4,81,0.5,1,1,0.49212726680421326,1,0,0,0,0,,0,,0,0,0,0,liver_without_reference
blurry,20260501_135548_PACIENTE 003_202605020018-converted.mp4,81,0.6,1,1,0.48743775322052607,1,0,0,0,0,,0,,0,0,0,0,liver_without_reference
blurry,20260501_135548_PACIENTE 003_202605020018-converted.mp4,81,0.7,1,1,0.48202559635486464,1,0,0,0,0,,0,,0,0,0,0,liver_without_reference
blurry,20260501_135548_PACIENTE 003_202605020018-converted.mp4,81,0.8,1,1,0.47432220789963175,1,0,0,0,0,,0,,0,0,0,0,liver_without_reference
blurry,20260501_135548_PACIENTE 003_202605020018-converted.mp4,81,0.9,1,1,0.45021362299544104,1,0,0,0,0,,0,,0,0,0,0,liver_without_reference
blurry,20260501_135548_PACIENTE 003_202605020018-converted.mp4,82,0.1,1,1,0.5144294676687993,1,27,27,0,0,10.752484001778603,1,4.392252821734731,1,1,0,0,liver_without_reference
blurry,20260501_135548_PACIENTE 003_202605020018-converted.mp4,82,0.2,1,1,0.5068910928936773,1,14,14,0,0,8.012744949931518,1,4.494426733760518,1,1,0,0,liver_without_reference
blurry,20260501_135548_PACIENTE 003_202605020018-converted.mp4,82,0.3,1,1,0.5017205179050508,1,12,12,0,0,6.40908643169125,1,4.497390756806685,1,1,0,0,liver_without_reference
blurry,20260501_135548_PACIENTE 003_202605020018-converted.mp4,82,0.4,1,1,0.4969170052815579,1,8,8,0,0,4.993746088859544,1,4.492519913597613,1,1,0,0,liver_without_reference
blurry,20260501_135548_PACIENTE 003_202605020018-converted.mp4,82,0.5,1,1,0.49223566166029037,1,5,0,0,0,,0,,0,0,0,0,liver_without_reference
blurry,20260501_135548_PACIENTE 003_202605020018-converted.mp4,82,0.6,1,1,0.4875067943303926,1,3,0,0,0,,0,,0,0,0,0,liver_without_reference
blurry,20260501_135548_PACIENTE 003_202605020018-converted.mp4,82,0.7,1,1,0.4818796274582063,1,0,0,0,0,,0,,0,0,0,0,liver_without_reference
blurry,20260501_135548_PACIENTE 003_202605020018-converted.mp4,82,0.8,1,1,0.47400086488846715,1,0,0,0,0,,0,,0,0,0,0,liver_without_reference
blurry,20260501_135548_PACIENTE 003_202605020018-converted.mp4,82,0.9,1,1,0.44888870162428635,1,0,0,0,0,,0,,0,0,0,0,liver_without_reference
blurry,20260501_135548_PACIENTE 003_202605020018-converted.mp4,83,0.1,1,1,0.515263066360798,1,11,11,0,0,6.487113736331372,1,4.539005792630996,1,1,0,0,liver_without_reference
blurry,20260501_135548_PACIENTE 003_202605020018-converted.mp4,83,0.2,1,1,0.5076177774453959,1,5,0,0,0,,0,,0,0,0,0,liver_without_reference
blurry,20260501_135548_PACIENTE 003_202605020018-converted.mp4,83,0.3,1,1,0.5024952511080748,1,1,0,0,0,,0,,0,0,0,0,liver_without_reference
blurry,20260501_135548_PACIENTE 003_202605020018-converted.mp4,83,0.4,1,1,0.49766390228436985,1,0,0,0,0,,0,,0,0,0,0,liver_without_reference
blurry,20260501_135548_PACIENTE 003_202605020018-converted.mp4,83,0.5,1,1,0.4930422725792037,1,0,0,0,0,,0,,0,0,0,0,liver_without_reference
blurry,20260501_135548_PACIENTE 003_202605020018-converted.mp4,83,0.6,1,1,0.4884020403043733,1,0,0,0,0,,0,,0,0,0,0,liver_without_reference
blurry,20260501_135548_PACIENTE 003_202605020018-converted.mp4,83,0.7,1,1,0.4829549975084691,1,0,0,0,0,,0,,0,0,0,0,liver_without_reference
blurry,20260501_135548_PACIENTE 003_202605020018-converted.mp4,83,0.8,1,1,0.4754024030832011,1,0,0,0,0,,0,,0,0,0,0,liver_without_reference
blurry,20260501_135548_PACIENTE 003_202605020018-converted.mp4,83,0.9,1,1,0.45352550599100083,1,0,0,0,0,,0,,0,0,0,0,liver_without_reference
blurry,20260501_135548_PACIENTE 003_202605020018-converted.mp4,84,0.1,1,1,0.5151675762519565,1,0,0,0,0,,0,,0,0,0,0,liver_without_reference
blurry,20260501_135548_PACIENTE 003_202605020018-converted.mp4,84,0.2,1,1,0.5075152673341365,1,0,0,0,0,,0,,0,0,0,0,liver_without_reference
blurry,20260501_135548_PACIENTE 003_202605020018-converted.mp4,84,0.3,1,1,0.50238265824683,1,0,0,0,0,,0,,0,0,0,0,liver_without_reference
blurry,20260501_135548_PACIENTE 003_202605020018-converted.mp4,84,0.4,1,1,0.4975848231790234,1,0,0,0,0,,0,,0,0,0,0,liver_without_reference
blurry,20260501_135548_PACIENTE 003_202605020018-converted.mp4,84,0.5,1,1,0.49284658364861816,1,0,0,0,0,,0,,0,0,0,0,liver_without_reference
blurry,20260501_135548_PACIENTE 003_202605020018-converted.mp4,84,0.6,1,1,0.4882183739850995,1,0,0,0,0,,0,,0,0,0,0,liver_without_reference
blurry,20260501_135548_PACIENTE 003_202605020018-converted.mp4,84,0.7,1,1,0.48272844509948415,1,0,0,0,0,,0,,0,0,0,0,liver_without_reference
blurry,20260501_135548_PACIENTE 003_202605020018-converted.mp4,84,0.8,1,1,0.475296488318885,1,0,0,0,0,,0,,0,0,0,0,liver_without_reference
blurry,20260501_135548_PACIENTE 003_202605020018-converted.mp4,84,0.9,1,1,0.45317094542789016,1,0,0,0,0,,0,,0,0,0,0,liver_without_reference
blurry,20260501_135548_PACIENTE 003_202605020018-converted.mp4,85,0.1,1,1,0.5158345374675505,1,0,0,0,0,,0,,0,0,0,0,liver_without_reference
blurry,20260501_135548_PACIENTE 003_202605020018-converted.mp4,85,0.2,1,1,0.5081084000033231,1,0,0,0,0,,0,,0,0,0,0,liver_without_reference
blurry,20260501_135548_PACIENTE 003_202605020018-converted.mp4,85,0.3,1,1,0.5030654660258066,1,0,0,0,0,,0,,0,0,0,0,liver_without_reference
blurry,20260501_135548_PACIENTE 003_202605020018-converted.mp4,85,0.4,1,1,0.4982690157999233,1,0,0,0,0,,0,,0,0,0,0,liver_without_reference
blurry,20260501_135548_PACIENTE 003_202605020018-converted.mp4,85,0.5,1,1,0.4935696151790486,1,0,0,0,0,,0,,0,0,0,0,liver_without_reference
blurry,20260501_135548_PACIENTE 003_202605020018-converted.mp4,85,0.6,1,1,0.48897426143228,1,0,0,0,0,,0,,0,0,0,0,liver_without_reference
blurry,20260501_135548_PACIENTE 003_202605020018-converted.mp4,85,0.7,1,1,0.48352697356025875,1,0,0,0,0,,0,,0,0,0,0,liver_without_reference
blurry,20260501_135548_PACIENTE 003_202605020018-converted.mp4,85,0.8,1,1,0.47609732343755246,1,0,0,0,0,,0,,0,0,0,0,liver_without_reference
blurry,20260501_135548_PACIENTE 003_202605020018-converted.mp4,85,0.9,1,1,0.453907072749484,1,0,0,0,0,,0,,0,0,0,0,liver_without_reference
blurry,20260501_135548_PACIENTE 003_202605020018-converted.mp4,86,0.1,1,1,0.5157790559482548,1,0,0,0,0,,0,,0,0,0,0,liver_without_reference
blurry,20260501_135548_PACIENTE 003_202605020018-converted.mp4,86,0.2,1,1,0.5081324963336256,1,0,0,0,0,,0,,0,0,0,0,liver_without_reference
blurry,20260501_135548_PACIENTE 003_202605020018-converted.mp4,86,0.3,1,1,0.5030618876224755,1,0,0,0,0,,0,,0,0,0,0,liver_without_reference
blurry,20260501_135548_PACIENTE 003_202605020018-converted.mp4,86,0.4,1,1,0.4982227784730914,1,0,0,0,0,,0,,0,0,0,0,liver_without_reference
blurry,20260501_135548_PACIENTE 003_202605020018-converted.mp4,86,0.5,1,1,0.49354554452551086,1,0,0,0,0,,0,,0,0,0,0,liver_without_reference
blurry,20260501_135548_PACIENTE 003_202605020018-converted.mp4,86,0.6,1,1,0.488890375561335,1,0,0,0,0,,0,,0,0,0,0,liver_without_reference
blurry,20260501_135548_PACIENTE 003_202605020018-converted.mp4,86,0.7,1,1,0.48359323964422707,1,0,0,0,0,,0,,0,0,0,0,liver_without_reference
blurry,20260501_135548_PACIENTE 003_202605020018-converted.mp4,86,0.8,1,1,0.47601434185335706,1,0,0,0,0,,0,,0,0,0,0,liver_without_reference
blurry,20260501_135548_PACIENTE 003_202605020018-converted.mp4,86,0.9,1,1,0.45349831688132225,1,0,0,0,0,,0,,0,0,0,0,liver_without_reference
blurry,20260501_135548_PACIENTE 003_202605020018-converted.mp4,87,0.1,1,1,0.5157384286004166,1,0,0,0,0,,0,,0,0,0,0,liver_without_reference
blurry,20260501_135548_PACIENTE 003_202605020018-converted.mp4,87,0.2,1,1,0.5080809339814699,1,0,0,0,0,,0,,0,0,0,0,liver_without_reference
blurry,20260501_135548_PACIENTE 003_202605020018-converted.mp4,87,0.3,1,1,0.5029995250751964,1,0,0,0,0,,0,,0,0,0,0,liver_without_reference
blurry,20260501_135548_PACIENTE 003_202605020018-converted.mp4,87,0.4,1,1,0.49821231147917144,1,0,0,0,0,,0,,0,0,0,0,liver_without_reference
blurry,20260501_135548_PACIENTE 003_202605020018-converted.mp4,87,0.5,1,1,0.4935641496825927,1,0,0,0,0,,0,,0,0,0,0,liver_without_reference
blurry,20260501_135548_PACIENTE 003_202605020018-converted.mp4,87,0.6,1,1,0.4888333214857683,1,0,0,0,0,,0,,0,0,0,0,liver_without_reference
blurry,20260501_135548_PACIENTE 003_202605020018-converted.mp4,87,0.7,1,1,0.48345177920071025,1,0,0,0,0,,0,,0,0,0,0,liver_without_reference
blurry,20260501_135548_PACIENTE 003_202605020018-converted.mp4,87,0.8,1,1,0.4759593380892597,1,0,0,0,0,,0,,0,0,0,0,liver_without_reference
blurry,20260501_135548_PACIENTE 003_202605020018-converted.mp4,87,0.9,1,1,0.44968843611360393,1,0,0,0,0,,0,,0,0,0,0,liver_without_reference
blurry,20260501_135548_PACIENTE 003_202605020018-converted.mp4,88,0.1,1,1,0.5157601312170714,1,0,0,0,0,,0,,0,0,0,0,liver_without_reference
blurry,20260501_135548_PACIENTE 003_202605020018-converted.mp4,88,0.2,1,1,0.508192838175343,1,0,0,0,0,,0,,0,0,0,0,liver_without_reference
blurry,20260501_135548_PACIENTE 003_202605020018-converted.mp4,88,0.3,1,1,0.5031584912578962,1,0,0,0,0,,0,,0,0,0,0,liver_without_reference
blurry,20260501_135548_PACIENTE 003_202605020018-converted.mp4,88,0.4,1,1,0.4983100354683914,1,0,0,0,0,,0,,0,0,0,0,liver_without_reference
blurry,20260501_135548_PACIENTE 003_202605020018-converted.mp4,88,0.5,1,1,0.49374480474183485,1,0,0,0,0,,0,,0,0,0,0,liver_without_reference
blurry,20260501_135548_PACIENTE 003_202605020018-converted.mp4,88,0.6,1,1,0.4891218883832976,1,0,0,0,0,,0,,0,0,0,0,liver_without_reference
blurry,20260501_135548_PACIENTE 003_202605020018-converted.mp4,88,0.7,1,1,0.4837131572223781,1,0,0,0,0,,0,,0,0,0,0,liver_without_reference
blurry,20260501_135548_PACIENTE 003_202605020018-converted.mp4,88,0.8,1,1,0.47618967624343267,1,0,0,0,0,,0,,0,0,0,0,liver_without_reference
blurry,20260501_135548_PACIENTE 003_202605020018-converted.mp4,88,0.9,1,1,0.4504911483727418,1,0,0,0,0,,0,,0,0,0,0,liver_without_reference
blurry,20260501_135548_PACIENTE 003_202605020018-converted.mp4,89,0.1,1,1,0.51503768740164,1,0,0,0,0,,0,,0,0,0,0,liver_without_reference
blurry,20260501_135548_PACIENTE 003_202605020018-converted.mp4,89,0.2,1,1,0.5075583811185905,1,0,0,0,0,,0,,0,0,0,0,liver_without_reference
blurry,20260501_135548_PACIENTE 003_202605020018-converted.mp4,89,0.3,1,1,0.5025393822989014,1,0,0,0,0,,0,,0,0,0,0,liver_without_reference
blurry,20260501_135548_PACIENTE 003_202605020018-converted.mp4,89,0.4,1,1,0.49766554985793027,1,0,0,0,0,,0,,0,0,0,0,liver_without_reference
blurry,20260501_135548_PACIENTE 003_202605020018-converted.mp4,89,0.5,1,1,0.4930308713394845,1,0,0,0,0,,0,,0,0,0,0,liver_without_reference
blurry,20260501_135548_PACIENTE 003_202605020018-converted.mp4,89,0.6,1,1,0.4883304687467329,1,0,0,0,0,,0,,0,0,0,0,liver_without_reference
blurry,20260501_135548_PACIENTE 003_202605020018-converted.mp4,89,0.7,1,1,0.48271558403484527,1,0,0,0,0,,0,,0,0,0,0,liver_without_reference
blurry,20260501_135548_PACIENTE 003_202605020018-converted.mp4,89,0.8,1,1,0.47460296130814905,1,0,0,0,0,,0,,0,0,0,0,liver_without_reference
blurry,20260501_135548_PACIENTE 003_202605020018-converted.mp4,89,0.9,1,1,0.4485074752650475,1,0,0,0,0,,0,,0,0,0,0,liver_without_reference
blurry,20260501_135548_PACIENTE 003_202605020018-converted.mp4,90,0.1,1,1,0.5146757339937793,1,0,0,0,0,,0,,0,0,0,0,liver_without_reference
blurry,20260501_135548_PACIENTE 003_202605020018-converted.mp4,90,0.2,1,1,0.5070821058929603,1,0,0,0,0,,0,,0,0,0,0,liver_without_reference
blurry,20260501_135548_PACIENTE 003_202605020018-converted.mp4,90,0.3,1,1,0.502106118367602,1,0,0,0,0,,0,,0,0,0,0,liver_without_reference
blurry,20260501_135548_PACIENTE 003_202605020018-converted.mp4,90,0.4,1,1,0.49717323186174495,1,0,0,0,0,,0,,0,0,0,0,liver_without_reference
blurry,20260501_135548_PACIENTE 003_202605020018-converted.mp4,90,0.5,1,1,0.49270713247456266,1,0,0,0,0,,0,,0,0,0,0,liver_without_reference
blurry,20260501_135548_PACIENTE 003_202605020018-converted.mp4,90,0.6,1,1,0.4880088652852991,1,0,0,0,0,,0,,0,0,0,0,liver_without_reference
blurry,20260501_135548_PACIENTE 003_202605020018-converted.mp4,90,0.7,1,1,0.48223828589616874,1,0,0,0,0,,0,,0,0,0,0,liver_without_reference
blurry,20260501_135548_PACIENTE 003_202605020018-converted.mp4,90,0.8,1,1,0.4741339850754417,1,0,0,0,0,,0,,0,0,0,0,liver_without_reference
blurry,20260501_135548_PACIENTE 003_202605020018-converted.mp4,90,0.9,1,1,0.4484988939218371,1,0,0,0,0,,0,,0,0,0,0,liver_without_reference
blurry,20260501_135548_PACIENTE 003_202605020018-converted.mp4,91,0.1,1,1,0.5142467841198055,1,8,8,0,0,6.183395103015818,1,4.374455601885854,1,1,0,0,liver_without_reference
blurry,20260501_135548_PACIENTE 003_202605020018-converted.mp4,91,0.2,1,1,0.5067229544434657,1,1,0,0,0,,0,,0,0,0,0,liver_without_reference
blurry,20260501_135548_PACIENTE 003_202605020018-converted.mp4,91,0.3,1,1,0.5017852009548847,1,0,0,0,0,,0,,0,0,0,0,liver_without_reference
blurry,20260501_135548_PACIENTE 003_202605020018-converted.mp4,91,0.4,1,1,0.4969272169722761,1,0,0,0,0,,0,,0,0,0,0,liver_without_reference
blurry,20260501_135548_PACIENTE 003_202605020018-converted.mp4,91,0.5,1,1,0.4925194219363462,1,0,0,0,0,,0,,0,0,0,0,liver_without_reference
blurry,20260501_135548_PACIENTE 003_202605020018-converted.mp4,91,0.6,1,1,0.48776204037083964,1,0,0,0,0,,0,,0,0,0,0,liver_without_reference
blurry,20260501_135548_PACIENTE 003_202605020018-converted.mp4,91,0.7,1,1,0.48199254575149714,1,0,0,0,0,,0,,0,0,0,0,liver_without_reference
blurry,20260501_135548_PACIENTE 003_202605020018-converted.mp4,91,0.8,1,1,0.47294936719491404,1,0,0,0,0,,0,,0,0,0,0,liver_without_reference
blurry,20260501_135548_PACIENTE 003_202605020018-converted.mp4,91,0.9,1,1,0.4467206552790582,1,0,0,0,0,,0,,0,0,0,0,liver_without_reference
blurry,20260501_135548_PACIENTE 003_202605020018-converted.mp4,92,0.1,1,1,0.5140385101245428,1,10,10,0,0,6.8,1,4.355752066175826,1,1,0,0,liver_without_reference
blurry,20260501_135548_PACIENTE 003_202605020018-converted.mp4,92,0.2,1,1,0.5065468794800726,1,6,0,0,0,,0,,0,0,0,0,liver_without_reference
blurry,20260501_135548_PACIENTE 003_202605020018-converted.mp4,92,0.3,1,1,0.5015374103177315,1,1,0,0,0,,0,,0,0,0,0,liver_without_reference
blurry,20260501_135548_PACIENTE 003_202605020018-converted.mp4,92,0.4,1,1,0.49681220375191937,1,0,0,0,0,,0,,0,0,0,0,liver_without_reference
blurry,20260501_135548_PACIENTE 003_202605020018-converted.mp4,92,0.5,1,1,0.4923977243297884,1,0,0,0,0,,0,,0,0,0,0,liver_without_reference
blurry,20260501_135548_PACIENTE 003_202605020018-converted.mp4,92,0.6,1,1,0.48765473402475745,1,0,0,0,0,,0,,0,0,0,0,liver_without_reference
blurry,20260501_135548_PACIENTE 003_202605020018-converted.mp4,92,0.7,1,1,0.4818633753680305,1,0,0,0,0,,0,,0,0,0,0,liver_without_reference
blurry,20260501_135548_PACIENTE 003_202605020018-converted.mp4,92,0.8,1,1,0.47299788753984484,1,0,0,0,0,,0,,0,0,0,0,liver_without_reference
blurry,20260501_135548_PACIENTE 003_202605020018-converted.mp4,92,0.9,1,1,0.44655182585098224,1,0,0,0,0,,0,,0,0,0,0,liver_without_reference
blurry,20260501_135548_PACIENTE 003_202605020018-converted.mp4,93,0.1,1,1,0.5138357435107422,1,9,9,0,0,6.182412330330469,1,4.389261581697635,1,1,0,0,liver_without_reference
blurry,20260501_135548_PACIENTE 003_202605020018-converted.mp4,93,0.2,1,1,0.506384181025707,1,3,0,0,0,,0,,0,0,0,0,liver_without_reference
blurry,20260501_135548_PACIENTE 003_202605020018-converted.mp4,93,0.3,1,1,0.5014351834493561,1,0,0,0,0,,0,,0,0,0,0,liver_without_reference
blurry,20260501_135548_PACIENTE 003_202605020018-converted.mp4,93,0.4,1,1,0.4965038466031407,1,0,0,0,0,,0,,0,0,0,0,liver_without_reference
blurry,20260501_135548_PACIENTE 003_202605020018-converted.mp4,93,0.5,1,1,0.49210399916466535,1,0,0,0,0,,0,,0,0,0,0,liver_without_reference
blurry,20260501_135548_PACIENTE 003_202605020018-converted.mp4,93,0.6,1,1,0.4872701881143822,1,0,0,0,0,,0,,0,0,0,0,liver_without_reference
blurry,20260501_135548_PACIENTE 003_202605020018-converted.mp4,93,0.7,1,1,0.48145309882747067,1,0,0,0,0,,0,,0,0,0,0,liver_without_reference
blurry,20260501_135548_PACIENTE 003_202605020018-converted.mp4,93,0.8,1,1,0.4722412352345879,1,0,0,0,0,,0,,0,0,0,0,liver_without_reference
blurry,20260501_135548_PACIENTE 003_202605020018-converted.mp4,93,0.9,1,1,0.44540789240842327,1,0,0,0,0,,0,,0,0,0,0,liver_without_reference
blurry,20260501_135548_PACIENTE 003_202605020018-converted.mp4,94,0.1,1,1,0.5134743432603438,1,8,8,0,0,5.23061898822692,1,4.308219885016335,1,1,0,0,liver_without_reference
blurry,20260501_135548_PACIENTE 003_202605020018-converted.mp4,94,0.2,1,1,0.5060016702467561,1,2,0,0,0,,0,,0,0,0,0,liver_without_reference
blurry,20260501_135548_PACIENTE 003_202605020018-converted.mp4,94,0.3,1,1,0.5008977034620944,1,0,0,0,0,,0,,0,0,0,0,liver_without_reference
blurry,20260501_135548_PACIENTE 003_202605020018-converted.mp4,94,0.4,1,1,0.4959200360438534,1,0,0,0,0,,0,,0,0,0,0,liver_without_reference
blurry,20260501_135548_PACIENTE 003_202605020018-converted.mp4,94,0.5,1,1,0.49139907538494304,1,0,0,0,0,,0,,0,0,0,0,liver_without_reference
blurry,20260501_135548_PACIENTE 003_202605020018-converted.mp4,94,0.6,1,1,0.4864772195089316,1,0,0,0,0,,0,,0,0,0,0,liver_without_reference
blurry,20260501_135548_PACIENTE 003_202605020018-converted.mp4,94,0.7,1,1,0.480272855180731,1,0,0,0,0,,0,,0,0,0,0,liver_without_reference
blurry,20260501_135548_PACIENTE 003_202605020018-converted.mp4,94,0.8,1,1,0.4705497052451252,1,0,0,0,0,,0,,0,0,0,0,liver_without_reference
blurry,20260501_135548_PACIENTE 003_202605020018-converted.mp4,94,0.9,1,1,0.4455702922242071,1,0,0,0,0,,0,,0,0,0,0,liver_without_reference
blurry,20260501_135548_PACIENTE 003_202605020018-converted.mp4,95,0.1,1,1,0.5137391304347826,1,1,0,0,0,,0,,0,0,0,0,liver_without_reference
blurry,20260501_135548_PACIENTE 003_202605020018-converted.mp4,95,0.2,1,1,0.5062131541884262,1,0,0,0,0,,0,,0,0,0,0,liver_without_reference
blurry,20260501_135548_PACIENTE 003_202605020018-converted.mp4,95,0.3,1,1,0.501126787551601,1,0,0,0,0,,0,,0,0,0,0,liver_without_reference
blurry,20260501_135548_PACIENTE 003_202605020018-converted.mp4,95,0.4,1,1,0.4961161727406221,1,0,0,0,0,,0,,0,0,0,0,liver_without_reference
blurry,20260501_135548_PACIENTE 003_202605020018-converted.mp4,95,0.5,1,1,0.49158728634129434,1,0,0,0,0,,0,,0,0,0,0,liver_without_reference
blurry,20260501_135548_PACIENTE 003_202605020018-converted.mp4,95,0.6,1,1,0.48663644954381624,1,0,0,0,0,,0,,0,0,0,0,liver_without_reference
blurry,20260501_135548_PACIENTE 003_202605020018-converted.mp4,95,0.7,1,1,0.48024605025689554,1,0,0,0,0,,0,,0,0,0,0,liver_without_reference
blurry,20260501_135548_PACIENTE 003_202605020018-converted.mp4,95,0.8,1,1,0.4698732455274859,1,0,0,0,0,,0,,0,0,0,0,liver_without_reference
blurry,20260501_135548_PACIENTE 003_202605020018-converted.mp4,95,0.9,1,1,0.446745138350578,1,0,0,0,0,,0,,0,0,0,0,liver_without_reference
blurry,20260501_135548_PACIENTE 003_202605020018-converted.mp4,96,0.1,1,1,0.514212004008514,1,0,0,0,0,,0,,0,0,0,0,liver_without_reference
blurry,20260501_135548_PACIENTE 003_202605020018-converted.mp4,96,0.2,1,1,0.5066309360588309,1,0,0,0,0,,0,,0,0,0,0,liver_without_reference
blurry,20260501_135548_PACIENTE 003_202605020018-converted.mp4,96,0.3,1,1,0.5014830367259882,1,0,0,0,0,,0,,0,0,0,0,liver_without_reference
blurry,20260501_135548_PACIENTE 003_202605020018-converted.mp4,96,0.4,1,1,0.4964935774687843,1,0,0,0,0,,0,,0,0,0,0,liver_without_reference
blurry,20260501_135548_PACIENTE 003_202605020018-converted.mp4,96,0.5,1,1,0.49191480476091043,1,0,0,0,0,,0,,0,0,0,0,liver_without_reference
blurry,20260501_135548_PACIENTE 003_202605020018-converted.mp4,96,0.6,1,1,0.4868656541665273,1,0,0,0,0,,0,,0,0,0,0,liver_without_reference
blurry,20260501_135548_PACIENTE 003_202605020018-converted.mp4,96,0.7,1,1,0.4805626630596374,1,0,0,0,0,,0,,0,0,0,0,liver_without_reference
blurry,20260501_135548_PACIENTE 003_202605020018-converted.mp4,96,0.8,1,1,0.4700695354227552,1,0,0,0,0,,0,,0,0,0,0,liver_without_reference
blurry,20260501_135548_PACIENTE 003_202605020018-converted.mp4,96,0.9,1,1,0.4474916049767636,1,0,0,0,0,,0,,0,0,0,0,liver_without_reference
blurry,20260501_135548_PACIENTE 003_202605020018-converted.mp4,97,0.1,1,1,0.5142044395861024,1,0,0,0,0,,0,,0,0,0,0,liver_without_reference
blurry,20260501_135548_PACIENTE 003_202605020018-converted.mp4,97,0.2,1,1,0.5065282503126,1,0,0,0,0,,0,,0,0,0,0,liver_without_reference
blurry,20260501_135548_PACIENTE 003_202605020018-converted.mp4,97,0.3,1,1,0.5014287261427727,1,0,0,0,0,,0,,0,0,0,0,liver_without_reference
blurry,20260501_135548_PACIENTE 003_202605020018-converted.mp4,97,0.4,1,1,0.4963979860424566,1,0,0,0,0,,0,,0,0,0,0,liver_without_reference
blurry,20260501_135548_PACIENTE 003_202605020018-converted.mp4,97,0.5,1,1,0.4918950744099815,1,0,0,0,0,,0,,0,0,0,0,liver_without_reference
blurry,20260501_135548_PACIENTE 003_202605020018-converted.mp4,97,0.6,1,1,0.4868385845207037,1,0,0,0,0,,0,,0,0,0,0,liver_without_reference
blurry,20260501_135548_PACIENTE 003_202605020018-converted.mp4,97,0.7,1,1,0.4804928905190172,1,0,0,0,0,,0,,0,0,0,0,liver_without_reference
blurry,20260501_135548_PACIENTE 003_202605020018-converted.mp4,97,0.8,1,1,0.4700130980168259,1,0,0,0,0,,0,,0,0,0,0,liver_without_reference
blurry,20260501_135548_PACIENTE 003_202605020018-converted.mp4,97,0.9,1,1,0.4469987067204199,1,0,0,0,0,,0,,0,0,0,0,liver_without_reference
blurry,20260501_135548_PACIENTE 003_202605020018-converted.mp4,98,0.1,1,1,0.5141527210081458,1,7,0,0,0,,0,,0,0,0,0,liver_without_reference
blurry,20260501_135548_PACIENTE 003_202605020018-converted.mp4,98,0.2,1,1,0.5065460634288824,1,0,0,0,0,,0,,0,0,0,0,liver_without_reference
blurry,20260501_135548_PACIENTE 003_202605020018-converted.mp4,98,0.3,1,1,0.501462365949788,1,0,0,0,0,,0,,0,0,0,0,liver_without_reference
blurry,20260501_135548_PACIENTE 003_202605020018-converted.mp4,98,0.4,1,1,0.4964308511304043,1,0,0,0,0,,0,,0,0,0,0,liver_without_reference
blurry,20260501_135548_PACIENTE 003_202605020018-converted.mp4,98,0.5,1,1,0.4919059114411487,1,0,0,0,0,,0,,0,0,0,0,liver_without_reference
blurry,20260501_135548_PACIENTE 003_202605020018-converted.mp4,98,0.6,1,1,0.48684067473426273,1,0,0,0,0,,0,,0,0,0,0,liver_without_reference
blurry,20260501_135548_PACIENTE 003_202605020018-converted.mp4,98,0.7,1,1,0.4805909399261325,1,0,0,0,0,,0,,0,0,0,0,liver_without_reference
blurry,20260501_135548_PACIENTE 003_202605020018-converted.mp4,98,0.8,1,1,0.47097329526368825,1,0,0,0,0,,0,,0,0,0,0,liver_without_reference
blurry,20260501_135548_PACIENTE 003_202605020018-converted.mp4,98,0.9,1,1,0.44616298568334833,1,0,0,0,0,,0,,0,0,0,0,liver_without_reference
blurry,20260501_135548_PACIENTE 003_202605020018-converted.mp4,99,0.1,1,1,0.5144405976676385,1,36,19,0,0,1.5326547135327409,1,3.69009722457915,1,0,0,0,liver_without_reference
blurry,20260501_135548_PACIENTE 003_202605020018-converted.mp4,99,0.2,1,1,0.5069157931037348,1,17,11,0,0,5.564052272036129,1,4.318878460313849,1,1,0,0,liver_without_reference
blurry,20260501_135548_PACIENTE 003_202605020018-converted.mp4,99,0.3,1,1,0.5019352150817623,1,8,8,0,0,4.55521678957215,1,4.230394224917737,1,1,0,0,liver_without_reference
blurry,20260501_135548_PACIENTE 003_202605020018-converted.mp4,99,0.4,1,1,0.49690239089532373,1,3,0,0,0,,0,,0,0,0,0,liver_without_reference
blurry,20260501_135548_PACIENTE 003_202605020018-converted.mp4,99,0.5,1,1,0.4924030437942181,1,0,0,0,0,,0,,0,0,0,0,liver_without_reference
blurry,20260501_135548_PACIENTE 003_202605020018-converted.mp4,99,0.6,1,1,0.4875035020301321,1,0,0,0,0,,0,,0,0,0,0,liver_without_reference
blurry,20260501_135548_PACIENTE 003_202605020018-converted.mp4,99,0.7,1,1,0.4814323163122587,1,0,0,0,0,,0,,0,0,0,0,liver_without_reference
blurry,20260501_135548_PACIENTE 003_202605020018-converted.mp4,99,0.8,1,1,0.472134864484706,1,0,0,0,0,,0,,0,0,0,0,liver_without_reference
blurry,20260501_135548_PACIENTE 003_202605020018-converted.mp4,99,0.9,1,1,0.44642661520700433,1,0,0,0,0,,0,,0,0,0,0,liver_without_reference
blurry,20260501_135548_PACIENTE 003_202605020018-converted.mp4,100,0.1,1,1,0.5143206245987533,1,17,12,0,0,6.331139971074193,1,4.334824498293039,1,1,0,0,liver_without_reference
blurry,20260501_135548_PACIENTE 003_202605020018-converted.mp4,100,0.2,1,1,0.5068522181407177,1,7,0,0,0,,0,,0,0,0,0,liver_without_reference
blurry,20260501_135548_PACIENTE 003_202605020018-converted.mp4,100,0.3,1,1,0.5018646532578305,1,2,0,0,0,,0,,0,0,0,0,liver_without_reference
blurry,20260501_135548_PACIENTE 003_202605020018-converted.mp4,100,0.4,1,1,0.4968978566630367,1,0,0,0,0,,0,,0,0,0,0,liver_without_reference
blurry,20260501_135548_PACIENTE 003_202605020018-converted.mp4,100,0.5,1,1,0.4925418022481109,1,0,0,0,0,,0,,0,0,0,0,liver_without_reference
blurry,20260501_135548_PACIENTE 003_202605020018-converted.mp4,100,0.6,1,1,0.48774286359492486,1,0,0,0,0,,0,,0,0,0,0,liver_without_reference
blurry,20260501_135548_PACIENTE 003_202605020018-converted.mp4,100,0.7,1,1,0.4819468351991691,1,0,0,0,0,,0,,0,0,0,0,liver_without_reference
blurry,20260501_135548_PACIENTE 003_202605020018-converted.mp4,100,0.8,1,1,0.4736899567903049,1,0,0,0,0,,0,,0,0,0,0,liver_without_reference
blurry,20260501_135548_PACIENTE 003_202605020018-converted.mp4,100,0.9,1,1,0.4500819641043578,1,0,0,0,0,,0,,0,0,0,0,liver_without_reference
